# Procedural seed projectile
o Seed
v 0.000000 0.000000 -0.074000
v 0.001580 0.000000 -0.073879
v 0.001574 0.000138 -0.073879
v 0.001556 0.000274 -0.073879
v 0.001526 0.000409 -0.073879
v 0.001484 0.000540 -0.073879
v 0.001431 0.000667 -0.073879
v 0.001368 0.000790 -0.073879
v 0.001294 0.000906 -0.073879
v 0.001210 0.001015 -0.073879
v 0.001117 0.001117 -0.073879
v 0.001015 0.001210 -0.073879
v 0.000906 0.001294 -0.073879
v 0.000790 0.001367 -0.073879
v 0.000667 0.001431 -0.073879
v 0.000540 0.001484 -0.073879
v 0.000409 0.001526 -0.073879
v 0.000274 0.001556 -0.073879
v 0.000138 0.001574 -0.073879
v 0.000000 0.001580 -0.073879
v -0.000138 0.001573 -0.073879
v -0.000274 0.001555 -0.073879
v -0.000409 0.001525 -0.073879
v -0.000540 0.001484 -0.073879
v -0.000668 0.001432 -0.073879
v -0.000790 0.001368 -0.073879
v -0.000906 0.001294 -0.073879
v -0.001016 0.001210 -0.073879
v -0.001117 0.001117 -0.073879
v -0.001210 0.001015 -0.073879
v -0.001294 0.000906 -0.073879
v -0.001368 0.000790 -0.073879
v -0.001431 0.000667 -0.073879
v -0.001484 0.000540 -0.073879
v -0.001526 0.000409 -0.073879
v -0.001556 0.000274 -0.073879
v -0.001574 0.000138 -0.073879
v -0.001580 0.000000 -0.073879
v -0.001573 -0.000138 -0.073879
v -0.001555 -0.000274 -0.073879
v -0.001525 -0.000409 -0.073879
v -0.001484 -0.000540 -0.073879
v -0.001431 -0.000667 -0.073879
v -0.001368 -0.000790 -0.073879
v -0.001294 -0.000906 -0.073879
v -0.001210 -0.001015 -0.073879
v -0.001117 -0.001117 -0.073879
v -0.001015 -0.001210 -0.073879
v -0.000906 -0.001294 -0.073879
v -0.000790 -0.001367 -0.073879
v -0.000667 -0.001431 -0.073879
v -0.000540 -0.001484 -0.073879
v -0.000409 -0.001526 -0.073879
v -0.000274 -0.001556 -0.073879
v -0.000138 -0.001574 -0.073879
v -0.000000 -0.001579 -0.073879
v 0.000138 -0.001573 -0.073879
v 0.000274 -0.001555 -0.073879
v 0.000409 -0.001525 -0.073879
v 0.000540 -0.001484 -0.073879
v 0.000668 -0.001432 -0.073879
v 0.000790 -0.001368 -0.073879
v 0.000906 -0.001294 -0.073879
v 0.001015 -0.001210 -0.073879
v 0.001117 -0.001117 -0.073879
v 0.001210 -0.001015 -0.073879
v 0.001294 -0.000906 -0.073879
v 0.001368 -0.000790 -0.073879
v 0.001432 -0.000668 -0.073879
v 0.001484 -0.000540 -0.073879
v 0.001525 -0.000409 -0.073879
v 0.001555 -0.000274 -0.073879
v 0.001573 -0.000138 -0.073879
v 0.003147 0.000000 -0.073516
v 0.003136 0.000274 -0.073516
v 0.003100 0.000547 -0.073516
v 0.003040 0.000815 -0.073516
v 0.002955 0.001076 -0.073516
v 0.002849 0.001329 -0.073516
v 0.002723 0.001572 -0.073516
v 0.002576 0.001804 -0.073516
v 0.002411 0.002023 -0.073516
v 0.002226 0.002226 -0.073516
v 0.002023 0.002411 -0.073516
v 0.001804 0.002576 -0.073516
v 0.001572 0.002722 -0.073516
v 0.001328 0.002849 -0.073516
v 0.001075 0.002955 -0.073516
v 0.000815 0.003040 -0.073516
v 0.000547 0.003100 -0.073516
v 0.000274 0.003136 -0.073516
v 0.000000 0.003147 -0.073516
v -0.000274 0.003133 -0.073516
v -0.000546 0.003096 -0.073516
v -0.000814 0.003037 -0.073516
v -0.001076 0.002955 -0.073516
v -0.001330 0.002853 -0.073516
v -0.001574 0.002727 -0.073516
v -0.001806 0.002579 -0.073516
v -0.002024 0.002412 -0.073516
v -0.002225 0.002225 -0.073516
v -0.002409 0.002022 -0.073516
v -0.002576 0.001803 -0.073516
v -0.002723 0.001572 -0.073516
v -0.002850 0.001329 -0.073516
v -0.002956 0.001076 -0.073516
v -0.003040 0.000815 -0.073516
v -0.003100 0.000547 -0.073516
v -0.003136 0.000274 -0.073516
v -0.003147 0.000000 -0.073516
v -0.003133 -0.000274 -0.073516
v -0.003096 -0.000546 -0.073516
v -0.003036 -0.000814 -0.073516
v -0.002954 -0.001075 -0.073516
v -0.002850 -0.001329 -0.073516
v -0.002725 -0.001573 -0.073516
v -0.002578 -0.001805 -0.073516
v -0.002411 -0.002023 -0.073516
v -0.002226 -0.002226 -0.073516
v -0.002022 -0.002410 -0.073516
v -0.001803 -0.002575 -0.073516
v -0.001572 -0.002722 -0.073516
v -0.001329 -0.002849 -0.073516
v -0.001076 -0.002957 -0.073516
v -0.000815 -0.003041 -0.073516
v -0.000547 -0.003100 -0.073516
v -0.000274 -0.003135 -0.073516
v -0.000000 -0.003144 -0.073516
v 0.000274 -0.003131 -0.073516
v 0.000546 -0.003096 -0.073516
v 0.000814 -0.003037 -0.073516
v 0.001076 -0.002957 -0.073516
v 0.001330 -0.002853 -0.073516
v 0.001574 -0.002726 -0.073516
v 0.001804 -0.002577 -0.073516
v 0.002021 -0.002408 -0.073516
v 0.002223 -0.002223 -0.073516
v 0.002409 -0.002021 -0.073516
v 0.002578 -0.001805 -0.073516
v 0.002727 -0.001574 -0.073516
v 0.002853 -0.001330 -0.073516
v 0.002957 -0.001076 -0.073516
v 0.003037 -0.000814 -0.073516
v 0.003096 -0.000546 -0.073516
v 0.003132 -0.000274 -0.073516
v 0.004690 0.000000 -0.072912
v 0.004675 0.000409 -0.072912
v 0.004621 0.000815 -0.072912
v 0.004530 0.001214 -0.072912
v 0.004401 0.001602 -0.072912
v 0.004242 0.001978 -0.072912
v 0.004054 0.002340 -0.072912
v 0.003836 0.002686 -0.072912
v 0.003593 0.003015 -0.072912
v 0.003318 0.003318 -0.072912
v 0.003015 0.003593 -0.072912
v 0.002687 0.003837 -0.072912
v 0.002340 0.004052 -0.072912
v 0.001978 0.004241 -0.072912
v 0.001601 0.004400 -0.072912
v 0.001214 0.004531 -0.072912
v 0.000815 0.004622 -0.072912
v 0.000409 0.004676 -0.072912
v 0.000000 0.004690 -0.072912
v -0.000408 0.004665 -0.072912
v -0.000813 0.004609 -0.072912
v -0.001211 0.004521 -0.072912
v -0.001602 0.004401 -0.072912
v -0.001982 0.004251 -0.072912
v -0.002347 0.004065 -0.072912
v -0.002693 0.003846 -0.072912
v -0.003017 0.003596 -0.072912
v -0.003317 0.003317 -0.072912
v -0.003588 0.003011 -0.072912
v -0.003835 0.002685 -0.072912
v -0.004054 0.002341 -0.072912
v -0.004244 0.001979 -0.072912
v -0.004403 0.001603 -0.072912
v -0.004531 0.001214 -0.072912
v -0.004621 0.000815 -0.072912
v -0.004674 0.000409 -0.072912
v -0.004689 0.000000 -0.072912
v -0.004665 -0.000408 -0.072912
v -0.004609 -0.000813 -0.072912
v -0.004520 -0.001211 -0.072912
v -0.004397 -0.001601 -0.072912
v -0.004243 -0.001979 -0.072912
v -0.004060 -0.002344 -0.072912
v -0.003843 -0.002691 -0.072912
v -0.003594 -0.003016 -0.072912
v -0.003317 -0.003317 -0.072912
v -0.003013 -0.003591 -0.072912
v -0.002685 -0.003834 -0.072912
v -0.002340 -0.004052 -0.072912
v -0.001978 -0.004243 -0.072912
v -0.001604 -0.004406 -0.072912
v -0.001215 -0.004533 -0.072912
v -0.000815 -0.004621 -0.072912
v -0.000409 -0.004672 -0.072912
v -0.000000 -0.004682 -0.072912
v 0.000408 -0.004662 -0.072912
v 0.000813 -0.004609 -0.072912
v 0.001212 -0.004523 -0.072912
v 0.001604 -0.004408 -0.072912
v 0.001983 -0.004252 -0.072912
v 0.002345 -0.004062 -0.072912
v 0.002688 -0.003839 -0.072912
v 0.003009 -0.003586 -0.072912
v 0.003310 -0.003310 -0.072912
v 0.003587 -0.003010 -0.072912
v 0.003843 -0.002691 -0.072912
v 0.004065 -0.002347 -0.072912
v 0.004253 -0.001983 -0.072912
v 0.004405 -0.001603 -0.072912
v 0.004522 -0.001212 -0.072912
v 0.004609 -0.000813 -0.072912
v 0.004664 -0.000408 -0.072912
v 0.006195 0.000000 -0.072069
v 0.006177 0.000540 -0.072069
v 0.006107 0.001077 -0.072069
v 0.005985 0.001604 -0.072069
v 0.005808 0.002114 -0.072069
v 0.005597 0.002610 -0.072069
v 0.005349 0.003088 -0.072069
v 0.005064 0.003546 -0.072069
v 0.004747 0.003983 -0.072069
v 0.004384 0.004384 -0.072069
v 0.003983 0.004747 -0.072069
v 0.003547 0.005065 -0.072069
v 0.003087 0.005347 -0.072069
v 0.002609 0.005595 -0.072069
v 0.002114 0.005807 -0.072069
v 0.001604 0.005986 -0.072069
v 0.001077 0.006108 -0.072069
v 0.000541 0.006179 -0.072069
v 0.000000 0.006196 -0.072069
v -0.000539 0.006157 -0.072069
v -0.001072 0.006082 -0.072069
v -0.001598 0.005965 -0.072069
v -0.002114 0.005809 -0.072069
v -0.002619 0.005616 -0.072069
v -0.003101 0.005372 -0.072069
v -0.003559 0.005083 -0.072069
v -0.003987 0.004752 -0.072069
v -0.004382 0.004382 -0.072069
v -0.004737 0.003975 -0.072069
v -0.005061 0.003544 -0.072069
v -0.005349 0.003088 -0.072069
v -0.005600 0.002611 -0.072069
v -0.005812 0.002116 -0.072069
v -0.005986 0.001604 -0.072069
v -0.006107 0.001077 -0.072069
v -0.006176 0.000540 -0.072069
v -0.006195 0.000000 -0.072069
v -0.006158 -0.000539 -0.072069
v -0.006080 -0.001072 -0.072069
v -0.005962 -0.001598 -0.072069
v -0.005802 -0.002112 -0.072069
v -0.005600 -0.002611 -0.072069
v -0.005363 -0.003096 -0.072069
v -0.005077 -0.003555 -0.072069
v -0.004750 -0.003985 -0.072069
v -0.004383 -0.004383 -0.072069
v -0.003979 -0.004742 -0.072069
v -0.003543 -0.005059 -0.072069
v -0.003086 -0.005346 -0.072069
v -0.002610 -0.005598 -0.072069
v -0.002118 -0.005819 -0.072069
v -0.001605 -0.005989 -0.072069
v -0.001077 -0.006107 -0.072069
v -0.000540 -0.006172 -0.072069
v -0.000000 -0.006180 -0.072069
v 0.000538 -0.006150 -0.072069
v 0.001072 -0.006080 -0.072069
v 0.001600 -0.005970 -0.072069
v 0.002119 -0.005823 -0.072069
v 0.002620 -0.005619 -0.072069
v 0.003099 -0.005367 -0.072069
v 0.003548 -0.005067 -0.072069
v 0.003970 -0.004731 -0.072069
v 0.004367 -0.004367 -0.072069
v 0.004735 -0.003973 -0.072069
v 0.005077 -0.003555 -0.072069
v 0.005371 -0.003101 -0.072069
v 0.005619 -0.002620 -0.072069
v 0.005816 -0.002117 -0.072069
v 0.005966 -0.001599 -0.072069
v 0.006080 -0.001072 -0.072069
v 0.006155 -0.000539 -0.072069
v 0.007650 0.000000 -0.070991
v 0.007632 0.000668 -0.070991
v 0.007545 0.001330 -0.070991
v 0.007390 0.001980 -0.070991
v 0.007163 0.002607 -0.070991
v 0.006901 0.003218 -0.070991
v 0.006595 0.003807 -0.070991
v 0.006247 0.004375 -0.070991
v 0.005862 0.004919 -0.070991
v 0.005415 0.005415 -0.070991
v 0.004920 0.005863 -0.070991
v 0.004377 0.006250 -0.070991
v 0.003807 0.006595 -0.070991
v 0.003218 0.006900 -0.070991
v 0.002608 0.007164 -0.070991
v 0.001981 0.007393 -0.070991
v 0.001331 0.007547 -0.070991
v 0.000668 0.007634 -0.070991
v 0.000000 0.007652 -0.070991
v -0.000665 0.007595 -0.070991
v -0.001322 0.007499 -0.070991
v -0.001971 0.007356 -0.070991
v -0.002608 0.007166 -0.070991
v -0.003234 0.006935 -0.070991
v -0.003832 0.006637 -0.070991
v -0.004397 0.006280 -0.070991
v -0.004926 0.005870 -0.070991
v -0.005411 0.005411 -0.070991
v -0.005845 0.004904 -0.070991
v -0.006243 0.004371 -0.070991
v -0.006597 0.003809 -0.070991
v -0.006906 0.003221 -0.070991
v -0.007170 0.002610 -0.070991
v -0.007392 0.001981 -0.070991
v -0.007543 0.001330 -0.070991
v -0.007629 0.000667 -0.070991
v -0.007652 0.000000 -0.070991
v -0.007598 -0.000665 -0.070991
v -0.007498 -0.001322 -0.070991
v -0.007351 -0.001970 -0.070991
v -0.007154 -0.002604 -0.070991
v -0.006908 -0.003221 -0.070991
v -0.006621 -0.003823 -0.070991
v -0.006272 -0.004392 -0.070991
v -0.005868 -0.004924 -0.070991
v -0.005413 -0.005413 -0.070991
v -0.004912 -0.005854 -0.070991
v -0.004369 -0.006240 -0.070991
v -0.003806 -0.006592 -0.070991
v -0.003219 -0.006904 -0.070991
v -0.002614 -0.007183 -0.070991
v -0.001982 -0.007398 -0.070991
v -0.001330 -0.007545 -0.070991
v -0.000667 -0.007622 -0.070991
v -0.000000 -0.007624 -0.070991
v 0.000663 -0.007583 -0.070991
v 0.001322 -0.007498 -0.070991
v 0.001974 -0.007366 -0.070991
v 0.002617 -0.007191 -0.070991
v 0.003237 -0.006941 -0.070991
v 0.003828 -0.006630 -0.070991
v 0.004378 -0.006252 -0.070991
v 0.004895 -0.005834 -0.070991
v 0.005385 -0.005385 -0.070991
v 0.005841 -0.004901 -0.070991
v 0.006270 -0.004390 -0.070991
v 0.006636 -0.003831 -0.070991
v 0.006941 -0.003237 -0.070991
v 0.007175 -0.002611 -0.070991
v 0.007356 -0.001971 -0.070991
v 0.007497 -0.001322 -0.070991
v 0.007593 -0.000664 -0.070991
v 0.009042 0.000000 -0.069679
v 0.009024 0.000789 -0.069679
v 0.008921 0.001573 -0.069679
v 0.008733 0.002340 -0.069679
v 0.008454 0.003077 -0.069679
v 0.008141 0.003796 -0.069679
v 0.007780 0.004492 -0.069679
v 0.007376 0.005164 -0.069679
v 0.006930 0.005815 -0.069679
v 0.006403 0.006403 -0.069679
v 0.005817 0.006932 -0.069679
v 0.005169 0.007382 -0.069679
v 0.004495 0.007785 -0.069679
v 0.003798 0.008144 -0.069679
v 0.003079 0.008460 -0.069679
v 0.002342 0.008740 -0.069679
v 0.001574 0.008925 -0.069679
v 0.000790 0.009027 -0.069679
v 0.000000 0.009044 -0.069679
v -0.000784 0.008966 -0.069679
v -0.001560 0.008849 -0.069679
v -0.002326 0.008679 -0.069679
v -0.003079 0.008458 -0.069679
v -0.003822 0.008196 -0.069679
v -0.004531 0.007848 -0.069679
v -0.005200 0.007427 -0.069679
v -0.005824 0.006940 -0.069679
v -0.006395 0.006395 -0.069679
v -0.006901 0.005790 -0.069679
v -0.007368 0.005159 -0.069679
v -0.007784 0.004494 -0.069679
v -0.008150 0.003800 -0.069679
v -0.008464 0.003081 -0.069679
v -0.008734 0.002340 -0.069679
v -0.008916 0.001572 -0.069679
v -0.009020 0.000789 -0.069679
v -0.009045 0.000000 -0.069679
v -0.008975 -0.000785 -0.069679
v -0.008848 -0.001560 -0.069679
v -0.008673 -0.002324 -0.069679
v -0.008444 -0.003073 -0.069679
v -0.008157 -0.003804 -0.069679
v -0.007826 -0.004518 -0.069679
v -0.007418 -0.005194 -0.069679
v -0.006940 -0.005824 -0.069679
v -0.006400 -0.006400 -0.069679
v -0.005805 -0.006918 -0.069679
v -0.005158 -0.007366 -0.069679
v -0.004491 -0.007778 -0.069679
v -0.003799 -0.008148 -0.069679
v -0.003089 -0.008486 -0.069679
v -0.002343 -0.008746 -0.069679
v -0.001573 -0.008921 -0.069679
v -0.000788 -0.009010 -0.069679
v -0.000000 -0.009001 -0.069679
v 0.000783 -0.008949 -0.069679
v 0.001560 -0.008848 -0.069679
v 0.002331 -0.008698 -0.069679
v 0.003094 -0.008500 -0.069679
v 0.003828 -0.008208 -0.069679
v 0.004527 -0.007840 -0.069679
v 0.005169 -0.007383 -0.069679
v 0.005777 -0.006885 -0.069679
v 0.006354 -0.006354 -0.069679
v 0.006896 -0.005787 -0.069679
v 0.007411 -0.005190 -0.069679
v 0.007847 -0.004530 -0.069679
v 0.008205 -0.003826 -0.069679
v 0.008470 -0.003083 -0.069679
v 0.008680 -0.002326 -0.069679
v 0.008845 -0.001560 -0.069679
v 0.008963 -0.000784 -0.069679
v 0.010356 0.000000 -0.068139
v 0.010339 0.000905 -0.068139
v 0.010220 0.001802 -0.068139
v 0.009999 0.002679 -0.068139
v 0.009668 0.003519 -0.068139
v 0.009306 0.004339 -0.068139
v 0.008892 0.005134 -0.068139
v 0.008436 0.005907 -0.068139
v 0.007937 0.006660 -0.068139
v 0.007337 0.007337 -0.068139
v 0.006666 0.007944 -0.068139
v 0.005918 0.008452 -0.068139
v 0.005142 0.008906 -0.068139
v 0.004344 0.009316 -0.068139
v 0.003523 0.009680 -0.068139
v 0.002683 0.010015 -0.068139
v 0.001804 0.010230 -0.068139
v 0.000905 0.010346 -0.068139
v 0.000000 0.010359 -0.068139
v -0.000897 0.010258 -0.068139
v -0.001784 0.010120 -0.068139
v -0.002659 0.009923 -0.068139
v -0.003521 0.009673 -0.068139
v -0.004377 0.009385 -0.068139
v -0.005193 0.008995 -0.068139
v -0.005959 0.008511 -0.068139
v -0.006671 0.007950 -0.068139
v -0.007322 0.007322 -0.068139
v -0.007892 0.006622 -0.068139
v -0.008423 0.005898 -0.068139
v -0.008898 0.005138 -0.068139
v -0.009319 0.004345 -0.068139
v -0.009680 0.003523 -0.068139
v -0.010000 0.002679 -0.068139
v -0.010214 0.001801 -0.068139
v -0.010335 0.000904 -0.068139
v -0.010360 0.000000 -0.068139
v -0.010277 -0.000899 -0.068139
v -0.010122 -0.001785 -0.068139
v -0.009920 -0.002658 -0.068139
v -0.009657 -0.003515 -0.068139
v -0.009334 -0.004352 -0.068139
v -0.008967 -0.005177 -0.068139
v -0.008503 -0.005954 -0.068139
v -0.007956 -0.006676 -0.068139
v -0.007335 -0.007335 -0.068139
v -0.006649 -0.007924 -0.068139
v -0.005901 -0.008427 -0.068139
v -0.005136 -0.008896 -0.068139
v -0.004346 -0.009321 -0.068139
v -0.003537 -0.009718 -0.068139
v -0.002684 -0.010017 -0.068139
v -0.001802 -0.010221 -0.068139
v -0.000903 -0.010321 -0.068139
v -0.000000 -0.010296 -0.068139
v 0.000896 -0.010236 -0.068139
v 0.001784 -0.010120 -0.068139
v 0.002667 -0.009953 -0.068139
v 0.003546 -0.009741 -0.068139
v 0.004389 -0.009411 -0.068139
v 0.005188 -0.008986 -0.068139
v 0.005916 -0.008449 -0.068139
v 0.006607 -0.007874 -0.068139
v 0.007266 -0.007266 -0.068139
v 0.007891 -0.006621 -0.068139
v 0.008491 -0.005945 -0.068139
v 0.008991 -0.005191 -0.068139
v 0.009398 -0.004382 -0.068139
v 0.009688 -0.003526 -0.068139
v 0.009923 -0.002659 -0.068139
v 0.010111 -0.001783 -0.068139
v 0.010251 -0.000897 -0.068139
v 0.011576 0.000000 -0.066375
v 0.011563 0.001012 -0.066375
v 0.011429 0.002015 -0.066375
v 0.011175 0.002994 -0.066375
v 0.010791 0.003928 -0.066375
v 0.010381 0.004841 -0.066375
v 0.009919 0.005727 -0.066375
v 0.009418 0.006594 -0.066375
v 0.008874 0.007446 -0.066375
v 0.008207 0.008207 -0.066375
v 0.007459 0.008889 -0.066375
v 0.006616 0.009449 -0.066375
v 0.005743 0.009947 -0.066375
v 0.004851 0.010402 -0.066375
v 0.003936 0.010813 -0.066375
v 0.003002 0.011203 -0.066375
v 0.002019 0.011448 -0.066375
v 0.001013 0.011576 -0.066375
v 0.000000 0.011584 -0.066375
v -0.001002 0.011457 -0.066375
v -0.001992 0.011296 -0.066375
v -0.002966 0.011071 -0.066375
v -0.003929 0.010795 -0.066375
v -0.004891 0.010488 -0.066375
v -0.005809 0.010062 -0.066375
v -0.006666 0.009519 -0.066375
v -0.007460 0.008890 -0.066375
v -0.008184 0.008184 -0.066375
v -0.008810 0.007392 -0.066375
v -0.009396 0.006579 -0.066375
v -0.009927 0.005731 -0.066375
v -0.010398 0.004849 -0.066375
v -0.010805 0.003933 -0.066375
v -0.011174 0.002994 -0.066375
v -0.011421 0.002014 -0.066375
v -0.011560 0.001011 -0.066375
v -0.011582 0.000000 -0.066375
v -0.011494 -0.001006 -0.066375
v -0.011304 -0.001993 -0.066375
v -0.011076 -0.002968 -0.066375
v -0.010780 -0.003924 -0.066375
v -0.010425 -0.004861 -0.066375
v -0.010031 -0.005792 -0.066375
v -0.009517 -0.006664 -0.066375
v -0.008904 -0.007471 -0.066375
v -0.008207 -0.008207 -0.066375
v -0.007435 -0.008861 -0.066375
v -0.006590 -0.009411 -0.066375
v -0.005733 -0.009931 -0.066375
v -0.004854 -0.010409 -0.066375
v -0.003955 -0.010865 -0.066375
v -0.003001 -0.011200 -0.066375
v -0.002016 -0.011432 -0.066375
v -0.001010 -0.011539 -0.066375
v -0.000000 -0.011494 -0.066375
v 0.001000 -0.011428 -0.066375
v 0.001993 -0.011300 -0.066375
v 0.002980 -0.011122 -0.066375
v 0.003968 -0.010902 -0.066375
v 0.004913 -0.010537 -0.066375
v 0.005806 -0.010056 -0.066375
v 0.006610 -0.009440 -0.066375
v 0.007378 -0.008792 -0.066375
v 0.008113 -0.008113 -0.066375
v 0.008816 -0.007398 -0.066375
v 0.009498 -0.006650 -0.066375
v 0.010057 -0.005807 -0.066375
v 0.010508 -0.004900 -0.066375
v 0.010816 -0.003937 -0.066375
v 0.011073 -0.002967 -0.066375
v 0.011281 -0.001989 -0.066375
v 0.011443 -0.001001 -0.066375
v 0.012697 0.000000 -0.064392
v 0.012682 0.001109 -0.064392
v 0.012531 0.002210 -0.064392
v 0.012245 0.003281 -0.064392
v 0.011806 0.004297 -0.064392
v 0.011354 0.005294 -0.064392
v 0.010853 0.006266 -0.064392
v 0.010312 0.007221 -0.064392
v 0.009732 0.008166 -0.064392
v 0.009007 0.009007 -0.064392
v 0.008186 0.009755 -0.064392
v 0.007254 0.010359 -0.064392
v 0.006289 0.010893 -0.064392
v 0.005312 0.011393 -0.064392
v 0.004311 0.011846 -0.064392
v 0.003293 0.012289 -0.064392
v 0.002215 0.012562 -0.064392
v 0.001111 0.012701 -0.064392
v 0.000000 0.012704 -0.064392
v -0.001097 0.012543 -0.064392
v -0.002179 0.012360 -0.064392
v -0.003247 0.012118 -0.064392
v -0.004301 0.011817 -0.064392
v -0.005358 0.011491 -0.064392
v -0.006369 0.011032 -0.064392
v -0.007312 0.010442 -0.064392
v -0.008184 0.009753 -0.064392
v -0.008977 0.008977 -0.064392
v -0.009650 0.008097 -0.064392
v -0.010283 0.007200 -0.064392
v -0.010857 0.006268 -0.064392
v -0.011375 0.005304 -0.064392
v -0.011823 0.004303 -0.064392
v -0.012240 0.003280 -0.064392
v -0.012517 0.002207 -0.064392
v -0.012672 0.001109 -0.064392
v -0.012698 0.000000 -0.064392
v -0.012599 -0.001102 -0.064392
v -0.012374 -0.002182 -0.064392
v -0.012117 -0.003247 -0.064392
v -0.011801 -0.004295 -0.064392
v -0.011418 -0.005325 -0.064392
v -0.010999 -0.006350 -0.064392
v -0.010443 -0.007312 -0.064392
v -0.009772 -0.008200 -0.064392
v -0.009008 -0.009008 -0.064392
v -0.008150 -0.009712 -0.064392
v -0.007212 -0.010299 -0.064392
v -0.006274 -0.010866 -0.064392
v -0.005314 -0.011395 -0.064392
v -0.004337 -0.011916 -0.064392
v -0.003294 -0.012293 -0.064392
v -0.002211 -0.012541 -0.064392
v -0.001106 -0.012646 -0.064392
v -0.000000 -0.012581 -0.064392
v 0.001094 -0.012503 -0.064392
v 0.002181 -0.012367 -0.064392
v 0.003266 -0.012187 -0.064392
v 0.004354 -0.011962 -0.064392
v 0.005392 -0.011564 -0.064392
v 0.006369 -0.011031 -0.064392
v 0.007236 -0.010334 -0.064392
v 0.008074 -0.009623 -0.064392
v 0.008883 -0.008883 -0.064392
v 0.009662 -0.008107 -0.064392
v 0.010420 -0.007297 -0.064392
v 0.011035 -0.006371 -0.064392
v 0.011524 -0.005374 -0.064392
v 0.011843 -0.004310 -0.064392
v 0.012118 -0.003247 -0.064392
v 0.012346 -0.002177 -0.064392
v 0.012530 -0.001096 -0.064392
v 0.013696 0.000000 -0.062198
v 0.013676 0.001196 -0.062198
v 0.013506 0.002381 -0.062198
v 0.013190 0.003534 -0.062198
v 0.012697 0.004621 -0.062198
v 0.012213 0.005695 -0.062198
v 0.011683 0.006745 -0.062198
v 0.011108 0.007778 -0.062198
v 0.010499 0.008810 -0.062198
v 0.009724 0.009724 -0.062198
v 0.008838 0.010532 -0.062198
v 0.007826 0.011176 -0.062198
v 0.006775 0.011734 -0.062198
v 0.005723 0.012272 -0.062198
v 0.004644 0.012760 -0.062198
v 0.003551 0.013253 -0.062198
v 0.002390 0.013553 -0.062198
v 0.001199 0.013701 -0.062198
v 0.000000 0.013700 -0.062198
v -0.001181 0.013502 -0.062198
v -0.002346 0.013302 -0.062198
v -0.003497 0.013049 -0.062198
v -0.004630 0.012721 -0.062198
v -0.005769 0.012371 -0.062198
v -0.006862 0.011886 -0.062198
v -0.007885 0.011261 -0.062198
v -0.008830 0.010523 -0.062198
v -0.009687 0.009687 -0.062198
v -0.010398 0.008725 -0.062198
v -0.011067 0.007749 -0.062198
v -0.011677 0.006742 -0.062198
v -0.012235 0.005705 -0.062198
v -0.012718 0.004629 -0.062198
v -0.013179 0.003531 -0.062198
v -0.013486 0.002378 -0.062198
v -0.013656 0.001195 -0.062198
v -0.013685 0.000000 -0.062198
v -0.013579 -0.001188 -0.062198
v -0.013322 -0.002349 -0.062198
v -0.013039 -0.003494 -0.062198
v -0.012707 -0.004625 -0.062198
v -0.012301 -0.005736 -0.062198
v -0.011860 -0.006848 -0.062198
v -0.011269 -0.007891 -0.062198
v -0.010548 -0.008851 -0.062198
v -0.009723 -0.009723 -0.062198
v -0.008781 -0.010464 -0.062198
v -0.007756 -0.011077 -0.062198
v -0.006748 -0.011687 -0.062198
v -0.005719 -0.012265 -0.062198
v -0.004679 -0.012856 -0.062198
v -0.003558 -0.013278 -0.062198
v -0.002386 -0.013530 -0.062198
v -0.001192 -0.013620 -0.062198
v -0.000000 -0.013532 -0.062198
v 0.001176 -0.013443 -0.062198
v 0.002346 -0.013305 -0.062198
v 0.003522 -0.013146 -0.062198
v 0.004697 -0.012905 -0.062198
v 0.005818 -0.012477 -0.062198
v 0.006868 -0.011896 -0.062198
v 0.007787 -0.011121 -0.062198
v 0.008689 -0.010355 -0.062198
v 0.009567 -0.009567 -0.062198
v 0.010419 -0.008742 -0.062198
v 0.011248 -0.007876 -0.062198
v 0.011910 -0.006876 -0.062198
v 0.012433 -0.005797 -0.062198
v 0.012755 -0.004642 -0.062198
v 0.013045 -0.003495 -0.062198
v 0.013289 -0.002343 -0.062198
v 0.013493 -0.001180 -0.062198
v 0.014684 0.000000 -0.059798
v 0.014672 0.001284 -0.059798
v 0.014485 0.002554 -0.059798
v 0.014134 0.003787 -0.059798
v 0.013591 0.004947 -0.059798
v 0.013077 0.006098 -0.059798
v 0.012515 0.007225 -0.059798
v 0.011905 0.008336 -0.059798
v 0.011268 0.009455 -0.059798
v 0.010441 0.010441 -0.059798
v 0.009495 0.011315 -0.059798
v 0.008417 0.012021 -0.059798
v 0.007270 0.012593 -0.059798
v 0.006132 0.013149 -0.059798
v 0.004972 0.013659 -0.059798
v 0.003804 0.014197 -0.059798
v 0.002563 0.014537 -0.059798
v 0.001286 0.014699 -0.059798
v 0.000000 0.014693 -0.059798
v -0.001267 0.014478 -0.059798
v -0.002514 0.014257 -0.059798
v -0.003745 0.013975 -0.059798
v -0.004953 0.013607 -0.059798
v -0.006158 0.013206 -0.059798
v -0.007354 0.012737 -0.059798
v -0.008456 0.012077 -0.059798
v -0.009475 0.011292 -0.059798
v -0.010397 0.010397 -0.059798
v -0.011154 0.009359 -0.059798
v -0.011859 0.008303 -0.059798
v -0.012510 0.007222 -0.059798
v -0.013095 0.006106 -0.059798
v -0.013607 0.004952 -0.059798
v -0.014113 0.003781 -0.059798
v -0.014463 0.002550 -0.059798
v -0.014653 0.001282 -0.059798
v -0.014686 0.000000 -0.059798
v -0.014558 -0.001274 -0.059798
v -0.014271 -0.002516 -0.059798
v -0.013978 -0.003745 -0.059798
v -0.013615 -0.004955 -0.059798
v -0.013185 -0.006148 -0.059798
v -0.012739 -0.007355 -0.059798
v -0.012110 -0.008480 -0.059798
v -0.011331 -0.009508 -0.059798
v -0.010435 -0.010435 -0.059798
v -0.009413 -0.011218 -0.059798
v -0.008305 -0.011861 -0.059798
v -0.007225 -0.012513 -0.059798
v -0.006125 -0.013136 -0.059798
v -0.005024 -0.013804 -0.059798
v -0.003824 -0.014270 -0.059798
v -0.002562 -0.014527 -0.059798
v -0.001276 -0.014586 -0.059798
v -0.000000 -0.014464 -0.059798
v 0.001258 -0.014383 -0.059798
v 0.002513 -0.014254 -0.059798
v 0.003789 -0.014140 -0.059798
v 0.005044 -0.013858 -0.059798
v 0.006245 -0.013392 -0.059798
v 0.007363 -0.012754 -0.059798
v 0.008336 -0.011905 -0.059798
v 0.009305 -0.011090 -0.059798
v 0.010253 -0.010253 -0.059798
v 0.011192 -0.009392 -0.059798
v 0.012089 -0.008465 -0.059798
v 0.012801 -0.007390 -0.059798
v 0.013351 -0.006226 -0.059798
v 0.013668 -0.004975 -0.059798
v 0.013962 -0.003741 -0.059798
v 0.014220 -0.002507 -0.059798
v 0.014443 -0.001264 -0.059798
v 0.020151 0.000000 -0.057201
v 0.020154 0.001763 -0.057201
v 0.019899 0.003509 -0.057201
v 0.019403 0.005199 -0.057201
v 0.018625 0.006779 -0.057201
v 0.017909 0.008351 -0.057201
v 0.017140 0.009896 -0.057201
v 0.016312 0.011422 -0.057201
v 0.015466 0.012977 -0.057201
v 0.014339 0.014339 -0.057201
v 0.013044 0.015546 -0.057201
v 0.011570 0.016524 -0.057201
v 0.009970 0.017269 -0.057201
v 0.008400 0.018013 -0.057201
v 0.006808 0.018704 -0.057201
v 0.005216 0.019466 -0.057201
v 0.003519 0.019957 -0.057201
v 0.001766 0.020191 -0.057201
v 0.000000 0.020187 -0.057201
v -0.001738 0.019870 -0.057201
v -0.003446 0.019541 -0.057201
v -0.005128 0.019139 -0.057201
v -0.006780 0.018629 -0.057201
v -0.008425 0.018067 -0.057201
v -0.010088 0.017472 -0.057201
v -0.011608 0.016578 -0.057201
v -0.013012 0.015507 -0.057201
v -0.014281 0.014281 -0.057201
v -0.015319 0.012854 -0.057201
v -0.016253 0.011380 -0.057201
v -0.017141 0.009896 -0.057201
v -0.017933 0.008362 -0.057201
v -0.018634 0.006782 -0.057201
v -0.019349 0.005185 -0.057201
v -0.019854 0.003501 -0.057201
v -0.020124 0.001761 -0.057201
v -0.020163 0.000000 -0.057201
v -0.019977 -0.001748 -0.057201
v -0.019559 -0.003449 -0.057201
v -0.019158 -0.005133 -0.057201
v -0.018661 -0.006792 -0.057201
v -0.018080 -0.008431 -0.057201
v -0.017496 -0.010101 -0.057201
v -0.016641 -0.011652 -0.057201
v -0.015571 -0.013066 -0.057201
v -0.014332 -0.014332 -0.057201
v -0.012899 -0.015372 -0.057201
v -0.011373 -0.016242 -0.057201
v -0.009897 -0.017142 -0.057201
v -0.008400 -0.018014 -0.057201
v -0.006905 -0.018971 -0.057201
v -0.005255 -0.019611 -0.057201
v -0.003517 -0.019943 -0.057201
v -0.001746 -0.019952 -0.057201
v -0.000000 -0.019797 -0.057201
v 0.001723 -0.019699 -0.057201
v 0.003447 -0.019548 -0.057201
v 0.005210 -0.019445 -0.057201
v 0.006932 -0.019046 -0.057201
v 0.008577 -0.018394 -0.057201
v 0.010098 -0.017491 -0.057201
v 0.011417 -0.016306 -0.057201
v 0.012748 -0.015193 -0.057201
v 0.014056 -0.014056 -0.057201
v 0.015416 -0.012936 -0.057201
v 0.016614 -0.011633 -0.057201
v 0.017584 -0.010152 -0.057201
v 0.018326 -0.008546 -0.057201
v 0.018727 -0.006816 -0.057201
v 0.019121 -0.005123 -0.057201
v 0.019473 -0.003434 -0.057201
v 0.019788 -0.001731 -0.057201
v 0.025504 0.000000 -0.054414
v 0.025551 0.002235 -0.054414
v 0.025250 0.004452 -0.054414
v 0.024604 0.006593 -0.054414
v 0.023550 0.008571 -0.054414
v 0.022595 0.010536 -0.054414
v 0.021607 0.012475 -0.054414
v 0.020576 0.014407 -0.054414
v 0.019555 0.016409 -0.054414
v 0.018148 0.018148 -0.054414
v 0.016510 0.019676 -0.054414
v 0.014641 0.020909 -0.054414
v 0.012583 0.021795 -0.054414
v 0.010592 0.022715 -0.054414
v 0.008585 0.023588 -0.054414
v 0.006588 0.024587 -0.054414
v 0.004452 0.025249 -0.054414
v 0.002238 0.025581 -0.054414
v 0.000000 0.025599 -0.054414
v -0.002201 0.025162 -0.054414
v -0.004350 0.024671 -0.054414
v -0.006466 0.024133 -0.054414
v -0.008555 0.023506 -0.054414
v -0.010630 0.022796 -0.054414
v -0.012751 0.022085 -0.054414
v -0.014681 0.020967 -0.054414
v -0.016465 0.019622 -0.054414
v -0.018079 0.018079 -0.054414
v -0.019422 0.016297 -0.054414
v -0.020527 0.014373 -0.054414
v -0.021653 0.012501 -0.054414
v -0.022648 0.010561 -0.054414
v -0.023541 0.008568 -0.054414
v -0.024484 0.006561 -0.054414
v -0.025156 0.004436 -0.054414
v -0.025508 0.002232 -0.054414
v -0.025538 0.000000 -0.054414
v -0.025299 -0.002213 -0.054414
v -0.024723 -0.004359 -0.054414
v -0.024200 -0.006484 -0.054414
v -0.023573 -0.008580 -0.054414
v -0.022840 -0.010651 -0.054414
v -0.022119 -0.012770 -0.054414
v -0.021055 -0.014743 -0.054414
v -0.019710 -0.016539 -0.054414
v -0.018146 -0.018146 -0.054414
v -0.016245 -0.019360 -0.054414
v -0.014342 -0.020483 -0.054414
v -0.012493 -0.021638 -0.054414
v -0.010625 -0.022786 -0.054414
v -0.008750 -0.024041 -0.054414
v -0.006652 -0.024827 -0.054414
v -0.004446 -0.025216 -0.054414
v -0.002198 -0.025119 -0.054414
v -0.000000 -0.025010 -0.054414
v 0.002179 -0.024900 -0.054414
v 0.004365 -0.024753 -0.054414
v 0.006613 -0.024681 -0.054414
v 0.008792 -0.024157 -0.054414
v 0.010864 -0.023298 -0.054414
v 0.012762 -0.022105 -0.054414
v 0.014419 -0.020593 -0.054414
v 0.016101 -0.019188 -0.054414
v 0.017755 -0.017755 -0.054414
v 0.019530 -0.016388 -0.054414
v 0.021028 -0.014724 -0.054414
v 0.022241 -0.012841 -0.054414
v 0.023159 -0.010799 -0.054414
v 0.023630 -0.008601 -0.054414
v 0.024139 -0.006468 -0.054414
v 0.024591 -0.004336 -0.054414
v 0.025007 -0.002188 -0.054414
v 0.030181 0.000000 -0.051447
v 0.030215 0.002643 -0.051447
v 0.029867 0.005266 -0.051447
v 0.029109 0.007800 -0.051447
v 0.027779 0.010111 -0.051447
v 0.026589 0.012399 -0.051447
v 0.025402 0.014666 -0.051447
v 0.024226 0.016963 -0.051447
v 0.023087 0.019373 -0.051447
v 0.021445 0.021445 -0.051447
v 0.019518 0.023261 -0.051447
v 0.017309 0.024720 -0.051447
v 0.014848 0.025718 -0.051447
v 0.012473 0.026749 -0.051447
v 0.010103 0.027759 -0.051447
v 0.007752 0.028929 -0.051447
v 0.005260 0.029828 -0.051447
v 0.002648 0.030271 -0.051447
v 0.000000 0.030298 -0.051447
v -0.002612 0.029861 -0.051447
v -0.005126 0.029069 -0.051447
v -0.007604 0.028379 -0.051447
v -0.010050 0.027613 -0.051447
v -0.012484 0.026773 -0.051447
v -0.015012 0.026001 -0.051447
v -0.017324 0.024742 -0.051447
v -0.019445 0.023173 -0.051447
v -0.021344 0.021344 -0.051447
v -0.022972 0.019276 -0.051447
v -0.024229 0.016965 -0.051447
v -0.025506 0.014726 -0.051447
v -0.026666 0.012434 -0.051447
v -0.027734 0.010094 -0.051447
v -0.028916 0.007748 -0.051447
v -0.029761 0.005248 -0.051447
v -0.030215 0.002643 -0.051447
v -0.030279 0.000000 -0.051447
v -0.029960 -0.002621 -0.051447
v -0.029197 -0.005148 -0.051447
v -0.028523 -0.007643 -0.051447
v -0.027721 -0.010090 -0.051447
v -0.026859 -0.012524 -0.051447
v -0.026094 -0.015065 -0.051447
v -0.024869 -0.017414 -0.051447
v -0.023285 -0.019539 -0.051447
v -0.021408 -0.021408 -0.051447
v -0.019110 -0.022775 -0.051447
v -0.016874 -0.024099 -0.051447
v -0.014694 -0.025452 -0.051447
v -0.012518 -0.026846 -0.051447
v -0.010324 -0.028365 -0.051447
v -0.007845 -0.029278 -0.051447
v -0.005245 -0.029743 -0.051447
v -0.002588 -0.029585 -0.051447
v -0.000000 -0.029522 -0.051447
v 0.002572 -0.029402 -0.051447
v 0.005164 -0.029286 -0.051447
v 0.007834 -0.029237 -0.051447
v 0.010416 -0.028617 -0.051447
v 0.012849 -0.027555 -0.051447
v 0.015020 -0.026016 -0.051447
v 0.016991 -0.024266 -0.051447
v 0.018982 -0.022622 -0.051447
v 0.020960 -0.020960 -0.051447
v 0.023122 -0.019402 -0.051447
v 0.024873 -0.017417 -0.051447
v 0.026270 -0.015167 -0.051447
v 0.027307 -0.012733 -0.051447
v 0.027818 -0.010125 -0.051447
v 0.028438 -0.007620 -0.051447
v 0.029002 -0.005114 -0.051447
v 0.029536 -0.002584 -0.051447
v 0.034327 0.000000 -0.048309
v 0.034378 0.003008 -0.048309
v 0.033926 0.005982 -0.048309
v 0.032954 0.008830 -0.048309
v 0.031399 0.011428 -0.048309
v 0.030036 0.014006 -0.048309
v 0.028681 0.016559 -0.048309
v 0.027386 0.019176 -0.048309
v 0.026164 0.021954 -0.048309
v 0.024352 0.024352 -0.048309
v 0.022152 0.026400 -0.048309
v 0.019637 0.028045 -0.048309
v 0.016794 0.029089 -0.048309
v 0.014110 0.030260 -0.048309
v 0.011423 0.031384 -0.048309
v 0.008717 0.032531 -0.048309
v 0.005948 0.033734 -0.048309
v 0.002999 0.034274 -0.048309
v 0.000000 0.034364 -0.048309
v -0.002967 0.033916 -0.048309
v -0.005805 0.032922 -0.048309
v -0.008610 0.032133 -0.048309
v -0.011363 0.031219 -0.048309
v -0.014098 0.030233 -0.048309
v -0.016961 0.029377 -0.048309
v -0.019616 0.028015 -0.048309
v -0.022045 0.026272 -0.048309
v -0.024217 0.024217 -0.048309
v -0.026085 0.021888 -0.048309
v -0.027473 0.019237 -0.048309
v -0.028914 0.016693 -0.048309
v -0.030173 0.014070 -0.048309
v -0.031382 0.011422 -0.048309
v -0.032787 0.008785 -0.048309
v -0.033822 0.005964 -0.048309
v -0.034375 0.003007 -0.048309
v -0.034449 0.000000 -0.048309
v -0.034027 -0.002977 -0.048309
v -0.033072 -0.005831 -0.048309
v -0.032271 -0.008647 -0.048309
v -0.031356 -0.011413 -0.048309
v -0.030374 -0.014164 -0.048309
v -0.029534 -0.017051 -0.048309
v -0.028154 -0.019713 -0.048309
v -0.026360 -0.022118 -0.048309
v -0.024206 -0.024206 -0.048309
v -0.021597 -0.025738 -0.048309
v -0.019093 -0.027268 -0.048309
v -0.016640 -0.028821 -0.048309
v -0.014226 -0.030507 -0.048309
v -0.011744 -0.032267 -0.048309
v -0.008912 -0.033261 -0.048309
v -0.005948 -0.033734 -0.048309
v -0.002927 -0.033460 -0.048309
v -0.000000 -0.033379 -0.048309
v 0.002915 -0.033321 -0.048309
v 0.005870 -0.033289 -0.048309
v 0.008898 -0.033209 -0.048309
v 0.011818 -0.032470 -0.048309
v 0.014562 -0.031228 -0.048309
v 0.016922 -0.029310 -0.048309
v 0.019208 -0.027432 -0.048309
v 0.021488 -0.025608 -0.048309
v 0.023794 -0.023794 -0.048309
v 0.026284 -0.022055 -0.048309
v 0.028239 -0.019773 -0.048309
v 0.029789 -0.017198 -0.048309
v 0.030934 -0.014425 -0.048309
v 0.031479 -0.011458 -0.048309
v 0.032168 -0.008619 -0.048309
v 0.032850 -0.005792 -0.048309
v 0.033521 -0.002933 -0.048309
v 0.038038 0.000000 -0.045009
v 0.038062 0.003330 -0.045009
v 0.037461 0.006605 -0.045009
v 0.036276 0.009720 -0.045009
v 0.034527 0.012567 -0.045009
v 0.033049 0.015411 -0.045009
v 0.031586 0.018236 -0.045009
v 0.030157 0.021116 -0.045009
v 0.028855 0.024213 -0.045009
v 0.026886 0.026886 -0.045009
v 0.024458 0.029148 -0.045009
v 0.021684 0.030969 -0.045009
v 0.018522 0.032081 -0.045009
v 0.015542 0.033330 -0.045009
v 0.012581 0.034565 -0.045009
v 0.009590 0.035790 -0.045009
v 0.006551 0.037151 -0.045009
v 0.003303 0.037753 -0.045009
v 0.000000 0.037882 -0.045009
v -0.003282 0.037519 -0.045009
v -0.006420 0.036409 -0.045009
v -0.009493 0.035430 -0.045009
v -0.012514 0.034382 -0.045009
v -0.015495 0.033228 -0.045009
v -0.018533 0.032101 -0.045009
v -0.021613 0.030866 -0.045009
v -0.024342 0.029009 -0.045009
v -0.026772 0.026772 -0.045009
v -0.028859 0.024216 -0.045009
v -0.030366 0.021262 -0.045009
v -0.031923 0.018431 -0.045009
v -0.033268 0.015513 -0.045009
v -0.034579 0.012586 -0.045009
v -0.036121 0.009679 -0.045009
v -0.037389 0.006593 -0.045009
v -0.038055 0.003329 -0.045009
v -0.038156 0.000000 -0.045009
v -0.037621 -0.003291 -0.045009
v -0.036471 -0.006431 -0.045009
v -0.035554 -0.009527 -0.045009
v -0.034512 -0.012562 -0.045009
v -0.033437 -0.015592 -0.045009
v -0.032571 -0.018805 -0.045009
v -0.031057 -0.021746 -0.045009
v -0.029087 -0.024406 -0.045009
v -0.026694 -0.026694 -0.045009
v -0.023757 -0.028312 -0.045009
v -0.021017 -0.030015 -0.045009
v -0.018334 -0.031756 -0.045009
v -0.015808 -0.033901 -0.045009
v -0.013009 -0.035741 -0.045009
v -0.009871 -0.036840 -0.045009
v -0.006561 -0.037211 -0.045009
v -0.003222 -0.036822 -0.045009
v -0.000000 -0.036765 -0.045009
v 0.003214 -0.036740 -0.045009
v 0.006522 -0.036986 -0.045009
v 0.009833 -0.036698 -0.045009
v 0.013037 -0.035818 -0.045009
v 0.016047 -0.034413 -0.045009
v 0.018615 -0.032242 -0.045009
v 0.021179 -0.030246 -0.045009
v 0.023746 -0.028299 -0.045009
v 0.026378 -0.026378 -0.045009
v 0.029133 -0.024446 -0.045009
v 0.031238 -0.021873 -0.045009
v 0.032902 -0.018996 -0.045009
v 0.034068 -0.015886 -0.045009
v 0.034681 -0.012623 -0.045009
v 0.035484 -0.009508 -0.045009
v 0.036298 -0.006400 -0.045009
v 0.037136 -0.003249 -0.045009
v 0.041313 0.000000 -0.041558
v 0.041290 0.003612 -0.041558
v 0.040563 0.007152 -0.041558
v 0.039160 0.010493 -0.041558
v 0.037283 0.013570 -0.041558
v 0.035710 0.016652 -0.041558
v 0.034162 0.019724 -0.041558
v 0.032600 0.022827 -0.041558
v 0.031222 0.026199 -0.041558
v 0.029112 0.029112 -0.041558
v 0.026512 0.031595 -0.041558
v 0.023531 0.033606 -0.041558
v 0.020101 0.034816 -0.041558
v 0.016807 0.036044 -0.041558
v 0.013580 0.037312 -0.041558
v 0.010340 0.038591 -0.041558
v 0.007066 0.040073 -0.041558
v 0.003573 0.040835 -0.041558
v 0.000000 0.041026 -0.041558
v -0.003567 0.040770 -0.041558
v -0.007014 0.039779 -0.041558
v -0.010278 0.038356 -0.041558
v -0.013523 0.037155 -0.041558
v -0.016714 0.035843 -0.041558
v -0.019928 0.034516 -0.041558
v -0.023357 0.033357 -0.041558
v -0.026367 0.031423 -0.041558
v -0.029037 0.029037 -0.041558
v -0.031313 0.026275 -0.041558
v -0.032893 0.023032 -0.041558
v -0.034490 0.019913 -0.041558
v -0.035971 0.016774 -0.041558
v -0.037399 0.013612 -0.041558
v -0.038998 0.010449 -0.041558
v -0.040511 0.007143 -0.041558
v -0.041253 0.003609 -0.041558
v -0.041355 0.000000 -0.041558
v -0.040729 -0.003563 -0.041558
v -0.039438 -0.006954 -0.041558
v -0.038433 -0.010298 -0.041558
v -0.037328 -0.013586 -0.041558
v -0.036223 -0.016891 -0.041558
v -0.035321 -0.020392 -0.041558
v -0.033680 -0.023583 -0.041558
v -0.031512 -0.026442 -0.041558
v -0.028841 -0.028841 -0.041558
v -0.025624 -0.030538 -0.041558
v -0.022703 -0.032423 -0.041558
v -0.019844 -0.034371 -0.041558
v -0.017220 -0.036928 -0.041558
v -0.014123 -0.038803 -0.041558
v -0.010698 -0.039926 -0.041558
v -0.007068 -0.040086 -0.041558
v -0.003476 -0.039728 -0.041558
v -0.000000 -0.039753 -0.041558
v 0.003482 -0.039805 -0.041558
v 0.007095 -0.040239 -0.041558
v 0.010683 -0.039870 -0.041558
v 0.014125 -0.038808 -0.041558
v 0.017330 -0.037164 -0.041558
v 0.020074 -0.034769 -0.041558
v 0.022890 -0.032690 -0.041558
v 0.025724 -0.030657 -0.041558
v 0.028720 -0.028720 -0.041558
v 0.031645 -0.026553 -0.041558
v 0.033886 -0.023727 -0.041558
v 0.035640 -0.020577 -0.041558
v 0.036580 -0.017057 -0.041558
v 0.037448 -0.013630 -0.041558
v 0.038360 -0.010279 -0.041558
v 0.039319 -0.006933 -0.041558
v 0.040524 -0.003545 -0.041558
v 0.044186 0.000000 -0.037966
v 0.044106 0.003859 -0.037966
v 0.043292 0.007634 -0.037966
v 0.041517 0.011124 -0.037966
v 0.039801 0.014486 -0.037966
v 0.038162 0.017795 -0.037966
v 0.036510 0.021079 -0.037966
v 0.034827 0.024386 -0.037966
v 0.033365 0.027997 -0.037966
v 0.031129 0.031129 -0.037966
v 0.028369 0.033809 -0.037966
v 0.025201 0.035991 -0.037966
v 0.021568 0.037357 -0.037966
v 0.017942 0.038477 -0.037966
v 0.014444 0.039684 -0.037966
v 0.010963 0.040914 -0.037966
v 0.007434 0.042161 -0.037966
v 0.003803 0.043468 -0.037966
v 0.000000 0.043799 -0.037966
v -0.003817 0.043624 -0.037966
v -0.007549 0.042813 -0.037966
v -0.011000 0.041053 -0.037966
v -0.014429 0.039642 -0.037966
v -0.017809 0.038192 -0.037966
v -0.021209 0.036736 -0.037966
v -0.024910 0.035575 -0.037966
v -0.028185 0.033590 -0.037966
v -0.031073 0.031073 -0.037966
v -0.033480 0.028093 -0.037966
v -0.035052 0.024544 -0.037966
v -0.036620 0.021143 -0.037966
v -0.038285 0.017853 -0.037966
v -0.039914 0.014528 -0.037966
v -0.041634 0.011156 -0.037966
v -0.043263 0.007628 -0.037966
v -0.043945 0.003845 -0.037966
v -0.043959 0.000000 -0.037966
v -0.043267 -0.003785 -0.037966
v -0.041953 -0.007398 -0.037966
v -0.040915 -0.010963 -0.037966
v -0.039865 -0.014510 -0.037966
v -0.038848 -0.018115 -0.037966
v -0.037844 -0.021849 -0.037966
v -0.036067 -0.025254 -0.037966
v -0.033658 -0.028242 -0.037966
v -0.030560 -0.030560 -0.037966
v -0.027249 -0.032475 -0.037966
v -0.024215 -0.034583 -0.037966
v -0.021238 -0.036786 -0.037966
v -0.018482 -0.039634 -0.037966
v -0.015101 -0.041488 -0.037966
v -0.011395 -0.042527 -0.037966
v -0.007460 -0.042307 -0.037966
v -0.003698 -0.042264 -0.037966
v -0.000000 -0.042392 -0.037966
v 0.003731 -0.042642 -0.037966
v 0.007629 -0.043266 -0.037966
v 0.011474 -0.042821 -0.037966
v 0.015109 -0.041513 -0.037966
v 0.018392 -0.039442 -0.037966
v 0.021288 -0.036872 -0.037966
v 0.024311 -0.034720 -0.037966
v 0.027387 -0.032638 -0.037966
v 0.030842 -0.030842 -0.037966
v 0.033773 -0.028339 -0.037966
v 0.036161 -0.025320 -0.037966
v 0.037993 -0.021935 -0.037966
v 0.038828 -0.018106 -0.037966
v 0.039792 -0.014483 -0.037966
v 0.040759 -0.010921 -0.037966
v 0.041903 -0.007389 -0.037966
v 0.043487 -0.003805 -0.037966
v 0.046542 0.000000 -0.034246
v 0.046434 0.004062 -0.034246
v 0.045591 0.008039 -0.034246
v 0.043700 0.011709 -0.034246
v 0.042090 0.015319 -0.034246
v 0.040408 0.018843 -0.034246
v 0.038607 0.022290 -0.034246
v 0.036807 0.025773 -0.034246
v 0.035232 0.029563 -0.034246
v 0.032879 0.032879 -0.034246
v 0.029968 0.035714 -0.034246
v 0.026630 0.038032 -0.034246
v 0.022947 0.039746 -0.034246
v 0.018964 0.040669 -0.034246
v 0.015222 0.041823 -0.034246
v 0.011498 0.042912 -0.034246
v 0.007762 0.044023 -0.034246
v 0.003987 0.045572 -0.034246
v 0.000000 0.046202 -0.034246
v -0.004035 0.046125 -0.034246
v -0.008007 0.045410 -0.034246
v -0.011675 0.043571 -0.034246
v -0.015236 0.041860 -0.034246
v -0.018766 0.040243 -0.034246
v -0.022327 0.038672 -0.034246
v -0.026248 0.037485 -0.034246
v -0.029796 0.035509 -0.034246
v -0.032873 0.032873 -0.034246
v -0.035422 0.029723 -0.034246
v -0.037070 0.025957 -0.034246
v -0.038648 0.022313 -0.034246
v -0.040321 0.018802 -0.034246
v -0.042049 0.015305 -0.034246
v -0.043973 0.011783 -0.034246
v -0.045610 0.008042 -0.034246
v -0.046224 0.004044 -0.034246
v -0.046142 0.000000 -0.034246
v -0.045134 -0.003949 -0.034246
v -0.044016 -0.007761 -0.034246
v -0.043045 -0.011534 -0.034246
v -0.042089 -0.015319 -0.034246
v -0.041502 -0.019353 -0.034246
v -0.040209 -0.023215 -0.034246
v -0.038193 -0.026743 -0.034246
v -0.035483 -0.029774 -0.034246
v -0.031850 -0.031850 -0.034246
v -0.028617 -0.034104 -0.034246
v -0.025502 -0.036420 -0.034246
v -0.022490 -0.038953 -0.034246
v -0.019544 -0.041911 -0.034246
v -0.015922 -0.043745 -0.034246
v -0.011986 -0.044733 -0.034246
v -0.007829 -0.044403 -0.034246
v -0.003896 -0.044528 -0.034246
v -0.000000 -0.044804 -0.034246
v 0.003965 -0.045321 -0.034246
v 0.008096 -0.045914 -0.034246
v 0.012148 -0.045335 -0.034246
v 0.015933 -0.043776 -0.034246
v 0.019173 -0.041117 -0.034246
v 0.022367 -0.038741 -0.034246
v 0.025593 -0.036551 -0.034246
v 0.028893 -0.034433 -0.034246
v 0.032613 -0.032613 -0.034246
v 0.035617 -0.029886 -0.034246
v 0.038084 -0.026667 -0.034246
v 0.039924 -0.023050 -0.034246
v 0.040697 -0.018977 -0.034246
v 0.041751 -0.015196 -0.034246
v 0.042841 -0.011479 -0.034246
v 0.044186 -0.007791 -0.034246
v 0.045948 -0.004020 -0.034246
v 0.048406 0.000000 -0.030409
v 0.048301 0.004226 -0.030409
v 0.047521 0.008379 -0.030409
v 0.045638 0.012229 -0.030409
v 0.044078 0.016043 -0.030409
v 0.042366 0.019755 -0.030409
v 0.040462 0.023361 -0.030409
v 0.038542 0.026987 -0.030409
v 0.036754 0.030840 -0.030409
v 0.034284 0.034284 -0.030409
v 0.031276 0.037273 -0.030409
v 0.027824 0.039737 -0.030409
v 0.024033 0.041626 -0.030409
v 0.019828 0.042521 -0.030409
v 0.015898 0.043680 -0.030409
v 0.011992 0.044753 -0.030409
v 0.008081 0.045832 -0.030409
v 0.004115 0.047034 -0.030409
v 0.000000 0.048254 -0.030409
v -0.004227 0.048314 -0.030409
v -0.008409 0.047689 -0.030409
v -0.012383 0.046215 -0.030409
v -0.015940 0.043794 -0.030409
v -0.019575 0.041978 -0.030409
v -0.023267 0.040299 -0.030409
v -0.027274 0.038952 -0.030409
v -0.031154 0.037127 -0.030409
v -0.034458 0.034458 -0.030409
v -0.037228 0.031238 -0.030409
v -0.039096 0.027375 -0.030409
v -0.040504 0.023385 -0.030409
v -0.042169 0.019664 -0.030409
v -0.043898 0.015978 -0.030409
v -0.046101 0.012353 -0.030409
v -0.047695 0.008410 -0.030409
v -0.048295 0.004225 -0.030409
v -0.048125 0.000000 -0.030409
v -0.046793 -0.004094 -0.030409
v -0.045769 -0.008070 -0.030409
v -0.044990 -0.012055 -0.030409
v -0.044136 -0.016064 -0.030409
v -0.043782 -0.020416 -0.030409
v -0.042332 -0.024440 -0.030409
v -0.040016 -0.028020 -0.030409
v -0.036967 -0.031019 -0.030409
v -0.033116 -0.033116 -0.030409
v -0.029777 -0.035487 -0.030409
v -0.026612 -0.038005 -0.030409
v -0.023790 -0.041205 -0.030409
v -0.020475 -0.043908 -0.030409
v -0.016645 -0.045733 -0.030409
v -0.012479 -0.046571 -0.030409
v -0.008163 -0.046293 -0.030409
v -0.004078 -0.046615 -0.030409
v -0.000000 -0.047041 -0.030409
v 0.004206 -0.048073 -0.030409
v 0.008500 -0.048205 -0.030409
v 0.012714 -0.047451 -0.030409
v 0.016618 -0.045657 -0.030409
v 0.019941 -0.042764 -0.030409
v 0.023371 -0.040480 -0.030409
v 0.026781 -0.038247 -0.030409
v 0.030258 -0.036060 -0.030409
v 0.034090 -0.034090 -0.030409
v 0.037290 -0.031290 -0.030409
v 0.039865 -0.027914 -0.030409
v 0.041653 -0.024049 -0.030409
v 0.042338 -0.019742 -0.030409
v 0.043483 -0.015827 -0.030409
v 0.044805 -0.012006 -0.030409
v 0.046257 -0.008156 -0.030409
v 0.047962 -0.004196 -0.030409
v 0.050183 0.000000 -0.026467
v 0.050047 0.004379 -0.026467
v 0.049240 0.008682 -0.026467
v 0.047275 0.012667 -0.026467
v 0.045712 0.016638 -0.026467
v 0.043970 0.020504 -0.026467
v 0.042036 0.024269 -0.026467
v 0.039952 0.027975 -0.026467
v 0.037807 0.031724 -0.026467
v 0.035558 0.035558 -0.026467
v 0.032404 0.038618 -0.026467
v 0.028861 0.041218 -0.026467
v 0.025017 0.043330 -0.026467
v 0.020654 0.044293 -0.026467
v 0.016515 0.045374 -0.026467
v 0.012465 0.046520 -0.026467
v 0.008366 0.047446 -0.026467
v 0.004233 0.048389 -0.026467
v 0.000000 0.049815 -0.026467
v -0.004387 0.050148 -0.026467
v -0.008761 0.049685 -0.026467
v -0.012956 0.048351 -0.026467
v -0.016609 0.045634 -0.026467
v -0.020320 0.043577 -0.026467
v -0.024074 0.041698 -0.026467
v -0.028100 0.040131 -0.026467
v -0.032352 0.038556 -0.026467
v -0.035793 0.035793 -0.026467
v -0.038701 0.032474 -0.026467
v -0.040690 0.028491 -0.026467
v -0.041996 0.024246 -0.026467
v -0.043699 0.020377 -0.026467
v -0.045494 0.016559 -0.026467
v -0.047946 0.012847 -0.026467
v -0.049489 0.008726 -0.026467
v -0.050068 0.004380 -0.026467
v -0.049847 0.000000 -0.026467
v -0.048323 -0.004228 -0.026467
v -0.047347 -0.008349 -0.026467
v -0.046646 -0.012499 -0.026467
v -0.045938 -0.016720 -0.026467
v -0.045695 -0.021308 -0.026467
v -0.044099 -0.025460 -0.026467
v -0.041574 -0.029111 -0.026467
v -0.038172 -0.032030 -0.026467
v -0.034261 -0.034261 -0.026467
v -0.030880 -0.036801 -0.026467
v -0.027705 -0.039567 -0.026467
v -0.024888 -0.043107 -0.026467
v -0.021294 -0.045665 -0.026467
v -0.017257 -0.047412 -0.026467
v -0.012846 -0.047943 -0.026467
v -0.008452 -0.047932 -0.026467
v -0.004234 -0.048400 -0.026467
v -0.000000 -0.048965 -0.026467
v 0.004394 -0.050219 -0.026467
v 0.008852 -0.050202 -0.026467
v 0.013210 -0.049299 -0.026467
v 0.017220 -0.047313 -0.026467
v 0.020636 -0.044254 -0.026467
v 0.024205 -0.041925 -0.026467
v 0.027764 -0.039652 -0.026467
v 0.031444 -0.037474 -0.026467
v 0.035498 -0.035498 -0.026467
v 0.038710 -0.032481 -0.026467
v 0.041318 -0.028931 -0.026467
v 0.043072 -0.024867 -0.026467
v 0.043836 -0.020441 -0.026467
v 0.045080 -0.016408 -0.026467
v 0.046507 -0.012462 -0.026467
v 0.048121 -0.008485 -0.026467
v 0.049800 -0.004357 -0.026467
v 0.052268 0.000000 -0.022431
v 0.051992 0.004549 -0.022431
v 0.051013 0.008995 -0.022431
v 0.048909 0.013105 -0.022431
v 0.047179 0.017172 -0.022431
v 0.045338 0.021141 -0.022431
v 0.043310 0.025005 -0.022431
v 0.041137 0.028804 -0.022431
v 0.038896 0.032637 -0.022431
v 0.036769 0.036769 -0.022431
v 0.033613 0.040059 -0.022431
v 0.029984 0.042821 -0.022431
v 0.025997 0.045028 -0.022431
v 0.021648 0.046424 -0.022431
v 0.017085 0.046940 -0.022431
v 0.012828 0.047876 -0.022431
v 0.008608 0.048816 -0.022431
v 0.004354 0.049771 -0.022431
v 0.000000 0.051295 -0.022431
v -0.004531 0.051789 -0.022431
v -0.009071 0.051445 -0.022431
v -0.013444 0.050174 -0.022431
v -0.017202 0.047262 -0.022431
v -0.020973 0.044976 -0.022431
v -0.024813 0.042978 -0.022431
v -0.028970 0.041374 -0.022431
v -0.033496 0.039919 -0.022431
v -0.037116 0.037116 -0.022431
v -0.040087 0.033637 -0.022431
v -0.042059 0.029450 -0.022431
v -0.043385 0.025048 -0.022431
v -0.045128 0.021044 -0.022431
v -0.046989 0.017103 -0.022431
v -0.049614 0.013294 -0.022431
v -0.051276 0.009041 -0.022431
v -0.051950 0.004545 -0.022431
v -0.051691 0.000000 -0.022431
v -0.049955 -0.004370 -0.022431
v -0.048904 -0.008623 -0.022431
v -0.048145 -0.012900 -0.022431
v -0.047549 -0.017306 -0.022431
v -0.047277 -0.022045 -0.022431
v -0.045515 -0.026278 -0.022431
v -0.042806 -0.029973 -0.022431
v -0.038938 -0.032673 -0.022431
v -0.035341 -0.035341 -0.022431
v -0.031975 -0.038107 -0.022431
v -0.028817 -0.041155 -0.022431
v -0.025935 -0.044921 -0.022431
v -0.022093 -0.047378 -0.022431
v -0.017798 -0.048900 -0.022431
v -0.013097 -0.048877 -0.022431
v -0.008656 -0.049089 -0.022431
v -0.004343 -0.049646 -0.022431
v -0.000000 -0.050466 -0.022431
v 0.004530 -0.051778 -0.022431
v 0.009105 -0.051638 -0.022431
v 0.013553 -0.050580 -0.022431
v 0.017704 -0.048642 -0.022431
v 0.021260 -0.045593 -0.022431
v 0.024934 -0.043187 -0.022431
v 0.028632 -0.040891 -0.022431
v 0.032469 -0.038695 -0.022431
v 0.036700 -0.036700 -0.022431
v 0.039991 -0.033557 -0.022431
v 0.042688 -0.029890 -0.022431
v 0.044527 -0.025708 -0.022431
v 0.045265 -0.021107 -0.022431
v 0.046602 -0.016962 -0.022431
v 0.048111 -0.012891 -0.022431
v 0.049849 -0.008790 -0.022431
v 0.051739 -0.004527 -0.022431
v 0.053942 0.000000 -0.018316
v 0.053715 0.004699 -0.018316
v 0.052699 0.009292 -0.018316
v 0.050564 0.013549 -0.018316
v 0.048489 0.017649 -0.018316
v 0.046474 0.021671 -0.018316
v 0.044336 0.025597 -0.018316
v 0.042119 0.029492 -0.018316
v 0.039839 0.033429 -0.018316
v 0.037795 0.037795 -0.018316
v 0.034627 0.041267 -0.018316
v 0.030943 0.044192 -0.018316
v 0.026880 0.046557 -0.018316
v 0.022376 0.047986 -0.018316
v 0.017587 0.048320 -0.018316
v 0.013189 0.049224 -0.018316
v 0.008848 0.050178 -0.018316
v 0.004479 0.051190 -0.018316
v 0.000000 0.052857 -0.018316
v -0.004676 0.053443 -0.018316
v -0.009363 0.053099 -0.018316
v -0.013864 0.051743 -0.018316
v -0.017737 0.048731 -0.018316
v -0.021619 0.046363 -0.018316
v -0.025591 0.044324 -0.018316
v -0.029853 0.042634 -0.018316
v -0.034547 0.041172 -0.018316
v -0.038292 0.038292 -0.018316
v -0.041327 0.034677 -0.018316
v -0.043259 0.030291 -0.018316
v -0.044575 0.025736 -0.018316
v -0.046433 0.021652 -0.018316
v -0.048420 0.017623 -0.018316
v -0.051236 0.013729 -0.018316
v -0.052920 0.009331 -0.018316
v -0.053641 0.004693 -0.018316
v -0.053369 0.000000 -0.018316
v -0.051435 -0.004500 -0.018316
v -0.050293 -0.008868 -0.018316
v -0.049462 -0.013253 -0.018316
v -0.049015 -0.017840 -0.018316
v -0.048641 -0.022682 -0.018316
v -0.046703 -0.026964 -0.018316
v -0.043887 -0.030730 -0.018316
v -0.039832 -0.033423 -0.018316
v -0.036297 -0.036297 -0.018316
v -0.032937 -0.039252 -0.018316
v -0.029809 -0.042572 -0.018316
v -0.026832 -0.046474 -0.018316
v -0.022790 -0.048873 -0.018316
v -0.018281 -0.050227 -0.018316
v -0.013381 -0.049940 -0.018316
v -0.008838 -0.050124 -0.018316
v -0.004431 -0.050642 -0.018316
v -0.000000 -0.051506 -0.018316
v 0.004625 -0.052860 -0.018316
v 0.009303 -0.052761 -0.018316
v 0.013874 -0.051779 -0.018316
v 0.018120 -0.049785 -0.018316
v 0.021757 -0.046658 -0.018316
v 0.025525 -0.044210 -0.018316
v 0.029321 -0.041875 -0.018316
v 0.033251 -0.039627 -0.018316
v 0.037627 -0.037627 -0.018316
v 0.041087 -0.034476 -0.018316
v 0.043945 -0.030770 -0.018316
v 0.045985 -0.026550 -0.018316
v 0.046629 -0.021743 -0.018316
v 0.047942 -0.017450 -0.018316
v 0.049413 -0.013240 -0.018316
v 0.051208 -0.009029 -0.018316
v 0.053344 -0.004667 -0.018316
v 0.055201 0.000000 -0.014134
v 0.054979 0.004810 -0.014134
v 0.053934 0.009510 -0.014134
v 0.052136 0.013970 -0.014134
v 0.049467 0.018005 -0.014134
v 0.047305 0.022059 -0.014134
v 0.045131 0.026057 -0.014134
v 0.042829 0.029989 -0.014134
v 0.040521 0.034001 -0.014134
v 0.038513 0.038513 -0.014134
v 0.035353 0.042132 -0.014134
v 0.031609 0.045142 -0.014134
v 0.027477 0.047592 -0.014134
v 0.022906 0.049123 -0.014134
v 0.018038 0.049558 -0.014134
v 0.013546 0.050554 -0.014134
v 0.009090 0.051553 -0.014134
v 0.004603 0.052611 -0.014134
v 0.000000 0.054385 -0.014134
v -0.004806 0.054930 -0.014134
v -0.009599 0.054439 -0.014134
v -0.014172 0.052890 -0.014134
v -0.018156 0.049882 -0.014134
v -0.022214 0.047637 -0.014134
v -0.026343 0.045628 -0.014134
v -0.030630 0.043744 -0.014134
v -0.035313 0.042084 -0.014134
v -0.039073 0.039073 -0.014134
v -0.042141 0.035360 -0.014134
v -0.044105 0.030883 -0.014134
v -0.045488 0.026262 -0.014134
v -0.047395 0.022101 -0.014134
v -0.049478 0.018009 -0.014134
v -0.052417 0.014045 -0.014134
v -0.054239 0.009564 -0.014134
v -0.055083 0.004819 -0.014134
v -0.054812 0.000000 -0.014134
v -0.052740 -0.004614 -0.014134
v -0.051473 -0.009076 -0.014134
v -0.050535 -0.013541 -0.014134
v -0.050340 -0.018322 -0.014134
v -0.049791 -0.023218 -0.014134
v -0.047792 -0.027593 -0.014134
v -0.044729 -0.031319 -0.014134
v -0.040445 -0.033937 -0.014134
v -0.036935 -0.036935 -0.014134
v -0.033690 -0.040151 -0.014134
v -0.030656 -0.043782 -0.014134
v -0.027523 -0.047672 -0.014134
v -0.023369 -0.050114 -0.014134
v -0.018707 -0.051398 -0.014134
v -0.013646 -0.050927 -0.014134
v -0.009003 -0.051058 -0.014134
v -0.004498 -0.051413 -0.014134
v -0.000000 -0.052102 -0.014134
v 0.004694 -0.053655 -0.014134
v 0.009484 -0.053788 -0.014134
v 0.014178 -0.052913 -0.014134
v 0.018530 -0.050912 -0.014134
v 0.022174 -0.047551 -0.014134
v 0.025940 -0.044929 -0.014134
v 0.029806 -0.042567 -0.014134
v 0.033805 -0.040287 -0.014134
v 0.038350 -0.038350 -0.014134
v 0.041973 -0.035220 -0.014134
v 0.044935 -0.031464 -0.014134
v 0.047067 -0.027174 -0.014134
v 0.047709 -0.022247 -0.014134
v 0.048930 -0.017809 -0.014134
v 0.050339 -0.013488 -0.014134
v 0.052099 -0.009187 -0.014134
v 0.054473 -0.004766 -0.014134
v 0.056059 0.000000 -0.009898
v 0.055901 0.004891 -0.009898
v 0.054899 0.009680 -0.009898
v 0.053128 0.014236 -0.009898
v 0.050296 0.018306 -0.009898
v 0.048025 0.022394 -0.009898
v 0.045780 0.026431 -0.009898
v 0.043349 0.030353 -0.009898
v 0.040940 0.034353 -0.009898
v 0.038899 0.038899 -0.009898
v 0.035848 0.042721 -0.009898
v 0.032083 0.045819 -0.009898
v 0.027830 0.048203 -0.009898
v 0.023233 0.049823 -0.009898
v 0.018291 0.050255 -0.009898
v 0.013734 0.051254 -0.009898
v 0.009224 0.052309 -0.009898
v 0.004683 0.053527 -0.009898
v 0.000000 0.055417 -0.009898
v -0.004887 0.055853 -0.009898
v -0.009733 0.055199 -0.009898
v -0.014329 0.053478 -0.009898
v -0.018356 0.050432 -0.009898
v -0.022503 0.048257 -0.009898
v -0.026715 0.046271 -0.009898
v -0.031058 0.044356 -0.009898
v -0.035801 0.042666 -0.009898
v -0.039614 0.039614 -0.009898
v -0.042805 0.035918 -0.009898
v -0.044814 0.031379 -0.009898
v -0.046170 0.026657 -0.009898
v -0.048065 0.022413 -0.009898
v -0.050214 0.018276 -0.009898
v -0.053331 0.014290 -0.009898
v -0.055080 0.009712 -0.009898
v -0.055847 0.004886 -0.009898
v -0.055485 0.000000 -0.009898
v -0.053390 -0.004671 -0.009898
v -0.052214 -0.009207 -0.009898
v -0.051449 -0.013786 -0.009898
v -0.051601 -0.018781 -0.009898
v -0.050705 -0.023644 -0.009898
v -0.048501 -0.028002 -0.009898
v -0.045242 -0.031679 -0.009898
v -0.040838 -0.034267 -0.009898
v -0.037337 -0.037337 -0.009898
v -0.034157 -0.040707 -0.009898
v -0.031232 -0.044604 -0.009898
v -0.027993 -0.048486 -0.009898
v -0.023712 -0.050850 -0.009898
v -0.018980 -0.052147 -0.009898
v -0.013873 -0.051775 -0.009898
v -0.009126 -0.051754 -0.009898
v -0.004554 -0.052051 -0.009898
v -0.000000 -0.052730 -0.009898
v 0.004751 -0.054300 -0.009898
v 0.009618 -0.054547 -0.009898
v 0.014405 -0.053761 -0.009898
v 0.018874 -0.051855 -0.009898
v 0.022589 -0.048443 -0.009898
v 0.026331 -0.045607 -0.009898
v 0.030166 -0.043081 -0.009898
v 0.034127 -0.040671 -0.009898
v 0.038763 -0.038763 -0.009898
v 0.042609 -0.035753 -0.009898
v 0.045744 -0.032031 -0.009898
v 0.048017 -0.027723 -0.009898
v 0.048643 -0.022683 -0.009898
v 0.049733 -0.018101 -0.009898
v 0.051045 -0.013678 -0.009898
v 0.052684 -0.009290 -0.009898
v 0.055102 -0.004821 -0.009898
v 0.056331 0.000000 -0.005621
v 0.056249 0.004921 -0.005621
v 0.055431 0.009774 -0.005621
v 0.053868 0.014434 -0.005621
v 0.050903 0.018527 -0.005621
v 0.048486 0.022609 -0.005621
v 0.046109 0.026621 -0.005621
v 0.043680 0.030585 -0.005621
v 0.041161 0.034538 -0.005621
v 0.039071 0.039071 -0.005621
v 0.036025 0.042933 -0.005621
v 0.032318 0.046155 -0.005621
v 0.028098 0.048667 -0.005621
v 0.023384 0.050147 -0.005621
v 0.018373 0.050481 -0.005621
v 0.013793 0.051476 -0.005621
v 0.009271 0.052580 -0.005621
v 0.004729 0.054058 -0.005621
v 0.000000 0.055947 -0.005621
v -0.004906 0.056078 -0.005621
v -0.009723 0.055142 -0.005621
v -0.014261 0.053222 -0.005621
v -0.018334 0.050372 -0.005621
v -0.022517 0.048288 -0.005621
v -0.026697 0.046241 -0.005621
v -0.031176 0.044524 -0.005621
v -0.036015 0.042921 -0.005621
v -0.039906 0.039906 -0.005621
v -0.043087 0.036154 -0.005621
v -0.045002 0.031510 -0.005621
v -0.046491 0.026842 -0.005621
v -0.048383 0.022562 -0.005621
v -0.050586 0.018412 -0.005621
v -0.053835 0.014425 -0.005621
v -0.055632 0.009810 -0.005621
v -0.056254 0.004922 -0.005621
v -0.055702 0.000000 -0.005621
v -0.053707 -0.004699 -0.005621
v -0.052682 -0.009289 -0.005621
v -0.051942 -0.013918 -0.005621
v -0.052210 -0.019003 -0.005621
v -0.051171 -0.023861 -0.005621
v -0.048843 -0.028200 -0.005621
v -0.045504 -0.031863 -0.005621
v -0.041055 -0.034449 -0.005621
v -0.037549 -0.037549 -0.005621
v -0.034368 -0.040958 -0.005621
v -0.031568 -0.045084 -0.005621
v -0.028136 -0.048733 -0.005621
v -0.023831 -0.051105 -0.005621
v -0.019098 -0.052470 -0.005621
v -0.014008 -0.052278 -0.005621
v -0.009207 -0.052213 -0.005621
v -0.004598 -0.052556 -0.005621
v -0.000000 -0.053164 -0.005621
v 0.004765 -0.054464 -0.005621
v 0.009658 -0.054774 -0.005621
v 0.014477 -0.054030 -0.005621
v 0.019072 -0.052399 -0.005621
v 0.023011 -0.049346 -0.005621
v 0.026692 -0.046232 -0.005621
v 0.030504 -0.043564 -0.005621
v 0.034369 -0.040959 -0.005621
v 0.038782 -0.038782 -0.005621
v 0.042939 -0.036030 -0.005621
v 0.046300 -0.032420 -0.005621
v 0.048807 -0.028179 -0.005621
v 0.049493 -0.023079 -0.005621
v 0.050429 -0.018355 -0.005621
v 0.051696 -0.013852 -0.005621
v 0.053059 -0.009356 -0.005621
v 0.055224 -0.004831 -0.005621
v 0.056320 0.000000 -0.001317
v 0.056501 0.004943 -0.001317
v 0.055811 0.009841 -0.001317
v 0.054238 0.014533 -0.001317
v 0.051270 0.018661 -0.001317
v 0.048696 0.022707 -0.001317
v 0.046180 0.026662 -0.001317
v 0.043725 0.030617 -0.001317
v 0.041249 0.034612 -0.001317
v 0.039159 0.039159 -0.001317
v 0.036336 0.043304 -0.001317
v 0.032656 0.046638 -0.001317
v 0.028341 0.049088 -0.001317
v 0.023447 0.050282 -0.001317
v 0.018388 0.050520 -0.001317
v 0.013797 0.051492 -0.001317
v 0.009302 0.052753 -0.001317
v 0.004790 0.054747 -0.001317
v 0.000000 0.056209 -0.001317
v -0.004916 0.056195 -0.001317
v -0.009718 0.055113 -0.001317
v -0.014107 0.052649 -0.001317
v -0.018247 0.050134 -0.001317
v -0.022460 0.048166 -0.001317
v -0.026738 0.046312 -0.001317
v -0.031242 0.044618 -0.001317
v -0.035965 0.042862 -0.001317
v -0.039791 0.039791 -0.001317
v -0.042963 0.036051 -0.001317
v -0.044708 0.031305 -0.001317
v -0.046236 0.026695 -0.001317
v -0.048290 0.022518 -0.001317
v -0.050585 0.018411 -0.001317
v -0.053860 0.014432 -0.001317
v -0.055769 0.009834 -0.001317
v -0.056498 0.004943 -0.001317
v -0.055933 0.000000 -0.001317
v -0.053856 -0.004712 -0.001317
v -0.052807 -0.009311 -0.001317
v -0.052175 -0.013980 -0.001317
v -0.052381 -0.019065 -0.001317
v -0.051298 -0.023921 -0.001317
v -0.049091 -0.028342 -0.001317
v -0.045668 -0.031977 -0.001317
v -0.041233 -0.034599 -0.001317
v -0.037702 -0.037702 -0.001317
v -0.034479 -0.041090 -0.001317
v -0.031595 -0.045122 -0.001317
v -0.028161 -0.048777 -0.001317
v -0.023879 -0.051209 -0.001317
v -0.019190 -0.052723 -0.001317
v -0.014247 -0.053169 -0.001317
v -0.009282 -0.052643 -0.001317
v -0.004629 -0.052914 -0.001317
v -0.000000 -0.053362 -0.001317
v 0.004720 -0.053947 -0.001317
v 0.009683 -0.054914 -0.001317
v 0.014568 -0.054367 -0.001317
v 0.019192 -0.052730 -0.001317
v 0.023404 -0.050191 -0.001317
v 0.026849 -0.046504 -0.001317
v 0.030617 -0.043726 -0.001317
v 0.034428 -0.041030 -0.001317
v 0.038442 -0.038442 -0.001317
v 0.042982 -0.036066 -0.001317
v 0.046450 -0.032524 -0.001317
v 0.049062 -0.028326 -0.001317
v 0.050236 -0.023426 -0.001317
v 0.050648 -0.018434 -0.001317
v 0.051796 -0.013879 -0.001317
v 0.053048 -0.009354 -0.001317
v 0.055048 -0.004816 -0.001317
v 0.056207 0.000000 0.003000
v 0.056418 0.004936 0.003000
v 0.055791 0.009837 0.003000
v 0.054227 0.014530 0.003000
v 0.051217 0.018641 0.003000
v 0.048545 0.022637 0.003000
v 0.046064 0.026595 0.003000
v 0.043612 0.030537 0.003000
v 0.041276 0.034635 0.003000
v 0.039352 0.039352 0.003000
v 0.036466 0.043459 0.003000
v 0.032741 0.046758 0.003000
v 0.028372 0.049141 0.003000
v 0.023444 0.050275 0.003000
v 0.018427 0.050627 0.003000
v 0.013799 0.051500 0.003000
v 0.009309 0.052792 0.003000
v 0.004814 0.055029 0.003000
v 0.000000 0.056090 0.003000
v -0.004894 0.055939 0.003000
v -0.009674 0.054864 0.003000
v -0.014013 0.052298 0.003000
v -0.018225 0.050073 0.003000
v -0.022465 0.048176 0.003000
v -0.026812 0.046439 0.003000
v -0.031610 0.045144 0.003000
v -0.036015 0.042921 0.003000
v -0.039722 0.039722 0.003000
v -0.042664 0.035799 0.003000
v -0.044228 0.030969 0.003000
v -0.045982 0.026548 0.003000
v -0.048044 0.022403 0.003000
v -0.050387 0.018339 0.003000
v -0.053727 0.014396 0.003000
v -0.055613 0.009806 0.003000
v -0.056451 0.004939 0.003000
v -0.055968 0.000000 0.003000
v -0.053849 -0.004711 0.003000
v -0.052694 -0.009291 0.003000
v -0.051970 -0.013925 0.003000
v -0.052298 -0.019035 0.003000
v -0.051164 -0.023858 0.003000
v -0.048831 -0.028193 0.003000
v -0.045536 -0.031885 0.003000
v -0.041233 -0.034598 0.003000
v -0.037772 -0.037772 0.003000
v -0.034488 -0.041101 0.003000
v -0.031312 -0.044719 0.003000
v -0.027965 -0.048437 0.003000
v -0.023816 -0.051074 0.003000
v -0.019192 -0.052731 0.003000
v -0.014292 -0.053338 0.003000
v -0.009280 -0.052628 0.003000
v -0.004623 -0.052837 0.003000
v -0.000000 -0.053253 0.003000
v 0.004690 -0.053605 0.003000
v 0.009629 -0.054609 0.003000
v 0.014491 -0.054080 0.003000
v 0.019212 -0.052784 0.003000
v 0.023534 -0.050468 0.003000
v 0.026969 -0.046712 0.003000
v 0.030506 -0.043567 0.003000
v 0.034216 -0.040777 0.003000
v 0.038150 -0.038150 0.003000
v 0.042837 -0.035945 0.003000
v 0.046396 -0.032487 0.003000
v 0.049001 -0.028291 0.003000
v 0.050495 -0.023546 0.003000
v 0.050700 -0.018453 0.003000
v 0.051720 -0.013858 0.003000
v 0.052913 -0.009330 0.003000
v 0.054554 -0.004773 0.003000
v 0.055904 0.000000 0.007317
v 0.056115 0.004909 0.007317
v 0.055406 0.009770 0.007317
v 0.053729 0.014397 0.007317
v 0.050884 0.018520 0.007317
v 0.048269 0.022508 0.007317
v 0.045701 0.026386 0.007317
v 0.043427 0.030408 0.007317
v 0.041062 0.034455 0.007317
v 0.039079 0.039079 0.007317
v 0.036122 0.043049 0.007317
v 0.032435 0.046322 0.007317
v 0.028111 0.048689 0.007317
v 0.023075 0.049484 0.007317
v 0.018283 0.050234 0.007317
v 0.013755 0.051336 0.007317
v 0.009267 0.052555 0.007317
v 0.004787 0.054713 0.007317
v 0.000000 0.055558 0.007317
v -0.004857 0.055513 0.007317
v -0.009595 0.054416 0.007317
v -0.013872 0.051771 0.007317
v -0.018088 0.049697 0.007317
v -0.022343 0.047915 0.007317
v -0.026692 0.046232 0.007317
v -0.031677 0.045240 0.007317
v -0.036013 0.042919 0.007317
v -0.039664 0.039664 0.007317
v -0.042449 0.035619 0.007317
v -0.043832 0.030691 0.007317
v -0.045714 0.026393 0.007317
v -0.047812 0.022295 0.007317
v -0.050274 0.018298 0.007317
v -0.053652 0.014376 0.007317
v -0.055405 0.009769 0.007317
v -0.056025 0.004902 0.007317
v -0.055309 0.000000 0.007317
v -0.053342 -0.004667 0.007317
v -0.052259 -0.009215 0.007317
v -0.051487 -0.013796 0.007317
v -0.051912 -0.018894 0.007317
v -0.050848 -0.023711 0.007317
v -0.048510 -0.028007 0.007317
v -0.045363 -0.031763 0.007317
v -0.041115 -0.034499 0.007317
v -0.037640 -0.037640 0.007317
v -0.034261 -0.040831 0.007317
v -0.031016 -0.044295 0.007317
v -0.027867 -0.048267 0.007317
v -0.023736 -0.050901 0.007317
v -0.019143 -0.052596 0.007317
v -0.014307 -0.053394 0.007317
v -0.009316 -0.052833 0.007317
v -0.004625 -0.052865 0.007317
v -0.000000 -0.053014 0.007317
v 0.004640 -0.053035 0.007317
v 0.009496 -0.053853 0.007317
v 0.014389 -0.053700 0.007317
v 0.019132 -0.052566 0.007317
v 0.023495 -0.050384 0.007317
v 0.026960 -0.046695 0.007317
v 0.030435 -0.043465 0.007317
v 0.034079 -0.040614 0.007317
v 0.037851 -0.037851 0.007317
v 0.042432 -0.035604 0.007317
v 0.045971 -0.032189 0.007317
v 0.048522 -0.028014 0.007317
v 0.050095 -0.023360 0.007317
v 0.050210 -0.018275 0.007317
v 0.051216 -0.013723 0.007317
v 0.052372 -0.009235 0.007317
v 0.054048 -0.004729 0.007317
v 0.055158 0.000000 0.011621
v 0.055293 0.004838 0.011621
v 0.054590 0.009626 0.011621
v 0.053057 0.014217 0.011621
v 0.050090 0.018231 0.011621
v 0.047623 0.022207 0.011621
v 0.045311 0.026161 0.011621
v 0.042983 0.030097 0.011621
v 0.040617 0.034082 0.011621
v 0.038656 0.038656 0.011621
v 0.035639 0.042473 0.011621
v 0.031948 0.045626 0.011621
v 0.027616 0.047832 0.011621
v 0.022623 0.048515 0.011621
v 0.018027 0.049529 0.011621
v 0.013617 0.050820 0.011621
v 0.009182 0.052076 0.011621
v 0.004745 0.054239 0.011621
v 0.000000 0.055102 0.011621
v -0.004805 0.054925 0.011621
v -0.009469 0.053702 0.011621
v -0.013661 0.050985 0.011621
v -0.017922 0.049240 0.011621
v -0.022223 0.047657 0.011621
v -0.026622 0.046110 0.011621
v -0.031606 0.045138 0.011621
v -0.035808 0.042675 0.011621
v -0.039295 0.039295 0.011621
v -0.042016 0.035256 0.011621
v -0.043356 0.030358 0.011621
v -0.045268 0.026135 0.011621
v -0.047533 0.022165 0.011621
v -0.050017 0.018205 0.011621
v -0.053038 0.014212 0.011621
v -0.054588 0.009625 0.011621
v -0.055084 0.004819 0.011621
v -0.054442 0.000000 0.011621
v -0.052605 -0.004602 0.011621
v -0.051605 -0.009099 0.011621
v -0.050886 -0.013635 0.011621
v -0.051156 -0.018619 0.011621
v -0.050156 -0.023388 0.011621
v -0.047998 -0.027712 0.011621
v -0.044807 -0.031374 0.011621
v -0.040586 -0.034056 0.011621
v -0.037136 -0.037136 0.011621
v -0.033888 -0.040387 0.011621
v -0.030629 -0.043743 0.011621
v -0.027520 -0.047667 0.011621
v -0.023471 -0.050334 0.011621
v -0.018968 -0.052115 0.011621
v -0.014227 -0.053096 0.011621
v -0.009393 -0.053268 0.011621
v -0.004604 -0.052628 0.011621
v -0.000000 -0.052512 0.011621
v 0.004589 -0.052455 0.011621
v 0.009254 -0.052480 0.011621
v 0.014204 -0.053012 0.011621
v 0.018896 -0.051916 0.011621
v 0.023254 -0.049869 0.011621
v 0.027031 -0.046819 0.011621
v 0.030092 -0.042975 0.011621
v 0.033632 -0.040081 0.011621
v 0.037403 -0.037403 0.011621
v 0.041749 -0.035032 0.011621
v 0.045259 -0.031691 0.011621
v 0.047893 -0.027651 0.011621
v 0.049386 -0.023029 0.011621
v 0.049367 -0.017968 0.011621
v 0.050181 -0.013446 0.011621
v 0.051601 -0.009099 0.011621
v 0.053375 -0.004670 0.011621
v 0.053896 0.000000 0.015898
v 0.054071 0.004731 0.015898
v 0.053367 0.009410 0.015898
v 0.051791 0.013877 0.015898
v 0.049007 0.017837 0.015898
v 0.046799 0.021823 0.015898
v 0.044658 0.025784 0.015898
v 0.042348 0.029653 0.015898
v 0.040135 0.033677 0.015898
v 0.038137 0.038137 0.015898
v 0.035038 0.041756 0.015898
v 0.031297 0.044697 0.015898
v 0.027028 0.046814 0.015898
v 0.022139 0.047477 0.015898
v 0.017693 0.048612 0.015898
v 0.013374 0.049912 0.015898
v 0.009058 0.051370 0.015898
v 0.004685 0.053554 0.015898
v 0.000000 0.054230 0.015898
v -0.004742 0.054203 0.015898
v -0.009354 0.053050 0.015898
v -0.013511 0.050425 0.015898
v -0.017686 0.048593 0.015898
v -0.021920 0.047009 0.015898
v -0.026386 0.045702 0.015898
v -0.031203 0.044562 0.015898
v -0.035172 0.041916 0.015898
v -0.038478 0.038478 0.015898
v -0.041040 0.034437 0.015898
v -0.042646 0.029861 0.015898
v -0.044758 0.025841 0.015898
v -0.046962 0.021899 0.015898
v -0.049480 0.018009 0.015898
v -0.052420 0.014046 0.015898
v -0.053896 0.009503 0.015898
v -0.054351 0.004755 0.015898
v -0.053625 0.000000 0.015898
v -0.051849 -0.004536 0.015898
v -0.050866 -0.008969 0.015898
v -0.050099 -0.013424 0.015898
v -0.050138 -0.018249 0.015898
v -0.049065 -0.022880 0.015898
v -0.046980 -0.027124 0.015898
v -0.043974 -0.030791 0.015898
v -0.039787 -0.033385 0.015898
v -0.036297 -0.036297 0.015898
v -0.033040 -0.039375 0.015898
v -0.029826 -0.042596 0.015898
v -0.026812 -0.046439 0.015898
v -0.022973 -0.049265 0.015898
v -0.018671 -0.051297 0.015898
v -0.014099 -0.052617 0.015898
v -0.009366 -0.053115 0.015898
v -0.004572 -0.052254 0.015898
v -0.000000 -0.051882 0.015898
v 0.004507 -0.051521 0.015898
v 0.009046 -0.051305 0.015898
v 0.013898 -0.051870 0.015898
v 0.018640 -0.051214 0.015898
v 0.023021 -0.049368 0.015898
v 0.026825 -0.046462 0.015898
v 0.029769 -0.042514 0.015898
v 0.033053 -0.039391 0.015898
v 0.036496 -0.036496 0.015898
v 0.040742 -0.034187 0.015898
v 0.044231 -0.030971 0.015898
v 0.046746 -0.026989 0.015898
v 0.048295 -0.022520 0.015898
v 0.048348 -0.017597 0.015898
v 0.049235 -0.013193 0.015898
v 0.050497 -0.008904 0.015898
v 0.052194 -0.004566 0.015898
v 0.052716 0.000000 0.020134
v 0.052861 0.004625 0.020134
v 0.052142 0.009194 0.020134
v 0.050532 0.013540 0.020134
v 0.047775 0.017389 0.020134
v 0.045681 0.021301 0.020134
v 0.043664 0.025209 0.020134
v 0.041550 0.029093 0.020134
v 0.039839 0.033428 0.020134
v 0.037447 0.037447 0.020134
v 0.034259 0.040829 0.020134
v 0.030479 0.043528 0.020134
v 0.026200 0.045380 0.020134
v 0.021552 0.046219 0.020134
v 0.017280 0.047475 0.020134
v 0.013068 0.048770 0.020134
v 0.008866 0.050279 0.020134
v 0.004586 0.052417 0.020134
v 0.000000 0.053082 0.020134
v -0.004629 0.052914 0.020134
v -0.009113 0.051685 0.020134
v -0.013208 0.049292 0.020134
v -0.017318 0.047582 0.020134
v -0.021494 0.046093 0.020134
v -0.026138 0.045272 0.020134
v -0.030521 0.043589 0.020134
v -0.034301 0.040878 0.020134
v -0.037478 0.037478 0.020134
v -0.039504 0.033148 0.020134
v -0.041587 0.029120 0.020134
v -0.043778 0.025275 0.020134
v -0.046056 0.021476 0.020134
v -0.048636 0.017702 0.020134
v -0.051308 0.013748 0.020134
v -0.052656 0.009285 0.020134
v -0.053067 0.004643 0.020134
v -0.052361 0.000000 0.020134
v -0.050699 -0.004436 0.020134
v -0.049752 -0.008773 0.020134
v -0.048966 -0.013120 0.020134
v -0.048940 -0.017813 0.020134
v -0.047939 -0.022354 0.020134
v -0.045933 -0.026520 0.020134
v -0.043047 -0.030142 0.020134
v -0.039003 -0.032728 0.020134
v -0.035534 -0.035534 0.020134
v -0.032297 -0.038490 0.020134
v -0.029060 -0.041502 0.020134
v -0.025759 -0.044615 0.020134
v -0.022325 -0.047875 0.020134
v -0.018206 -0.050020 0.020134
v -0.013792 -0.051471 0.020134
v -0.009218 -0.052275 0.020134
v -0.004562 -0.052142 0.020134
v -0.000000 -0.051079 0.020134
v 0.004415 -0.050460 0.020134
v 0.008817 -0.050004 0.020134
v 0.013374 -0.049913 0.020134
v 0.018164 -0.049904 0.020134
v 0.022511 -0.048275 0.020134
v 0.026350 -0.045639 0.020134
v 0.029164 -0.041650 0.020134
v 0.032278 -0.038467 0.020134
v 0.035610 -0.035610 0.020134
v 0.039651 -0.033271 0.020134
v 0.043151 -0.030215 0.020134
v 0.045747 -0.026412 0.020134
v 0.047206 -0.022013 0.020134
v 0.047271 -0.017205 0.020134
v 0.048190 -0.012912 0.020134
v 0.049380 -0.008707 0.020134
v 0.051040 -0.004465 0.020134
v 0.051252 0.000000 0.024316
v 0.051429 0.004499 0.024316
v 0.050759 0.008950 0.024316
v 0.049165 0.013174 0.024316
v 0.046445 0.016905 0.024316
v 0.044343 0.020677 0.024316
v 0.042399 0.024479 0.024316
v 0.040493 0.028353 0.024316
v 0.039058 0.032774 0.024316
v 0.036581 0.036581 0.024316
v 0.033319 0.039708 0.024316
v 0.029558 0.042214 0.024316
v 0.025283 0.043792 0.024316
v 0.020905 0.044831 0.024316
v 0.016793 0.046137 0.024316
v 0.012724 0.047487 0.024316
v 0.008658 0.049103 0.024316
v 0.004473 0.051124 0.024316
v 0.000000 0.051658 0.024316
v -0.004492 0.051343 0.024316
v -0.008795 0.049877 0.024316
v -0.012790 0.047734 0.024316
v -0.016800 0.046157 0.024316
v -0.020897 0.044814 0.024316
v -0.025502 0.044170 0.024316
v -0.029652 0.042348 0.024316
v -0.033290 0.039673 0.024316
v -0.036285 0.036285 0.024316
v -0.038166 0.032025 0.024316
v -0.040371 0.028268 0.024316
v -0.042668 0.024634 0.024316
v -0.044920 0.020946 0.024316
v -0.047689 0.017357 0.024316
v -0.049885 0.013367 0.024316
v -0.051050 0.009001 0.024316
v -0.051355 0.004493 0.024316
v -0.050688 0.000000 0.024316
v -0.049131 -0.004298 0.024316
v -0.048218 -0.008502 0.024316
v -0.047448 -0.012714 0.024316
v -0.047284 -0.017210 0.024316
v -0.046481 -0.021675 0.024316
v -0.044661 -0.025785 0.024316
v -0.041956 -0.029378 0.024316
v -0.038177 -0.032034 0.024316
v -0.034704 -0.034704 0.024316
v -0.031435 -0.037463 0.024316
v -0.028138 -0.040186 0.024316
v -0.024778 -0.042917 0.024316
v -0.021501 -0.046109 0.024316
v -0.017593 -0.048336 0.024316
v -0.013384 -0.049950 0.024316
v -0.008987 -0.050965 0.024316
v -0.004481 -0.051216 0.024316
v -0.000000 -0.050027 0.024316
v 0.004299 -0.049141 0.024316
v 0.008528 -0.048365 0.024316
v 0.012850 -0.047955 0.024316
v 0.017520 -0.048136 0.024316
v 0.021778 -0.046703 0.024316
v 0.025541 -0.044238 0.024316
v 0.028287 -0.040399 0.024316
v 0.031316 -0.037321 0.024316
v 0.034597 -0.034597 0.024316
v 0.038531 -0.032332 0.024316
v 0.042155 -0.029517 0.024316
v 0.044764 -0.025844 0.024316
v 0.046208 -0.021547 0.024316
v 0.046290 -0.016848 0.024316
v 0.047176 -0.012641 0.024316
v 0.048281 -0.008513 0.024316
v 0.049777 -0.004355 0.024316
v 0.049589 0.000000 0.028431
v 0.049742 0.004352 0.028431
v 0.049056 0.008650 0.028431
v 0.047450 0.012714 0.028431
v 0.044909 0.016345 0.028431
v 0.042950 0.020028 0.028431
v 0.041124 0.023743 0.028431
v 0.039278 0.027503 0.028431
v 0.037830 0.031743 0.028431
v 0.035306 0.035306 0.028431
v 0.032134 0.038296 0.028431
v 0.028474 0.040665 0.028431
v 0.024207 0.041927 0.028431
v 0.020136 0.043182 0.028431
v 0.016204 0.044519 0.028431
v 0.012310 0.045940 0.028431
v 0.008390 0.047583 0.028431
v 0.004321 0.049393 0.028431
v 0.000000 0.049876 0.028431
v -0.004326 0.049446 0.028431
v -0.008400 0.047639 0.028431
v -0.012341 0.046056 0.028431
v -0.016232 0.044597 0.028431
v -0.020237 0.043397 0.028431
v -0.024707 0.042794 0.028431
v -0.028607 0.040856 0.028431
v -0.032041 0.038185 0.028431
v -0.034854 0.034854 0.028431
v -0.036707 0.030801 0.028431
v -0.038899 0.027237 0.028431
v -0.041133 0.023748 0.028431
v -0.043345 0.020212 0.028431
v -0.046075 0.016770 0.028431
v -0.048037 0.012871 0.028431
v -0.049237 0.008682 0.028431
v -0.049588 0.004338 0.028431
v -0.048933 0.000000 0.028431
v -0.047458 -0.004152 0.028431
v -0.046547 -0.008207 0.028431
v -0.045749 -0.012258 0.028431
v -0.045361 -0.016510 0.028431
v -0.044733 -0.020859 0.028431
v -0.042948 -0.024796 0.028431
v -0.040462 -0.028332 0.028431
v -0.037025 -0.031068 0.028431
v -0.033531 -0.033531 0.028431
v -0.030320 -0.036134 0.028431
v -0.027095 -0.038695 0.028431
v -0.023794 -0.041212 0.028431
v -0.020608 -0.044194 0.028431
v -0.016914 -0.046470 0.028431
v -0.012902 -0.048152 0.028431
v -0.008674 -0.049191 0.028431
v -0.004337 -0.049573 0.028431
v -0.000000 -0.048630 0.028431
v 0.004167 -0.047624 0.028431
v 0.008244 -0.046757 0.028431
v 0.012369 -0.046163 0.028431
v 0.016830 -0.046240 0.028431
v 0.020965 -0.044960 0.028431
v 0.024672 -0.042734 0.028431
v 0.027414 -0.039152 0.028431
v 0.030329 -0.036144 0.028431
v 0.033499 -0.033499 0.028431
v 0.037058 -0.031096 0.028431
v 0.040816 -0.028579 0.028431
v 0.043363 -0.025035 0.028431
v 0.044826 -0.020903 0.028431
v 0.044975 -0.016370 0.028431
v 0.045863 -0.012289 0.028431
v 0.046803 -0.008253 0.028431
v 0.048150 -0.004213 0.028431
v 0.047418 0.000000 0.032467
v 0.047528 0.004158 0.032467
v 0.046827 0.008257 0.032467
v 0.045304 0.012139 0.032467
v 0.042978 0.015643 0.032467
v 0.041240 0.019231 0.032467
v 0.039505 0.022808 0.032467
v 0.037778 0.026452 0.032467
v 0.036260 0.030426 0.032467
v 0.033697 0.033697 0.032467
v 0.030688 0.036573 0.032467
v 0.027186 0.038825 0.032467
v 0.023091 0.039995 0.032467
v 0.019263 0.041311 0.032467
v 0.015552 0.042729 0.032467
v 0.011856 0.044247 0.032467
v 0.008127 0.046091 0.032467
v 0.004142 0.047347 0.032467
v 0.000000 0.047698 0.032467
v -0.004131 0.047215 0.032467
v -0.008006 0.045402 0.032467
v -0.011782 0.043972 0.032467
v -0.015559 0.042749 0.032467
v -0.019440 0.041689 0.032467
v -0.023661 0.040982 0.032467
v -0.027370 0.039089 0.032467
v -0.030622 0.036494 0.032467
v -0.033274 0.033274 0.032467
v -0.035093 0.029447 0.032467
v -0.037180 0.026034 0.032467
v -0.039277 0.022677 0.032467
v -0.041418 0.019314 0.032467
v -0.044003 0.016016 0.032467
v -0.045831 0.012280 0.032467
v -0.047004 0.008288 0.032467
v -0.047526 0.004158 0.032467
v -0.047147 0.000000 0.032467
v -0.045712 -0.003999 0.032467
v -0.044737 -0.007888 0.032467
v -0.043819 -0.011741 0.032467
v -0.043217 -0.015730 0.032467
v -0.042619 -0.019873 0.032467
v -0.040896 -0.023611 0.032467
v -0.038514 -0.026968 0.032467
v -0.035492 -0.029782 0.032467
v -0.031989 -0.031989 0.032467
v -0.028918 -0.034463 0.032467
v -0.025876 -0.036954 0.032467
v -0.022720 -0.039351 0.032467
v -0.019554 -0.041934 0.032467
v -0.016144 -0.044356 0.032467
v -0.012337 -0.046041 0.032467
v -0.008296 -0.047051 0.032467
v -0.004149 -0.047424 0.032467
v -0.000000 -0.046910 0.032467
v 0.003999 -0.045706 0.032467
v 0.007921 -0.044922 0.032467
v 0.011856 -0.044249 0.032467
v 0.016087 -0.044198 0.032467
v 0.020053 -0.043004 0.032467
v 0.023642 -0.040949 0.032467
v 0.026391 -0.037690 0.032467
v 0.029130 -0.034716 0.032467
v 0.032111 -0.032111 0.032467
v 0.035374 -0.029683 0.032467
v 0.039026 -0.027326 0.032467
v 0.041502 -0.023961 0.032467
v 0.043079 -0.020088 0.032467
v 0.043348 -0.015777 0.032467
v 0.044158 -0.011832 0.032467
v 0.045020 -0.007938 0.032467
v 0.046128 -0.004036 0.032467
v 0.044920 0.000000 0.036409
v 0.044962 0.003934 0.036409
v 0.044294 0.007810 0.036409
v 0.042908 0.011497 0.036409
v 0.040732 0.014825 0.036409
v 0.039073 0.018220 0.036409
v 0.037412 0.021600 0.036409
v 0.035767 0.025044 0.036409
v 0.034303 0.028784 0.036409
v 0.031879 0.031879 0.036409
v 0.028999 0.034560 0.036409
v 0.025683 0.036680 0.036409
v 0.021827 0.037806 0.036409
v 0.018277 0.039196 0.036409
v 0.014763 0.040562 0.036409
v 0.011236 0.041935 0.036409
v 0.007730 0.043840 0.036409
v 0.003926 0.044880 0.036409
v 0.000000 0.045105 0.036409
v -0.003905 0.044629 0.036409
v -0.007570 0.042929 0.036409
v -0.011160 0.041651 0.036409
v -0.014767 0.040573 0.036409
v -0.018474 0.039617 0.036409
v -0.022433 0.038856 0.036409
v -0.025910 0.037003 0.036409
v -0.028963 0.034517 0.036409
v -0.031472 0.031472 0.036409
v -0.033265 0.027912 0.036409
v -0.035261 0.024690 0.036409
v -0.037212 0.021484 0.036409
v -0.039244 0.018300 0.036409
v -0.041614 0.015146 0.036409
v -0.043362 0.011619 0.036409
v -0.044456 0.007839 0.036409
v -0.044938 0.003932 0.036409
v -0.044622 0.000000 0.036409
v -0.043347 -0.003792 0.036409
v -0.042445 -0.007484 0.036409
v -0.041572 -0.011139 0.036409
v -0.040860 -0.014872 0.036409
v -0.040348 -0.018815 0.036409
v -0.038724 -0.022357 0.036409
v -0.036605 -0.025631 0.036409
v -0.033856 -0.028409 0.036409
v -0.030421 -0.030421 0.036409
v -0.027471 -0.032739 0.036409
v -0.024526 -0.035027 0.036409
v -0.021493 -0.037227 0.036409
v -0.018409 -0.039479 0.036409
v -0.015255 -0.041914 0.036409
v -0.011648 -0.043470 0.036409
v -0.007855 -0.044550 0.036409
v -0.003934 -0.044964 0.036409
v -0.000000 -0.044573 0.036409
v 0.003789 -0.043305 0.036409
v 0.007500 -0.042536 0.036409
v 0.011226 -0.041897 0.036409
v 0.015198 -0.041756 0.036409
v 0.018990 -0.040725 0.036409
v 0.022444 -0.038874 0.036409
v 0.025278 -0.036101 0.036409
v 0.027675 -0.032982 0.036409
v 0.030429 -0.030429 0.036409
v 0.033364 -0.027996 0.036409
v 0.036810 -0.025775 0.036409
v 0.039239 -0.022655 0.036409
v 0.040837 -0.019043 0.036409
v 0.041172 -0.014985 0.036409
v 0.041851 -0.011214 0.036409
v 0.042607 -0.007513 0.036409
v 0.043592 -0.003814 0.036409
v 0.041994 0.000000 0.040246
v 0.042072 0.003681 0.040246
v 0.041480 0.007314 0.040246
v 0.040241 0.010783 0.040246
v 0.038165 0.013891 0.040246
v 0.036547 0.017042 0.040246
v 0.034978 0.020195 0.040246
v 0.033388 0.023378 0.040246
v 0.032015 0.026864 0.040246
v 0.029809 0.029809 0.040246
v 0.027122 0.032323 0.040246
v 0.024048 0.034344 0.040246
v 0.020469 0.035453 0.040246
v 0.017122 0.036717 0.040246
v 0.013806 0.037932 0.040246
v 0.010502 0.039193 0.040246
v 0.007233 0.041022 0.040246
v 0.003674 0.041990 0.040246
v 0.000000 0.042208 0.040246
v -0.003646 0.041679 0.040246
v -0.007074 0.040119 0.040246
v -0.010457 0.039025 0.040246
v -0.013846 0.038043 0.040246
v -0.017341 0.037188 0.040246
v -0.021034 0.036433 0.040246
v -0.024261 0.034648 0.040246
v -0.027100 0.032296 0.040246
v -0.029482 0.029482 0.040246
v -0.031207 0.026186 0.040246
v -0.033087 0.023168 0.040246
v -0.034882 0.020139 0.040246
v -0.036728 0.017127 0.040246
v -0.038699 0.014085 0.040246
v -0.040507 0.010854 0.040246
v -0.041478 0.007314 0.040246
v -0.041864 0.003663 0.040246
v -0.041612 0.000000 0.040246
v -0.040491 -0.003543 0.040246
v -0.039666 -0.006994 0.040246
v -0.038857 -0.010412 0.040246
v -0.038114 -0.013872 0.040246
v -0.037742 -0.017599 0.040246
v -0.036396 -0.021013 0.040246
v -0.034434 -0.024111 0.040246
v -0.031942 -0.026803 0.040246
v -0.028763 -0.028763 0.040246
v -0.025916 -0.030886 0.040246
v -0.023037 -0.032900 0.040246
v -0.020116 -0.034841 0.040246
v -0.017190 -0.036864 0.040246
v -0.014251 -0.039153 0.040246
v -0.010892 -0.040648 0.040246
v -0.007334 -0.041591 0.040246
v -0.003673 -0.041982 0.040246
v -0.000000 -0.041666 0.040246
v 0.003550 -0.040581 0.040246
v 0.007031 -0.039873 0.040246
v 0.010511 -0.039226 0.040246
v 0.014216 -0.039057 0.040246
v 0.017819 -0.038214 0.040246
v 0.021099 -0.036545 0.040246
v 0.023839 -0.034046 0.040246
v 0.025973 -0.030953 0.040246
v 0.028432 -0.028432 0.040246
v 0.031092 -0.026089 0.040246
v 0.034243 -0.023978 0.040246
v 0.036534 -0.021093 0.040246
v 0.038082 -0.017758 0.040246
v 0.038503 -0.014014 0.040246
v 0.039068 -0.010468 0.040246
v 0.039862 -0.007029 0.040246
v 0.040773 -0.003567 0.040246
v 0.038648 0.000000 0.043966
v 0.038709 0.003387 0.043966
v 0.038174 0.006731 0.043966
v 0.037081 0.009936 0.043966
v 0.035218 0.012818 0.043966
v 0.033713 0.015721 0.043966
v 0.032236 0.018611 0.043966
v 0.030717 0.021508 0.043966
v 0.029406 0.024674 0.043966
v 0.027398 0.027398 0.043966
v 0.024979 0.029768 0.043966
v 0.022166 0.031656 0.043966
v 0.018875 0.032692 0.043966
v 0.015789 0.033860 0.043966
v 0.012751 0.035032 0.043966
v 0.009724 0.036289 0.043966
v 0.006684 0.037904 0.043966
v 0.003386 0.038697 0.043966
v 0.000000 0.038842 0.043966
v -0.003354 0.038332 0.043966
v -0.006522 0.036991 0.043966
v -0.009657 0.036042 0.043966
v -0.012787 0.035131 0.043966
v -0.015983 0.034276 0.043966
v -0.019331 0.033482 0.043966
v -0.022306 0.031856 0.043966
v -0.024935 0.029716 0.043966
v -0.027158 0.027158 0.043966
v -0.028780 0.024150 0.043966
v -0.030519 0.021370 0.043966
v -0.032169 0.018573 0.043966
v -0.033814 0.015768 0.043966
v -0.035440 0.012899 0.043966
v -0.037168 0.009959 0.043966
v -0.038060 0.006711 0.043966
v -0.038465 0.003365 0.043966
v -0.038363 0.000000 0.043966
v -0.037335 -0.003266 0.043966
v -0.036508 -0.006437 0.043966
v -0.035716 -0.009570 0.043966
v -0.034976 -0.012730 0.043966
v -0.034597 -0.016133 0.043966
v -0.033481 -0.019330 0.043966
v -0.031724 -0.022213 0.043966
v -0.029524 -0.024773 0.043966
v -0.026711 -0.026711 0.043966
v -0.024032 -0.028641 0.043966
v -0.021347 -0.030486 0.043966
v -0.018622 -0.032254 0.043966
v -0.015871 -0.034035 0.043966
v -0.013131 -0.036078 0.043966
v -0.010031 -0.037436 0.043966
v -0.006754 -0.038306 0.043966
v -0.003380 -0.038632 0.043966
v -0.000000 -0.038308 0.043966
v 0.003272 -0.037397 0.043966
v 0.006485 -0.036779 0.043966
v 0.009687 -0.036151 0.043966
v 0.013084 -0.035948 0.043966
v 0.016414 -0.035200 0.043966
v 0.019439 -0.033670 0.043966
v 0.022039 -0.031475 0.043966
v 0.024020 -0.028626 0.043966
v 0.026254 -0.026254 0.043966
v 0.028578 -0.023980 0.043966
v 0.031360 -0.021958 0.043966
v 0.033493 -0.019337 0.043966
v 0.034974 -0.016309 0.043966
v 0.035568 -0.012946 0.043966
v 0.036081 -0.009668 0.043966
v 0.036756 -0.006481 0.043966
v 0.037538 -0.003284 0.043966
v 0.034774 0.000000 0.047558
v 0.034866 0.003050 0.047558
v 0.034408 0.006067 0.047558
v 0.033476 0.008970 0.047558
v 0.031867 0.011599 0.047558
v 0.030511 0.014228 0.047558
v 0.029142 0.016825 0.047558
v 0.027733 0.019419 0.047558
v 0.026475 0.022215 0.047558
v 0.024656 0.024656 0.047558
v 0.022455 0.026761 0.047558
v 0.019926 0.028457 0.047558
v 0.016997 0.029439 0.047558
v 0.014244 0.030546 0.047558
v 0.011529 0.031675 0.047558
v 0.008797 0.032829 0.047558
v 0.006033 0.034215 0.047558
v 0.003048 0.034836 0.047558
v 0.000000 0.034922 0.047558
v -0.003017 0.034486 0.047558
v -0.005888 0.033392 0.047558
v -0.008724 0.032557 0.047558
v -0.011536 0.031696 0.047558
v -0.014382 0.030842 0.047558
v -0.017378 0.030099 0.047558
v -0.020025 0.028599 0.047558
v -0.022401 0.026696 0.047558
v -0.024455 0.024455 0.047558
v -0.025953 0.021777 0.047558
v -0.027549 0.019290 0.047558
v -0.029086 0.016793 0.047558
v -0.030499 0.014222 0.047558
v -0.031824 0.011583 0.047558
v -0.033304 0.008924 0.047558
v -0.034174 0.006026 0.047558
v -0.034604 0.003027 0.047558
v -0.034581 0.000000 0.047558
v -0.033778 -0.002955 0.047558
v -0.032974 -0.005814 0.047558
v -0.032217 -0.008633 0.047558
v -0.031480 -0.011458 0.047558
v -0.030984 -0.014448 0.047558
v -0.030027 -0.017336 0.047558
v -0.028510 -0.019963 0.047558
v -0.026627 -0.022342 0.047558
v -0.024333 -0.024333 0.047558
v -0.021769 -0.025943 0.047558
v -0.019329 -0.027605 0.047558
v -0.016846 -0.029179 0.047558
v -0.014342 -0.030756 0.047558
v -0.011842 -0.032535 0.047558
v -0.009038 -0.033732 0.047558
v -0.006084 -0.034504 0.047558
v -0.003041 -0.034761 0.047558
v -0.000000 -0.034468 0.047558
v 0.002949 -0.033706 0.047558
v 0.005854 -0.033200 0.047558
v 0.008748 -0.032650 0.047558
v 0.011782 -0.032372 0.047558
v 0.014772 -0.031680 0.047558
v 0.017510 -0.030328 0.047558
v 0.019893 -0.028410 0.047558
v 0.021722 -0.025888 0.047558
v 0.023726 -0.023726 0.047558
v 0.025733 -0.021593 0.047558
v 0.028114 -0.019686 0.047558
v 0.030044 -0.017346 0.047558
v 0.031434 -0.014658 0.047558
v 0.032258 -0.011741 0.047558
v 0.032605 -0.008737 0.047558
v 0.033172 -0.005849 0.047558
v 0.033827 -0.002959 0.047558
v 0.030229 0.000000 0.051009
v 0.030357 0.002656 0.051009
v 0.029995 0.005289 0.051009
v 0.029222 0.007830 0.051009
v 0.027858 0.010140 0.051009
v 0.026670 0.012436 0.051009
v 0.025465 0.014702 0.051009
v 0.024202 0.016947 0.051009
v 0.023063 0.019352 0.051009
v 0.021487 0.021487 0.051009
v 0.019550 0.023299 0.051009
v 0.017350 0.024778 0.051009
v 0.014823 0.025674 0.051009
v 0.012435 0.026666 0.051009
v 0.010068 0.027660 0.051009
v 0.007680 0.028661 0.051009
v 0.005258 0.029822 0.051009
v 0.002654 0.030336 0.051009
v 0.000000 0.030407 0.051009
v -0.002626 0.030021 0.051009
v -0.005136 0.029127 0.051009
v -0.007616 0.028422 0.051009
v -0.010070 0.027667 0.051009
v -0.012536 0.026884 0.051009
v -0.015119 0.026188 0.051009
v -0.017436 0.024900 0.051009
v -0.019522 0.023265 0.051009
v -0.021339 0.021339 0.051009
v -0.022693 0.019041 0.051009
v -0.024083 0.016863 0.051009
v -0.025420 0.014676 0.051009
v -0.026614 0.012410 0.051009
v -0.027710 0.010085 0.051009
v -0.028953 0.007758 0.051009
v -0.029748 0.005245 0.051009
v -0.030158 0.002639 0.051009
v -0.030176 0.000000 0.051009
v -0.029720 -0.002600 0.051009
v -0.028865 -0.005090 0.051009
v -0.028162 -0.007546 0.051009
v -0.027473 -0.009999 0.051009
v -0.026813 -0.012503 0.051009
v -0.026095 -0.015066 0.051009
v -0.024817 -0.017377 0.051009
v -0.023217 -0.019481 0.051009
v -0.021291 -0.021291 0.051009
v -0.019023 -0.022670 0.051009
v -0.016878 -0.024105 0.051009
v -0.014702 -0.025465 0.051009
v -0.012509 -0.026825 0.051009
v -0.010311 -0.028330 0.051009
v -0.007868 -0.029365 0.051009
v -0.005294 -0.030025 0.051009
v -0.002647 -0.030260 0.051009
v -0.000000 -0.030041 0.051009
v 0.002573 -0.029411 0.051009
v 0.005110 -0.028982 0.051009
v 0.007639 -0.028510 0.051009
v 0.010270 -0.028218 0.051009
v 0.012864 -0.027587 0.051009
v 0.015256 -0.026425 0.051009
v 0.017356 -0.024787 0.051009
v 0.018984 -0.022625 0.051009
v 0.020713 -0.020713 0.051009
v 0.022454 -0.018842 0.051009
v 0.024466 -0.017131 0.051009
v 0.026160 -0.015103 0.051009
v 0.027407 -0.012780 0.051009
v 0.028193 -0.010261 0.051009
v 0.028467 -0.007628 0.051009
v 0.028956 -0.005106 0.051009
v 0.029483 -0.002579 0.051009
v 0.024878 0.000000 0.054309
v 0.024990 0.002186 0.054309
v 0.024718 0.004358 0.054309
v 0.024108 0.006460 0.054309
v 0.023002 0.008372 0.054309
v 0.022015 0.010266 0.054309
v 0.021020 0.012136 0.054309
v 0.019967 0.013981 0.054309
v 0.019005 0.015947 0.054309
v 0.017705 0.017705 0.054309
v 0.016111 0.019201 0.054309
v 0.014301 0.020424 0.054309
v 0.012233 0.021188 0.054309
v 0.010265 0.022014 0.054309
v 0.008303 0.022812 0.054309
v 0.006329 0.023622 0.054309
v 0.004328 0.024543 0.054309
v 0.002185 0.024974 0.054309
v 0.000000 0.025045 0.054309
v -0.002162 0.024717 0.054309
v -0.004234 0.024011 0.054309
v -0.006284 0.023452 0.054309
v -0.008312 0.022838 0.054309
v -0.010341 0.022176 0.054309
v -0.012442 0.021550 0.054309
v -0.014371 0.020524 0.054309
v -0.016104 0.019192 0.054309
v -0.017613 0.017613 0.054309
v -0.018783 0.015761 0.054309
v -0.019925 0.013952 0.054309
v -0.021007 0.012128 0.054309
v -0.021981 0.010250 0.054309
v -0.022866 0.008323 0.054309
v -0.023867 0.006395 0.054309
v -0.024531 0.004326 0.054309
v -0.024900 0.002178 0.054309
v -0.024947 0.000000 0.054309
v -0.024645 -0.002156 0.054309
v -0.023921 -0.004218 0.054309
v -0.023312 -0.006246 0.054309
v -0.022711 -0.008266 0.054309
v -0.022090 -0.010301 0.054309
v -0.021482 -0.012403 0.054309
v -0.020438 -0.014311 0.054309
v -0.019122 -0.016045 0.054309
v -0.017560 -0.017560 0.054309
v -0.015691 -0.018699 0.054309
v -0.013924 -0.019885 0.054309
v -0.012135 -0.021018 0.054309
v -0.010315 -0.022121 0.054309
v -0.008490 -0.023327 0.054309
v -0.006479 -0.024179 0.054309
v -0.004359 -0.024720 0.054309
v -0.002182 -0.024945 0.054309
v -0.000000 -0.024802 0.054309
v 0.002126 -0.024301 0.054309
v 0.004219 -0.023929 0.054309
v 0.006306 -0.023534 0.054309
v 0.008471 -0.023273 0.054309
v 0.010595 -0.022721 0.054309
v 0.012568 -0.021768 0.054309
v 0.014311 -0.020438 0.054309
v 0.015684 -0.018692 0.054309
v 0.017107 -0.017107 0.054309
v 0.018561 -0.015575 0.054309
v 0.020195 -0.014141 0.054309
v 0.021596 -0.012468 0.054309
v 0.022629 -0.010552 0.054309
v 0.023284 -0.008475 0.054309
v 0.023499 -0.006297 0.054309
v 0.023900 -0.004214 0.054309
v 0.024310 -0.002127 0.054309
v 0.018320 0.000000 0.057447
v 0.018370 0.001607 0.057447
v 0.018169 0.003204 0.057447
v 0.017741 0.004754 0.057447
v 0.016945 0.006168 0.057447
v 0.016217 0.007562 0.057447
v 0.015475 0.008934 0.057447
v 0.014718 0.010306 0.057447
v 0.013994 0.011742 0.057447
v 0.013014 0.013014 0.057447
v 0.011846 0.014118 0.057447
v 0.010522 0.015026 0.057447
v 0.009017 0.015618 0.057447
v 0.007571 0.016237 0.057447
v 0.006121 0.016817 0.057447
v 0.004660 0.017393 0.057447
v 0.003181 0.018038 0.057447
v 0.001605 0.018346 0.057447
v 0.000000 0.018399 0.057447
v -0.001589 0.018160 0.057447
v -0.003115 0.017667 0.057447
v -0.004626 0.017265 0.057447
v -0.006118 0.016810 0.057447
v -0.007609 0.016317 0.057447
v -0.009152 0.015851 0.057447
v -0.010563 0.015086 0.057447
v -0.011841 0.014112 0.057447
v -0.012965 0.012965 0.057447
v -0.013872 0.011640 0.057447
v -0.014709 0.010300 0.057447
v -0.015502 0.008950 0.057447
v -0.016227 0.007567 0.057447
v -0.016876 0.006142 0.057447
v -0.017592 0.004714 0.057447
v -0.018076 0.003187 0.057447
v -0.018349 0.001605 0.057447
v -0.018389 0.000000 0.057447
v -0.018194 -0.001592 0.057447
v -0.017680 -0.003117 0.057447
v -0.017234 -0.004618 0.057447
v -0.016773 -0.006105 0.057447
v -0.016280 -0.007591 0.057447
v -0.015811 -0.009129 0.057447
v -0.015028 -0.010523 0.057447
v -0.014059 -0.011797 0.057447
v -0.012927 -0.012927 0.057447
v -0.011565 -0.013783 0.057447
v -0.010266 -0.014661 0.057447
v -0.008951 -0.015504 0.057447
v -0.007600 -0.016298 0.057447
v -0.006246 -0.017162 0.057447
v -0.004766 -0.017788 0.057447
v -0.003206 -0.018180 0.057447
v -0.001606 -0.018353 0.057447
v -0.000000 -0.018255 0.057447
v 0.001568 -0.017917 0.057447
v 0.003112 -0.017648 0.057447
v 0.004653 -0.017364 0.057447
v 0.006240 -0.017144 0.057447
v 0.007787 -0.016699 0.057447
v 0.009237 -0.015999 0.057447
v 0.010521 -0.015025 0.057447
v 0.011558 -0.013774 0.057447
v 0.012623 -0.012623 0.057447
v 0.013703 -0.011498 0.057447
v 0.014889 -0.010426 0.057447
v 0.015912 -0.009187 0.057447
v 0.016664 -0.007771 0.057447
v 0.017154 -0.006244 0.057447
v 0.017335 -0.004645 0.057447
v 0.017619 -0.003107 0.057447
v 0.017911 -0.001567 0.057447
v 0.012200 0.000000 0.060414
v 0.012246 0.001071 0.060414
v 0.012114 0.002136 0.060414
v 0.011824 0.003168 0.060414
v 0.011318 0.004119 0.060414
v 0.010832 0.005051 0.060414
v 0.010332 0.005965 0.060414
v 0.009819 0.006875 0.060414
v 0.009328 0.007827 0.060414
v 0.008673 0.008673 0.060414
v 0.007889 0.009402 0.060414
v 0.007004 0.010003 0.060414
v 0.006011 0.010411 0.060414
v 0.005051 0.010832 0.060414
v 0.004086 0.011226 0.060414
v 0.003112 0.011613 0.060414
v 0.002119 0.012018 0.060414
v 0.001068 0.012203 0.060414
v 0.000000 0.012222 0.060414
v -0.001057 0.012084 0.060414
v -0.002077 0.011780 0.060414
v -0.003085 0.011512 0.060414
v -0.004082 0.011214 0.060414
v -0.005075 0.010884 0.060414
v -0.006099 0.010563 0.060414
v -0.007035 0.010047 0.060414
v -0.007892 0.009405 0.060414
v -0.008651 0.008651 0.060414
v -0.009311 0.007813 0.060414
v -0.009847 0.006895 0.060414
v -0.010380 0.005993 0.060414
v -0.010850 0.005059 0.060414
v -0.011277 0.004105 0.060414
v -0.011739 0.003145 0.060414
v -0.012061 0.002127 0.060414
v -0.012240 0.001071 0.060414
v -0.012268 0.000000 0.060414
v -0.012145 -0.001063 0.060414
v -0.011826 -0.002085 0.060414
v -0.011539 -0.003092 0.060414
v -0.011209 -0.004080 0.060414
v -0.010863 -0.005065 0.060414
v -0.010544 -0.006088 0.060414
v -0.010016 -0.007013 0.060414
v -0.009369 -0.007862 0.060414
v -0.008620 -0.008620 0.060414
v -0.007741 -0.009226 0.060414
v -0.006877 -0.009822 0.060414
v -0.005990 -0.010375 0.060414
v -0.005078 -0.010890 0.060414
v -0.004166 -0.011445 0.060414
v -0.003176 -0.011853 0.060414
v -0.002136 -0.012112 0.060414
v -0.001070 -0.012226 0.060414
v -0.000000 -0.012129 0.060414
v 0.001046 -0.011959 0.060414
v 0.002079 -0.011790 0.060414
v 0.003109 -0.011603 0.060414
v 0.004168 -0.011451 0.060414
v 0.005187 -0.011123 0.060414
v 0.006143 -0.010639 0.060414
v 0.006995 -0.009990 0.060414
v 0.007707 -0.009184 0.060414
v 0.008443 -0.008443 0.060414
v 0.009168 -0.007693 0.060414
v 0.009947 -0.006965 0.060414
v 0.010606 -0.006123 0.060414
v 0.011111 -0.005181 0.060414
v 0.011449 -0.004167 0.060414
v 0.011589 -0.003105 0.060414
v 0.011790 -0.002079 0.060414
v 0.011973 -0.001048 0.060414
v 0.011657 0.000000 0.063201
v 0.011696 0.001023 0.063201
v 0.011569 0.002040 0.063201
v 0.011293 0.003026 0.063201
v 0.010823 0.003939 0.063201
v 0.010353 0.004828 0.063201
v 0.009865 0.005696 0.063201
v 0.009381 0.006569 0.063201
v 0.008910 0.007476 0.063201
v 0.008284 0.008284 0.063201
v 0.007533 0.008977 0.063201
v 0.006686 0.009549 0.063201
v 0.005745 0.009951 0.063201
v 0.004833 0.010364 0.063201
v 0.003911 0.010746 0.063201
v 0.002976 0.011107 0.063201
v 0.002024 0.011479 0.063201
v 0.001019 0.011649 0.063201
v 0.000000 0.011670 0.063201
v -0.001009 0.011535 0.063201
v -0.001986 0.011262 0.063201
v -0.002952 0.011015 0.063201
v -0.003906 0.010731 0.063201
v -0.004852 0.010406 0.063201
v -0.005815 0.010072 0.063201
v -0.006713 0.009587 0.063201
v -0.007540 0.008986 0.063201
v -0.008282 0.008282 0.063201
v -0.008925 0.007489 0.063201
v -0.009433 0.006605 0.063201
v -0.009939 0.005739 0.063201
v -0.010391 0.004845 0.063201
v -0.010804 0.003932 0.063201
v -0.011240 0.003012 0.063201
v -0.011529 0.002033 0.063201
v -0.011691 0.001023 0.063201
v -0.011726 0.000000 0.063201
v -0.011609 -0.001016 0.063201
v -0.011323 -0.001996 0.063201
v -0.011048 -0.002960 0.063201
v -0.010737 -0.003908 0.063201
v -0.010397 -0.004848 0.063201
v -0.010073 -0.005816 0.063201
v -0.009574 -0.006704 0.063201
v -0.008957 -0.007516 0.063201
v -0.008241 -0.008241 0.063201
v -0.007412 -0.008833 0.063201
v -0.006588 -0.009408 0.063201
v -0.005743 -0.009948 0.063201
v -0.004864 -0.010430 0.063201
v -0.003983 -0.010943 0.063201
v -0.003033 -0.011318 0.063201
v -0.002038 -0.011558 0.063201
v -0.001020 -0.011659 0.063201
v -0.000000 -0.011558 0.063201
v 0.001001 -0.011436 0.063201
v 0.001990 -0.011289 0.063201
v 0.002976 -0.011105 0.063201
v 0.003984 -0.010947 0.063201
v 0.004947 -0.010609 0.063201
v 0.005851 -0.010134 0.063201
v 0.006671 -0.009527 0.063201
v 0.007370 -0.008783 0.063201
v 0.008082 -0.008082 0.063201
v 0.008781 -0.007368 0.063201
v 0.009517 -0.006664 0.063201
v 0.010134 -0.005851 0.063201
v 0.010621 -0.004952 0.063201
v 0.010953 -0.003987 0.063201
v 0.011106 -0.002976 0.063201
v 0.011293 -0.001991 0.063201
v 0.011459 -0.001003 0.063201
v 0.011018 0.000000 0.065798
v 0.011043 0.000966 0.065798
v 0.010922 0.001926 0.065798
v 0.010668 0.002859 0.065798
v 0.010241 0.003727 0.065798
v 0.009806 0.004572 0.065798
v 0.009344 0.005395 0.065798
v 0.008881 0.006218 0.065798
v 0.008419 0.007065 0.065798
v 0.007822 0.007822 0.065798
v 0.007113 0.008476 0.065798
v 0.006317 0.009021 0.065798
v 0.005437 0.009417 0.065798
v 0.004577 0.009816 0.065798
v 0.003706 0.010181 0.065798
v 0.002819 0.010521 0.065798
v 0.001913 0.010851 0.065798
v 0.000963 0.011003 0.065798
v 0.000000 0.011027 0.065798
v -0.000954 0.010904 0.065798
v -0.001881 0.010667 0.065798
v -0.002796 0.010436 0.065798
v -0.003699 0.010164 0.065798
v -0.004591 0.009846 0.065798
v -0.005490 0.009510 0.065798
v -0.006336 0.009049 0.065798
v -0.007120 0.008485 0.065798
v -0.007829 0.007829 0.065798
v -0.008446 0.007087 0.065798
v -0.008933 0.006255 0.065798
v -0.009410 0.005433 0.065798
v -0.009838 0.004588 0.065798
v -0.010226 0.003722 0.065798
v -0.010625 0.002847 0.065798
v -0.010891 0.001920 0.065798
v -0.011039 0.000966 0.065798
v -0.011072 0.000000 0.065798
v -0.010965 -0.000959 0.065798
v -0.010715 -0.001889 0.065798
v -0.010462 -0.002803 0.065798
v -0.010172 -0.003702 0.065798
v -0.009842 -0.004589 0.065798
v -0.009515 -0.005493 0.065798
v -0.009043 -0.006332 0.065798
v -0.008462 -0.007101 0.065798
v -0.007792 -0.007792 0.065798
v -0.007019 -0.008365 0.065798
v -0.006238 -0.008908 0.065798
v -0.005438 -0.009419 0.065798
v -0.004605 -0.009875 0.065798
v -0.003767 -0.010349 0.065798
v -0.002865 -0.010692 0.065798
v -0.001924 -0.010911 0.065798
v -0.000962 -0.011000 0.065798
v -0.000000 -0.010912 0.065798
v 0.000947 -0.010822 0.065798
v 0.001885 -0.010692 0.065798
v 0.002818 -0.010518 0.065798
v 0.003768 -0.010353 0.065798
v 0.004672 -0.010019 0.065798
v 0.005523 -0.009566 0.065798
v 0.006300 -0.008998 0.065798
v 0.006975 -0.008313 0.065798
v 0.007654 -0.007654 0.065798
v 0.008315 -0.006977 0.065798
v 0.009000 -0.006302 0.065798
v 0.009574 -0.005527 0.065798
v 0.010030 -0.004677 0.065798
v 0.010350 -0.003767 0.065798
v 0.010514 -0.002817 0.065798
v 0.010691 -0.001885 0.065798
v 0.010845 -0.000949 0.065798
v 0.010294 0.000000 0.068198
v 0.010300 0.000901 0.068198
v 0.010185 0.001796 0.068198
v 0.009959 0.002669 0.068198
v 0.009579 0.003486 0.068198
v 0.009185 0.004283 0.068198
v 0.008759 0.005057 0.068198
v 0.008311 0.005819 0.068198
v 0.007858 0.006594 0.068198
v 0.007291 0.007291 0.068198
v 0.006632 0.007904 0.068198
v 0.005897 0.008421 0.068198
v 0.005085 0.008808 0.068198
v 0.004285 0.009190 0.068198
v 0.003471 0.009537 0.068198
v 0.002642 0.009861 0.068198
v 0.001788 0.010138 0.068198
v 0.000898 0.010270 0.068198
v 0.000000 0.010294 0.068198
v -0.000892 0.010192 0.068198
v -0.001762 0.009992 0.068198
v -0.002618 0.009771 0.068198
v -0.003462 0.009512 0.068198
v -0.004292 0.009204 0.068198
v -0.005126 0.008878 0.068198
v -0.005908 0.008438 0.068198
v -0.006638 0.007911 0.068198
v -0.007306 0.007306 0.068198
v -0.007889 0.006620 0.068198
v -0.008353 0.005849 0.068198
v -0.008797 0.005079 0.068198
v -0.009198 0.004289 0.068198
v -0.009554 0.003478 0.068198
v -0.009908 0.002655 0.068198
v -0.010160 0.001791 0.068198
v -0.010297 0.000901 0.068198
v -0.010321 0.000000 0.068198
v -0.010229 -0.000895 0.068198
v -0.010018 -0.001766 0.068198
v -0.009793 -0.002624 0.068198
v -0.009524 -0.003466 0.068198
v -0.009209 -0.004294 0.068198
v -0.008882 -0.005128 0.068198
v -0.008434 -0.005905 0.068198
v -0.007895 -0.006624 0.068198
v -0.007280 -0.007280 0.068198
v -0.006568 -0.007828 0.068198
v -0.005834 -0.008331 0.068198
v -0.005084 -0.008805 0.068198
v -0.004307 -0.009236 0.068198
v -0.003521 -0.009673 0.068198
v -0.002674 -0.009980 0.068198
v -0.001795 -0.010179 0.068198
v -0.000897 -0.010258 0.068198
v -0.000000 -0.010188 0.068198
v 0.000886 -0.010122 0.068198
v 0.001764 -0.010004 0.068198
v 0.002637 -0.009840 0.068198
v 0.003519 -0.009669 0.068198
v 0.004361 -0.009353 0.068198
v 0.005156 -0.008931 0.068198
v 0.005882 -0.008401 0.068198
v 0.006524 -0.007774 0.068198
v 0.007160 -0.007160 0.068198
v 0.007772 -0.006522 0.068198
v 0.008402 -0.005883 0.068198
v 0.008935 -0.005159 0.068198
v 0.009352 -0.004361 0.068198
v 0.009655 -0.003514 0.068198
v 0.009827 -0.002633 0.068198
v 0.009994 -0.001762 0.068198
v 0.010138 -0.000887 0.068198
v 0.009481 0.000000 0.070392
v 0.009482 0.000830 0.070392
v 0.009376 0.001653 0.070392
v 0.009169 0.002457 0.070392
v 0.008835 0.003216 0.070392
v 0.008484 0.003956 0.070392
v 0.008099 0.004676 0.070392
v 0.007677 0.005375 0.070392
v 0.007242 0.006077 0.070392
v 0.006712 0.006712 0.070392
v 0.006106 0.007277 0.070392
v 0.005433 0.007759 0.070392
v 0.004692 0.008127 0.070392
v 0.003956 0.008484 0.070392
v 0.003205 0.008806 0.070392
v 0.002440 0.009104 0.070392
v 0.001648 0.009347 0.070392
v 0.000828 0.009462 0.070392
v 0.000000 0.009482 0.070392
v -0.000822 0.009397 0.070392
v -0.001628 0.009233 0.070392
v -0.002421 0.009036 0.070392
v -0.003200 0.008791 0.070392
v -0.003961 0.008494 0.070392
v -0.004715 0.008167 0.070392
v -0.005438 0.007767 0.070392
v -0.006109 0.007281 0.070392
v -0.006722 0.006722 0.070392
v -0.007265 0.006096 0.070392
v -0.007704 0.005395 0.070392
v -0.008116 0.004686 0.070392
v -0.008482 0.003955 0.070392
v -0.008807 0.003206 0.070392
v -0.009126 0.002445 0.070392
v -0.009348 0.001648 0.070392
v -0.009470 0.000829 0.070392
v -0.009493 0.000000 0.070392
v -0.009412 -0.000823 0.070392
v -0.009239 -0.001629 0.070392
v -0.009042 -0.002423 0.070392
v -0.008793 -0.003200 0.070392
v -0.008498 -0.003963 0.070392
v -0.008184 -0.004725 0.070392
v -0.007769 -0.005440 0.070392
v -0.007273 -0.006102 0.070392
v -0.006709 -0.006709 0.070392
v -0.006067 -0.007230 0.070392
v -0.005383 -0.007687 0.070392
v -0.004689 -0.008121 0.070392
v -0.003973 -0.008520 0.070392
v -0.003246 -0.008917 0.070392
v -0.002464 -0.009198 0.070392
v -0.001653 -0.009375 0.070392
v -0.000826 -0.009444 0.070392
v -0.000000 -0.009397 0.070392
v 0.000817 -0.009342 0.070392
v 0.001628 -0.009235 0.070392
v 0.002435 -0.009087 0.070392
v 0.003243 -0.008911 0.070392
v 0.004018 -0.008616 0.070392
v 0.004752 -0.008230 0.070392
v 0.005419 -0.007739 0.070392
v 0.006020 -0.007174 0.070392
v 0.006609 -0.006609 0.070392
v 0.007173 -0.006019 0.070392
v 0.007743 -0.005422 0.070392
v 0.008226 -0.004749 0.070392
v 0.008608 -0.004014 0.070392
v 0.008890 -0.003236 0.070392
v 0.009063 -0.002428 0.070392
v 0.009225 -0.001627 0.070392
v 0.009355 -0.000818 0.070392
v 0.008597 0.000000 0.072375
v 0.008594 0.000752 0.072375
v 0.008498 0.001498 0.072375
v 0.008311 0.002227 0.072375
v 0.008022 0.002920 0.072375
v 0.007711 0.003596 0.072375
v 0.007366 0.004253 0.072375
v 0.006978 0.004886 0.072375
v 0.006571 0.005514 0.072375
v 0.006085 0.006085 0.072375
v 0.005536 0.006597 0.072375
v 0.004928 0.007038 0.072375
v 0.004261 0.007381 0.072375
v 0.003594 0.007708 0.072375
v 0.002912 0.008001 0.072375
v 0.002216 0.008270 0.072375
v 0.001495 0.008481 0.072375
v 0.000751 0.008584 0.072375
v 0.000000 0.008602 0.072375
v -0.000746 0.008531 0.072375
v -0.001480 0.008395 0.072375
v -0.002203 0.008221 0.072375
v -0.002910 0.007994 0.072375
v -0.003599 0.007717 0.072375
v -0.004271 0.007397 0.072375
v -0.004930 0.007041 0.072375
v -0.005537 0.006599 0.072375
v -0.006090 0.006090 0.072375
v -0.006587 0.005527 0.072375
v -0.006997 0.004899 0.072375
v -0.007374 0.004257 0.072375
v -0.007705 0.003593 0.072375
v -0.007998 0.002911 0.072375
v -0.008280 0.002218 0.072375
v -0.008474 0.001494 0.072375
v -0.008581 0.000751 0.072375
v -0.008602 0.000000 0.072375
v -0.008533 -0.000747 0.072375
v -0.008391 -0.001480 0.072375
v -0.008220 -0.002203 0.072375
v -0.007993 -0.002909 0.072375
v -0.007721 -0.003601 0.072375
v -0.007426 -0.004287 0.072375
v -0.007046 -0.004934 0.072375
v -0.006596 -0.005535 0.072375
v -0.006086 -0.006086 0.072375
v -0.005512 -0.006569 0.072375
v -0.004891 -0.006985 0.072375
v -0.004260 -0.007378 0.072375
v -0.003609 -0.007740 0.072375
v -0.002945 -0.008091 0.072375
v -0.002235 -0.008342 0.072375
v -0.001499 -0.008499 0.072375
v -0.000749 -0.008561 0.072375
v -0.000000 -0.008535 0.072375
v 0.000743 -0.008489 0.072375
v 0.001480 -0.008394 0.072375
v 0.002215 -0.008266 0.072375
v 0.002943 -0.008086 0.072375
v 0.003644 -0.007814 0.072375
v 0.004309 -0.007464 0.072375
v 0.004912 -0.007015 0.072375
v 0.005470 -0.006519 0.072375
v 0.006008 -0.006008 0.072375
v 0.006519 -0.005470 0.072375
v 0.007027 -0.004920 0.072375
v 0.007459 -0.004306 0.072375
v 0.007803 -0.003639 0.072375
v 0.008062 -0.002934 0.072375
v 0.008231 -0.002206 0.072375
v 0.008384 -0.001478 0.072375
v 0.008499 -0.000744 0.072375
v 0.007653 0.000000 0.074139
v 0.007643 0.000669 0.074139
v 0.007556 0.001332 0.074139
v 0.007396 0.001982 0.074139
v 0.007150 0.002603 0.074139
v 0.006878 0.003207 0.074139
v 0.006569 0.003793 0.074139
v 0.006223 0.004358 0.074139
v 0.005854 0.004912 0.074139
v 0.005417 0.005417 0.074139
v 0.004926 0.005871 0.074139
v 0.004386 0.006264 0.074139
v 0.003799 0.006579 0.074139
v 0.003206 0.006875 0.074139
v 0.002597 0.007136 0.074139
v 0.001975 0.007370 0.074139
v 0.001331 0.007549 0.074139
v 0.000668 0.007641 0.074139
v 0.000000 0.007659 0.074139
v -0.000665 0.007603 0.074139
v -0.001320 0.007488 0.074139
v -0.001965 0.007332 0.074139
v -0.002595 0.007130 0.074139
v -0.003209 0.006881 0.074139
v -0.003805 0.006590 0.074139
v -0.004387 0.006265 0.074139
v -0.004926 0.005870 0.074139
v -0.005420 0.005420 0.074139
v -0.005865 0.004921 0.074139
v -0.006240 0.004369 0.074139
v -0.006575 0.003796 0.074139
v -0.006872 0.003204 0.074139
v -0.007132 0.002596 0.074139
v -0.007373 0.001975 0.074139
v -0.007542 0.001330 0.074139
v -0.007637 0.000668 0.074139
v -0.007658 0.000000 0.074139
v -0.007600 -0.000665 0.074139
v -0.007482 -0.001319 0.074139
v -0.007331 -0.001964 0.074139
v -0.007130 -0.002595 0.074139
v -0.006886 -0.003211 0.074139
v -0.006613 -0.003818 0.074139
v -0.006274 -0.004393 0.074139
v -0.005873 -0.004928 0.074139
v -0.005418 -0.005418 0.074139
v -0.004911 -0.005853 0.074139
v -0.004361 -0.006228 0.074139
v -0.003800 -0.006581 0.074139
v -0.003218 -0.006900 0.074139
v -0.002621 -0.007202 0.074139
v -0.001988 -0.007420 0.074139
v -0.001333 -0.007560 0.074139
v -0.000666 -0.007613 0.074139
v -0.000000 -0.007607 0.074139
v 0.000662 -0.007572 0.074139
v 0.001320 -0.007488 0.074139
v 0.001977 -0.007377 0.074139
v 0.002620 -0.007199 0.074139
v 0.003242 -0.006952 0.074139
v 0.003834 -0.006640 0.074139
v 0.004372 -0.006244 0.074139
v 0.004879 -0.005815 0.074139
v 0.005362 -0.005362 0.074139
v 0.005818 -0.004882 0.074139
v 0.006262 -0.004385 0.074139
v 0.006638 -0.003832 0.074139
v 0.006945 -0.003239 0.074139
v 0.007178 -0.002613 0.074139
v 0.007337 -0.001966 0.074139
v 0.007476 -0.001318 0.074139
v 0.007576 -0.000663 0.074139
v 0.006656 0.000000 0.075679
v 0.006642 0.000581 0.075679
v 0.006566 0.001158 0.075679
v 0.006430 0.001723 0.075679
v 0.006226 0.002266 0.075679
v 0.005992 0.002794 0.075679
v 0.005723 0.003304 0.075679
v 0.005421 0.003796 0.075679
v 0.005094 0.004275 0.075679
v 0.004712 0.004712 0.075679
v 0.004283 0.005104 0.075679
v 0.003815 0.005448 0.075679
v 0.003308 0.005730 0.075679
v 0.002793 0.005990 0.075679
v 0.002263 0.006217 0.075679
v 0.001719 0.006415 0.075679
v 0.001158 0.006565 0.075679
v 0.000581 0.006644 0.075679
v 0.000000 0.006662 0.075679
v -0.000579 0.006620 0.075679
v -0.001150 0.006524 0.075679
v -0.001712 0.006389 0.075679
v -0.002261 0.006213 0.075679
v -0.002795 0.005994 0.075679
v -0.003312 0.005737 0.075679
v -0.003815 0.005448 0.075679
v -0.004282 0.005103 0.075679
v -0.004712 0.004712 0.075679
v -0.005101 0.004281 0.075679
v -0.005437 0.003807 0.075679
v -0.005729 0.003307 0.075679
v -0.005989 0.002792 0.075679
v -0.006213 0.002261 0.075679
v -0.006415 0.001719 0.075679
v -0.006559 0.001157 0.075679
v -0.006640 0.000581 0.075679
v -0.006660 0.000000 0.075679
v -0.006614 -0.000579 0.075679
v -0.006517 -0.001149 0.075679
v -0.006386 -0.001711 0.075679
v -0.006213 -0.002261 0.075679
v -0.005999 -0.002797 0.075679
v -0.005753 -0.003322 0.075679
v -0.005457 -0.003821 0.075679
v -0.005108 -0.004286 0.075679
v -0.004713 -0.004713 0.075679
v -0.004274 -0.005094 0.075679
v -0.003799 -0.005425 0.075679
v -0.003311 -0.005734 0.075679
v -0.002802 -0.006009 0.075679
v -0.002279 -0.006263 0.075679
v -0.001728 -0.006448 0.075679
v -0.001159 -0.006571 0.075679
v -0.000579 -0.006618 0.075679
v -0.000000 -0.006624 0.075679
v 0.000577 -0.006596 0.075679
v 0.001150 -0.006524 0.075679
v 0.001721 -0.006422 0.075679
v 0.002279 -0.006261 0.075679
v 0.002818 -0.006043 0.075679
v 0.003332 -0.005772 0.075679
v 0.003805 -0.005434 0.075679
v 0.004252 -0.005067 0.075679
v 0.004674 -0.004674 0.075679
v 0.005072 -0.004256 0.075679
v 0.005450 -0.003816 0.075679
v 0.005772 -0.003333 0.075679
v 0.006040 -0.002816 0.075679
v 0.006245 -0.002273 0.075679
v 0.006390 -0.001712 0.075679
v 0.006512 -0.001148 0.075679
v 0.006598 -0.000577 0.075679
v 0.005614 0.000000 0.076991
v 0.005599 0.000490 0.076991
v 0.005535 0.000976 0.076991
v 0.005423 0.001453 0.076991
v 0.005257 0.001913 0.076991
v 0.005062 0.002361 0.076991
v 0.004835 0.002792 0.076991
v 0.004580 0.003207 0.076991
v 0.004299 0.003607 0.076991
v 0.003974 0.003974 0.076991
v 0.003612 0.004305 0.076991
v 0.003218 0.004596 0.076991
v 0.002795 0.004840 0.076991
v 0.002360 0.005061 0.076991
v 0.001912 0.005252 0.076991
v 0.001451 0.005414 0.076991
v 0.000976 0.005536 0.076991
v 0.000490 0.005603 0.076991
v 0.000000 0.005620 0.076991
v -0.000489 0.005588 0.076991
v -0.000972 0.005510 0.076991
v -0.001446 0.005398 0.076991
v -0.001911 0.005249 0.076991
v -0.002361 0.005063 0.076991
v -0.002796 0.004843 0.076991
v -0.003217 0.004595 0.076991
v -0.003610 0.004303 0.076991
v -0.003973 0.003973 0.076991
v -0.004303 0.003610 0.076991
v -0.004592 0.003215 0.076991
v -0.004840 0.002794 0.076991
v -0.005060 0.002360 0.076991
v -0.005249 0.001911 0.076991
v -0.005414 0.001451 0.076991
v -0.005532 0.000975 0.076991
v -0.005599 0.000490 0.076991
v -0.005617 0.000000 0.076991
v -0.005583 -0.000488 0.076991
v -0.005505 -0.000971 0.076991
v -0.005395 -0.001446 0.076991
v -0.005249 -0.001911 0.076991
v -0.005067 -0.002363 0.076991
v -0.004855 -0.002803 0.076991
v -0.004602 -0.003222 0.076991
v -0.004307 -0.003614 0.076991
v -0.003975 -0.003975 0.076991
v -0.003607 -0.004298 0.076991
v -0.003209 -0.004582 0.076991
v -0.002796 -0.004844 0.076991
v -0.002366 -0.005074 0.076991
v -0.001922 -0.005282 0.076991
v -0.001456 -0.005435 0.076991
v -0.000977 -0.005539 0.076991
v -0.000489 -0.005584 0.076991
v -0.000000 -0.005594 0.076991
v 0.000487 -0.005572 0.076991
v 0.000972 -0.005511 0.076991
v 0.001452 -0.005421 0.076991
v 0.001922 -0.005281 0.076991
v 0.002376 -0.005095 0.076991
v 0.002810 -0.004866 0.076991
v 0.003212 -0.004587 0.076991
v 0.003592 -0.004281 0.076991
v 0.003951 -0.003951 0.076991
v 0.004285 -0.003595 0.076991
v 0.004599 -0.003220 0.076991
v 0.004868 -0.002810 0.076991
v 0.005093 -0.002375 0.076991
v 0.005269 -0.001918 0.076991
v 0.005399 -0.001447 0.076991
v 0.005502 -0.000970 0.076991
v 0.005572 -0.000487 0.076991
v 0.004535 0.000000 0.078069
v 0.004522 0.000396 0.078069
v 0.004470 0.000788 0.078069
v 0.004380 0.001174 0.078069
v 0.004251 0.001547 0.078069
v 0.004096 0.001910 0.078069
v 0.003913 0.002259 0.078069
v 0.003704 0.002594 0.078069
v 0.003473 0.002915 0.078069
v 0.003210 0.003210 0.078069
v 0.002918 0.003477 0.078069
v 0.002601 0.003714 0.078069
v 0.002261 0.003916 0.078069
v 0.001910 0.004095 0.078069
v 0.001546 0.004248 0.078069
v 0.001172 0.004375 0.078069
v 0.000788 0.004471 0.078069
v 0.000396 0.004525 0.078069
v 0.000000 0.004540 0.078069
v -0.000395 0.004517 0.078069
v -0.000786 0.004456 0.078069
v -0.001170 0.004367 0.078069
v -0.001546 0.004247 0.078069
v -0.001910 0.004096 0.078069
v -0.002261 0.003916 0.078069
v -0.002599 0.003712 0.078069
v -0.002916 0.003475 0.078069
v -0.003209 0.003209 0.078069
v -0.003476 0.002916 0.078069
v -0.003712 0.002599 0.078069
v -0.003915 0.002260 0.078069
v -0.004095 0.001909 0.078069
v -0.004247 0.001546 0.078069
v -0.004376 0.001172 0.078069
v -0.004468 0.000788 0.078069
v -0.004521 0.000396 0.078069
v -0.004537 0.000000 0.078069
v -0.004513 -0.000395 0.078069
v -0.004453 -0.000785 0.078069
v -0.004365 -0.001170 0.078069
v -0.004247 -0.001546 0.078069
v -0.004099 -0.001911 0.078069
v -0.003923 -0.002265 0.078069
v -0.003717 -0.002603 0.078069
v -0.003478 -0.002919 0.078069
v -0.003210 -0.003210 0.078069
v -0.002915 -0.003474 0.078069
v -0.002595 -0.003706 0.078069
v -0.002262 -0.003917 0.078069
v -0.001913 -0.004103 0.078069
v -0.001553 -0.004266 0.078069
v -0.001176 -0.004388 0.078069
v -0.000789 -0.004473 0.078069
v -0.000395 -0.004513 0.078069
v -0.000000 -0.004524 0.078069
v 0.000394 -0.004507 0.078069
v 0.000786 -0.004457 0.078069
v 0.001174 -0.004380 0.078069
v 0.001552 -0.004265 0.078069
v 0.001919 -0.004115 0.078069
v 0.002269 -0.003930 0.078069
v 0.002596 -0.003708 0.078069
v 0.002906 -0.003463 0.078069
v 0.003197 -0.003197 0.078069
v 0.003466 -0.002908 0.078069
v 0.003715 -0.002602 0.078069
v 0.003931 -0.002270 0.078069
v 0.004113 -0.001918 0.078069
v 0.004257 -0.001550 0.078069
v 0.004368 -0.001170 0.078069
v 0.004452 -0.000785 0.078069
v 0.004506 -0.000394 0.078069
v 0.003427 0.000000 0.078912
v 0.003416 0.000299 0.078912
v 0.003377 0.000595 0.078912
v 0.003310 0.000887 0.078912
v 0.003215 0.001170 0.078912
v 0.003099 0.001445 0.078912
v 0.002961 0.001709 0.078912
v 0.002802 0.001962 0.078912
v 0.002625 0.002203 0.078912
v 0.002425 0.002425 0.078912
v 0.002204 0.002627 0.078912
v 0.001965 0.002807 0.078912
v 0.001710 0.002962 0.078912
v 0.001445 0.003099 0.078912
v 0.001170 0.003214 0.078912
v 0.000886 0.003307 0.078912
v 0.000596 0.003377 0.078912
v 0.000299 0.003418 0.078912
v 0.000000 0.003429 0.078912
v -0.000299 0.003414 0.078912
v -0.000594 0.003370 0.078912
v -0.000885 0.003304 0.078912
v -0.001170 0.003213 0.078912
v -0.001445 0.003099 0.078912
v -0.001710 0.002962 0.078912
v -0.001965 0.002806 0.078912
v -0.002203 0.002626 0.078912
v -0.002424 0.002424 0.078912
v -0.002626 0.002203 0.078912
v -0.002806 0.001965 0.078912
v -0.002962 0.001710 0.078912
v -0.003098 0.001445 0.078912
v -0.003213 0.001170 0.078912
v -0.003308 0.000886 0.078912
v -0.003376 0.000595 0.078912
v -0.003416 0.000299 0.078912
v -0.003428 0.000000 0.078912
v -0.003412 -0.000298 0.078912
v -0.003369 -0.000594 0.078912
v -0.003303 -0.000885 0.078912
v -0.003214 -0.001170 0.078912
v -0.003100 -0.001446 0.078912
v -0.002966 -0.001712 0.078912
v -0.002808 -0.001966 0.078912
v -0.002627 -0.002205 0.078912
v -0.002425 -0.002425 0.078912
v -0.002203 -0.002625 0.078912
v -0.001963 -0.002803 0.078912
v -0.001711 -0.002963 0.078912
v -0.001447 -0.003103 0.078912
v -0.001173 -0.003223 0.078912
v -0.000888 -0.003314 0.078912
v -0.000596 -0.003378 0.078912
v -0.000298 -0.003412 0.078912
v -0.000000 -0.003422 0.078912
v 0.000298 -0.003409 0.078912
v 0.000594 -0.003371 0.078912
v 0.000887 -0.003310 0.078912
v 0.001173 -0.003222 0.078912
v 0.001449 -0.003108 0.078912
v 0.001714 -0.002969 0.078912
v 0.001963 -0.002804 0.078912
v 0.002199 -0.002620 0.078912
v 0.002419 -0.002419 0.078912
v 0.002621 -0.002200 0.078912
v 0.002808 -0.001966 0.078912
v 0.002969 -0.001714 0.078912
v 0.003107 -0.001449 0.078912
v 0.003218 -0.001171 0.078912
v 0.003304 -0.000885 0.078912
v 0.003368 -0.000594 0.078912
v 0.003409 -0.000298 0.078912
v 0.002297 0.000000 0.079516
v 0.002289 0.000200 0.079516
v 0.002262 0.000399 0.079516
v 0.002218 0.000594 0.079516
v 0.002156 0.000785 0.079516
v 0.002079 0.000969 0.079516
v 0.001987 0.001147 0.079516
v 0.001880 0.001316 0.079516
v 0.001759 0.001476 0.079516
v 0.001625 0.001625 0.079516
v 0.001477 0.001760 0.079516
v 0.001317 0.001881 0.079516
v 0.001147 0.001987 0.079516
v 0.000970 0.002079 0.079516
v 0.000785 0.002156 0.079516
v 0.000594 0.002217 0.079516
v 0.000399 0.002263 0.079516
v 0.000200 0.002289 0.079516
v 0.000000 0.002298 0.079516
v -0.000200 0.002288 0.079516
v -0.000399 0.002260 0.079516
v -0.000594 0.002216 0.079516
v -0.000785 0.002156 0.079516
v -0.000969 0.002079 0.079516
v -0.001147 0.001987 0.079516
v -0.001317 0.001881 0.079516
v -0.001476 0.001760 0.079516
v -0.001624 0.001624 0.079516
v -0.001760 0.001477 0.079516
v -0.001881 0.001317 0.079516
v -0.001987 0.001147 0.079516
v -0.002079 0.000969 0.079516
v -0.002156 0.000785 0.079516
v -0.002218 0.000594 0.079516
v -0.002262 0.000399 0.079516
v -0.002289 0.000200 0.079516
v -0.002297 0.000000 0.079516
v -0.002287 -0.000200 0.079516
v -0.002260 -0.000398 0.079516
v -0.002216 -0.000594 0.079516
v -0.002156 -0.000785 0.079516
v -0.002080 -0.000970 0.079516
v -0.001988 -0.001148 0.079516
v -0.001882 -0.001318 0.079516
v -0.001760 -0.001477 0.079516
v -0.001625 -0.001625 0.079516
v -0.001476 -0.001759 0.079516
v -0.001316 -0.001880 0.079516
v -0.001147 -0.001987 0.079516
v -0.000970 -0.002080 0.079516
v -0.000786 -0.002159 0.079516
v -0.000595 -0.002220 0.079516
v -0.000399 -0.002263 0.079516
v -0.000200 -0.002287 0.079516
v -0.000000 -0.002295 0.079516
v 0.000200 -0.002286 0.079516
v 0.000399 -0.002260 0.079516
v 0.000594 -0.002219 0.079516
v 0.000786 -0.002159 0.079516
v 0.000971 -0.002082 0.079516
v 0.001149 -0.001989 0.079516
v 0.001316 -0.001880 0.079516
v 0.001475 -0.001758 0.079516
v 0.001622 -0.001622 0.079516
v 0.001758 -0.001475 0.079516
v 0.001882 -0.001317 0.079516
v 0.001990 -0.001149 0.079516
v 0.002082 -0.000971 0.079516
v 0.002157 -0.000785 0.079516
v 0.002216 -0.000594 0.079516
v 0.002260 -0.000398 0.079516
v 0.002286 -0.000200 0.079516
v 0.001152 0.000000 0.079879
v 0.001148 0.000100 0.079879
v 0.001135 0.000200 0.079879
v 0.001113 0.000298 0.079879
v 0.001082 0.000394 0.079879
v 0.001044 0.000487 0.079879
v 0.000997 0.000576 0.079879
v 0.000943 0.000661 0.079879
v 0.000882 0.000740 0.079879
v 0.000815 0.000815 0.079879
v 0.000741 0.000883 0.079879
v 0.000661 0.000944 0.079879
v 0.000576 0.000997 0.079879
v 0.000487 0.001044 0.079879
v 0.000394 0.001082 0.079879
v 0.000298 0.001113 0.079879
v 0.000200 0.001135 0.079879
v 0.000100 0.001148 0.079879
v 0.000000 0.001152 0.079879
v -0.000100 0.001148 0.079879
v -0.000200 0.001134 0.079879
v -0.000298 0.001112 0.079879
v -0.000394 0.001082 0.079879
v -0.000487 0.001044 0.079879
v -0.000576 0.000997 0.079879
v -0.000661 0.000944 0.079879
v -0.000740 0.000882 0.079879
v -0.000815 0.000815 0.079879
v -0.000883 0.000741 0.079879
v -0.000944 0.000661 0.079879
v -0.000997 0.000576 0.079879
v -0.001044 0.000487 0.079879
v -0.001082 0.000394 0.079879
v -0.001113 0.000298 0.079879
v -0.001135 0.000200 0.079879
v -0.001148 0.000100 0.079879
v -0.001152 0.000000 0.079879
v -0.001147 -0.000100 0.079879
v -0.001134 -0.000200 0.079879
v -0.001112 -0.000298 0.079879
v -0.001082 -0.000394 0.079879
v -0.001044 -0.000487 0.079879
v -0.000998 -0.000576 0.079879
v -0.000944 -0.000661 0.079879
v -0.000883 -0.000741 0.079879
v -0.000815 -0.000815 0.079879
v -0.000740 -0.000882 0.079879
v -0.000661 -0.000943 0.079879
v -0.000576 -0.000997 0.079879
v -0.000487 -0.001044 0.079879
v -0.000394 -0.001083 0.079879
v -0.000298 -0.001113 0.079879
v -0.000200 -0.001135 0.079879
v -0.000100 -0.001147 0.079879
v -0.000000 -0.001152 0.079879
v 0.000100 -0.001147 0.079879
v 0.000200 -0.001134 0.079879
v 0.000298 -0.001113 0.079879
v 0.000394 -0.001083 0.079879
v 0.000487 -0.001044 0.079879
v 0.000576 -0.000998 0.079879
v 0.000661 -0.000943 0.079879
v 0.000740 -0.000882 0.079879
v 0.000814 -0.000814 0.079879
v 0.000882 -0.000740 0.079879
v 0.000944 -0.000661 0.079879
v 0.000998 -0.000576 0.079879
v 0.001044 -0.000487 0.079879
v 0.001082 -0.000394 0.079879
v 0.001112 -0.000298 0.079879
v 0.001134 -0.000200 0.079879
v 0.001147 -0.000100 0.079879
v 0.000000 0.000000 0.080000
vt 0.500000 0.000000
vt 0.000000 0.000787
vt 0.013889 0.000787
vt 0.027778 0.000787
vt 0.041667 0.000787
vt 0.055556 0.000787
vt 0.069444 0.000787
vt 0.083333 0.000787
vt 0.097222 0.000787
vt 0.111111 0.000787
vt 0.125000 0.000787
vt 0.138889 0.000787
vt 0.152778 0.000787
vt 0.166667 0.000787
vt 0.180556 0.000787
vt 0.194444 0.000787
vt 0.208333 0.000787
vt 0.222222 0.000787
vt 0.236111 0.000787
vt 0.250000 0.000787
vt 0.263889 0.000787
vt 0.277778 0.000787
vt 0.291667 0.000787
vt 0.305556 0.000787
vt 0.319444 0.000787
vt 0.333333 0.000787
vt 0.347222 0.000787
vt 0.361111 0.000787
vt 0.375000 0.000787
vt 0.388889 0.000787
vt 0.402778 0.000787
vt 0.416667 0.000787
vt 0.430556 0.000787
vt 0.444444 0.000787
vt 0.458333 0.000787
vt 0.472222 0.000787
vt 0.486111 0.000787
vt 0.500000 0.000787
vt 0.513889 0.000787
vt 0.527778 0.000787
vt 0.541667 0.000787
vt 0.555556 0.000787
vt 0.569444 0.000787
vt 0.583333 0.000787
vt 0.597222 0.000787
vt 0.611111 0.000787
vt 0.625000 0.000787
vt 0.638889 0.000787
vt 0.652778 0.000787
vt 0.666667 0.000787
vt 0.680556 0.000787
vt 0.694444 0.000787
vt 0.708333 0.000787
vt 0.722222 0.000787
vt 0.736111 0.000787
vt 0.750000 0.000787
vt 0.763889 0.000787
vt 0.777778 0.000787
vt 0.791667 0.000787
vt 0.805556 0.000787
vt 0.819444 0.000787
vt 0.833333 0.000787
vt 0.847222 0.000787
vt 0.861111 0.000787
vt 0.875000 0.000787
vt 0.888889 0.000787
vt 0.902778 0.000787
vt 0.916667 0.000787
vt 0.930556 0.000787
vt 0.944444 0.000787
vt 0.958333 0.000787
vt 0.972222 0.000787
vt 0.986111 0.000787
vt 1.000000 0.000787
vt 0.000000 0.003144
vt 0.013889 0.003144
vt 0.027778 0.003144
vt 0.041667 0.003144
vt 0.055556 0.003144
vt 0.069444 0.003144
vt 0.083333 0.003144
vt 0.097222 0.003144
vt 0.111111 0.003144
vt 0.125000 0.003144
vt 0.138889 0.003144
vt 0.152778 0.003144
vt 0.166667 0.003144
vt 0.180556 0.003144
vt 0.194444 0.003144
vt 0.208333 0.003144
vt 0.222222 0.003144
vt 0.236111 0.003144
vt 0.250000 0.003144
vt 0.263889 0.003144
vt 0.277778 0.003144
vt 0.291667 0.003144
vt 0.305556 0.003144
vt 0.319444 0.003144
vt 0.333333 0.003144
vt 0.347222 0.003144
vt 0.361111 0.003144
vt 0.375000 0.003144
vt 0.388889 0.003144
vt 0.402778 0.003144
vt 0.416667 0.003144
vt 0.430556 0.003144
vt 0.444444 0.003144
vt 0.458333 0.003144
vt 0.472222 0.003144
vt 0.486111 0.003144
vt 0.500000 0.003144
vt 0.513889 0.003144
vt 0.527778 0.003144
vt 0.541667 0.003144
vt 0.555556 0.003144
vt 0.569444 0.003144
vt 0.583333 0.003144
vt 0.597222 0.003144
vt 0.611111 0.003144
vt 0.625000 0.003144
vt 0.638889 0.003144
vt 0.652778 0.003144
vt 0.666667 0.003144
vt 0.680556 0.003144
vt 0.694444 0.003144
vt 0.708333 0.003144
vt 0.722222 0.003144
vt 0.736111 0.003144
vt 0.750000 0.003144
vt 0.763889 0.003144
vt 0.777778 0.003144
vt 0.791667 0.003144
vt 0.805556 0.003144
vt 0.819444 0.003144
vt 0.833333 0.003144
vt 0.847222 0.003144
vt 0.861111 0.003144
vt 0.875000 0.003144
vt 0.888889 0.003144
vt 0.902778 0.003144
vt 0.916667 0.003144
vt 0.930556 0.003144
vt 0.944444 0.003144
vt 0.958333 0.003144
vt 0.972222 0.003144
vt 0.986111 0.003144
vt 1.000000 0.003144
vt 0.000000 0.007064
vt 0.013889 0.007064
vt 0.027778 0.007064
vt 0.041667 0.007064
vt 0.055556 0.007064
vt 0.069444 0.007064
vt 0.083333 0.007064
vt 0.097222 0.007064
vt 0.111111 0.007064
vt 0.125000 0.007064
vt 0.138889 0.007064
vt 0.152778 0.007064
vt 0.166667 0.007064
vt 0.180556 0.007064
vt 0.194444 0.007064
vt 0.208333 0.007064
vt 0.222222 0.007064
vt 0.236111 0.007064
vt 0.250000 0.007064
vt 0.263889 0.007064
vt 0.277778 0.007064
vt 0.291667 0.007064
vt 0.305556 0.007064
vt 0.319444 0.007064
vt 0.333333 0.007064
vt 0.347222 0.007064
vt 0.361111 0.007064
vt 0.375000 0.007064
vt 0.388889 0.007064
vt 0.402778 0.007064
vt 0.416667 0.007064
vt 0.430556 0.007064
vt 0.444444 0.007064
vt 0.458333 0.007064
vt 0.472222 0.007064
vt 0.486111 0.007064
vt 0.500000 0.007064
vt 0.513889 0.007064
vt 0.527778 0.007064
vt 0.541667 0.007064
vt 0.555556 0.007064
vt 0.569444 0.007064
vt 0.583333 0.007064
vt 0.597222 0.007064
vt 0.611111 0.007064
vt 0.625000 0.007064
vt 0.638889 0.007064
vt 0.652778 0.007064
vt 0.666667 0.007064
vt 0.680556 0.007064
vt 0.694444 0.007064
vt 0.708333 0.007064
vt 0.722222 0.007064
vt 0.736111 0.007064
vt 0.750000 0.007064
vt 0.763889 0.007064
vt 0.777778 0.007064
vt 0.791667 0.007064
vt 0.805556 0.007064
vt 0.819444 0.007064
vt 0.833333 0.007064
vt 0.847222 0.007064
vt 0.861111 0.007064
vt 0.875000 0.007064
vt 0.888889 0.007064
vt 0.902778 0.007064
vt 0.916667 0.007064
vt 0.930556 0.007064
vt 0.944444 0.007064
vt 0.958333 0.007064
vt 0.972222 0.007064
vt 0.986111 0.007064
vt 1.000000 0.007064
vt 0.000000 0.012536
vt 0.013889 0.012536
vt 0.027778 0.012536
vt 0.041667 0.012536
vt 0.055556 0.012536
vt 0.069444 0.012536
vt 0.083333 0.012536
vt 0.097222 0.012536
vt 0.111111 0.012536
vt 0.125000 0.012536
vt 0.138889 0.012536
vt 0.152778 0.012536
vt 0.166667 0.012536
vt 0.180556 0.012536
vt 0.194444 0.012536
vt 0.208333 0.012536
vt 0.222222 0.012536
vt 0.236111 0.012536
vt 0.250000 0.012536
vt 0.263889 0.012536
vt 0.277778 0.012536
vt 0.291667 0.012536
vt 0.305556 0.012536
vt 0.319444 0.012536
vt 0.333333 0.012536
vt 0.347222 0.012536
vt 0.361111 0.012536
vt 0.375000 0.012536
vt 0.388889 0.012536
vt 0.402778 0.012536
vt 0.416667 0.012536
vt 0.430556 0.012536
vt 0.444444 0.012536
vt 0.458333 0.012536
vt 0.472222 0.012536
vt 0.486111 0.012536
vt 0.500000 0.012536
vt 0.513889 0.012536
vt 0.527778 0.012536
vt 0.541667 0.012536
vt 0.555556 0.012536
vt 0.569444 0.012536
vt 0.583333 0.012536
vt 0.597222 0.012536
vt 0.611111 0.012536
vt 0.625000 0.012536
vt 0.638889 0.012536
vt 0.652778 0.012536
vt 0.666667 0.012536
vt 0.680556 0.012536
vt 0.694444 0.012536
vt 0.708333 0.012536
vt 0.722222 0.012536
vt 0.736111 0.012536
vt 0.750000 0.012536
vt 0.763889 0.012536
vt 0.777778 0.012536
vt 0.791667 0.012536
vt 0.805556 0.012536
vt 0.819444 0.012536
vt 0.833333 0.012536
vt 0.847222 0.012536
vt 0.861111 0.012536
vt 0.875000 0.012536
vt 0.888889 0.012536
vt 0.902778 0.012536
vt 0.916667 0.012536
vt 0.930556 0.012536
vt 0.944444 0.012536
vt 0.958333 0.012536
vt 0.972222 0.012536
vt 0.986111 0.012536
vt 1.000000 0.012536
vt 0.000000 0.019541
vt 0.013889 0.019541
vt 0.027778 0.019541
vt 0.041667 0.019541
vt 0.055556 0.019541
vt 0.069444 0.019541
vt 0.083333 0.019541
vt 0.097222 0.019541
vt 0.111111 0.019541
vt 0.125000 0.019541
vt 0.138889 0.019541
vt 0.152778 0.019541
vt 0.166667 0.019541
vt 0.180556 0.019541
vt 0.194444 0.019541
vt 0.208333 0.019541
vt 0.222222 0.019541
vt 0.236111 0.019541
vt 0.250000 0.019541
vt 0.263889 0.019541
vt 0.277778 0.019541
vt 0.291667 0.019541
vt 0.305556 0.019541
vt 0.319444 0.019541
vt 0.333333 0.019541
vt 0.347222 0.019541
vt 0.361111 0.019541
vt 0.375000 0.019541
vt 0.388889 0.019541
vt 0.402778 0.019541
vt 0.416667 0.019541
vt 0.430556 0.019541
vt 0.444444 0.019541
vt 0.458333 0.019541
vt 0.472222 0.019541
vt 0.486111 0.019541
vt 0.500000 0.019541
vt 0.513889 0.019541
vt 0.527778 0.019541
vt 0.541667 0.019541
vt 0.555556 0.019541
vt 0.569444 0.019541
vt 0.583333 0.019541
vt 0.597222 0.019541
vt 0.611111 0.019541
vt 0.625000 0.019541
vt 0.638889 0.019541
vt 0.652778 0.019541
vt 0.666667 0.019541
vt 0.680556 0.019541
vt 0.694444 0.019541
vt 0.708333 0.019541
vt 0.722222 0.019541
vt 0.736111 0.019541
vt 0.750000 0.019541
vt 0.763889 0.019541
vt 0.777778 0.019541
vt 0.791667 0.019541
vt 0.805556 0.019541
vt 0.819444 0.019541
vt 0.833333 0.019541
vt 0.847222 0.019541
vt 0.861111 0.019541
vt 0.875000 0.019541
vt 0.888889 0.019541
vt 0.902778 0.019541
vt 0.916667 0.019541
vt 0.930556 0.019541
vt 0.944444 0.019541
vt 0.958333 0.019541
vt 0.972222 0.019541
vt 0.986111 0.019541
vt 1.000000 0.019541
vt 0.000000 0.028058
vt 0.013889 0.028058
vt 0.027778 0.028058
vt 0.041667 0.028058
vt 0.055556 0.028058
vt 0.069444 0.028058
vt 0.083333 0.028058
vt 0.097222 0.028058
vt 0.111111 0.028058
vt 0.125000 0.028058
vt 0.138889 0.028058
vt 0.152778 0.028058
vt 0.166667 0.028058
vt 0.180556 0.028058
vt 0.194444 0.028058
vt 0.208333 0.028058
vt 0.222222 0.028058
vt 0.236111 0.028058
vt 0.250000 0.028058
vt 0.263889 0.028058
vt 0.277778 0.028058
vt 0.291667 0.028058
vt 0.305556 0.028058
vt 0.319444 0.028058
vt 0.333333 0.028058
vt 0.347222 0.028058
vt 0.361111 0.028058
vt 0.375000 0.028058
vt 0.388889 0.028058
vt 0.402778 0.028058
vt 0.416667 0.028058
vt 0.430556 0.028058
vt 0.444444 0.028058
vt 0.458333 0.028058
vt 0.472222 0.028058
vt 0.486111 0.028058
vt 0.500000 0.028058
vt 0.513889 0.028058
vt 0.527778 0.028058
vt 0.541667 0.028058
vt 0.555556 0.028058
vt 0.569444 0.028058
vt 0.583333 0.028058
vt 0.597222 0.028058
vt 0.611111 0.028058
vt 0.625000 0.028058
vt 0.638889 0.028058
vt 0.652778 0.028058
vt 0.666667 0.028058
vt 0.680556 0.028058
vt 0.694444 0.028058
vt 0.708333 0.028058
vt 0.722222 0.028058
vt 0.736111 0.028058
vt 0.750000 0.028058
vt 0.763889 0.028058
vt 0.777778 0.028058
vt 0.791667 0.028058
vt 0.805556 0.028058
vt 0.819444 0.028058
vt 0.833333 0.028058
vt 0.847222 0.028058
vt 0.861111 0.028058
vt 0.875000 0.028058
vt 0.888889 0.028058
vt 0.902778 0.028058
vt 0.916667 0.028058
vt 0.930556 0.028058
vt 0.944444 0.028058
vt 0.958333 0.028058
vt 0.972222 0.028058
vt 0.986111 0.028058
vt 1.000000 0.028058
vt 0.000000 0.038060
vt 0.013889 0.038060
vt 0.027778 0.038060
vt 0.041667 0.038060
vt 0.055556 0.038060
vt 0.069444 0.038060
vt 0.083333 0.038060
vt 0.097222 0.038060
vt 0.111111 0.038060
vt 0.125000 0.038060
vt 0.138889 0.038060
vt 0.152778 0.038060
vt 0.166667 0.038060
vt 0.180556 0.038060
vt 0.194444 0.038060
vt 0.208333 0.038060
vt 0.222222 0.038060
vt 0.236111 0.038060
vt 0.250000 0.038060
vt 0.263889 0.038060
vt 0.277778 0.038060
vt 0.291667 0.038060
vt 0.305556 0.038060
vt 0.319444 0.038060
vt 0.333333 0.038060
vt 0.347222 0.038060
vt 0.361111 0.038060
vt 0.375000 0.038060
vt 0.388889 0.038060
vt 0.402778 0.038060
vt 0.416667 0.038060
vt 0.430556 0.038060
vt 0.444444 0.038060
vt 0.458333 0.038060
vt 0.472222 0.038060
vt 0.486111 0.038060
vt 0.500000 0.038060
vt 0.513889 0.038060
vt 0.527778 0.038060
vt 0.541667 0.038060
vt 0.555556 0.038060
vt 0.569444 0.038060
vt 0.583333 0.038060
vt 0.597222 0.038060
vt 0.611111 0.038060
vt 0.625000 0.038060
vt 0.638889 0.038060
vt 0.652778 0.038060
vt 0.666667 0.038060
vt 0.680556 0.038060
vt 0.694444 0.038060
vt 0.708333 0.038060
vt 0.722222 0.038060
vt 0.736111 0.038060
vt 0.750000 0.038060
vt 0.763889 0.038060
vt 0.777778 0.038060
vt 0.791667 0.038060
vt 0.805556 0.038060
vt 0.819444 0.038060
vt 0.833333 0.038060
vt 0.847222 0.038060
vt 0.861111 0.038060
vt 0.875000 0.038060
vt 0.888889 0.038060
vt 0.902778 0.038060
vt 0.916667 0.038060
vt 0.930556 0.038060
vt 0.944444 0.038060
vt 0.958333 0.038060
vt 0.972222 0.038060
vt 0.986111 0.038060
vt 1.000000 0.038060
vt 0.000000 0.049516
vt 0.013889 0.049516
vt 0.027778 0.049516
vt 0.041667 0.049516
vt 0.055556 0.049516
vt 0.069444 0.049516
vt 0.083333 0.049516
vt 0.097222 0.049516
vt 0.111111 0.049516
vt 0.125000 0.049516
vt 0.138889 0.049516
vt 0.152778 0.049516
vt 0.166667 0.049516
vt 0.180556 0.049516
vt 0.194444 0.049516
vt 0.208333 0.049516
vt 0.222222 0.049516
vt 0.236111 0.049516
vt 0.250000 0.049516
vt 0.263889 0.049516
vt 0.277778 0.049516
vt 0.291667 0.049516
vt 0.305556 0.049516
vt 0.319444 0.049516
vt 0.333333 0.049516
vt 0.347222 0.049516
vt 0.361111 0.049516
vt 0.375000 0.049516
vt 0.388889 0.049516
vt 0.402778 0.049516
vt 0.416667 0.049516
vt 0.430556 0.049516
vt 0.444444 0.049516
vt 0.458333 0.049516
vt 0.472222 0.049516
vt 0.486111 0.049516
vt 0.500000 0.049516
vt 0.513889 0.049516
vt 0.527778 0.049516
vt 0.541667 0.049516
vt 0.555556 0.049516
vt 0.569444 0.049516
vt 0.583333 0.049516
vt 0.597222 0.049516
vt 0.611111 0.049516
vt 0.625000 0.049516
vt 0.638889 0.049516
vt 0.652778 0.049516
vt 0.666667 0.049516
vt 0.680556 0.049516
vt 0.694444 0.049516
vt 0.708333 0.049516
vt 0.722222 0.049516
vt 0.736111 0.049516
vt 0.750000 0.049516
vt 0.763889 0.049516
vt 0.777778 0.049516
vt 0.791667 0.049516
vt 0.805556 0.049516
vt 0.819444 0.049516
vt 0.833333 0.049516
vt 0.847222 0.049516
vt 0.861111 0.049516
vt 0.875000 0.049516
vt 0.888889 0.049516
vt 0.902778 0.049516
vt 0.916667 0.049516
vt 0.930556 0.049516
vt 0.944444 0.049516
vt 0.958333 0.049516
vt 0.972222 0.049516
vt 0.986111 0.049516
vt 1.000000 0.049516
vt 0.000000 0.062388
vt 0.013889 0.062388
vt 0.027778 0.062388
vt 0.041667 0.062388
vt 0.055556 0.062388
vt 0.069444 0.062388
vt 0.083333 0.062388
vt 0.097222 0.062388
vt 0.111111 0.062388
vt 0.125000 0.062388
vt 0.138889 0.062388
vt 0.152778 0.062388
vt 0.166667 0.062388
vt 0.180556 0.062388
vt 0.194444 0.062388
vt 0.208333 0.062388
vt 0.222222 0.062388
vt 0.236111 0.062388
vt 0.250000 0.062388
vt 0.263889 0.062388
vt 0.277778 0.062388
vt 0.291667 0.062388
vt 0.305556 0.062388
vt 0.319444 0.062388
vt 0.333333 0.062388
vt 0.347222 0.062388
vt 0.361111 0.062388
vt 0.375000 0.062388
vt 0.388889 0.062388
vt 0.402778 0.062388
vt 0.416667 0.062388
vt 0.430556 0.062388
vt 0.444444 0.062388
vt 0.458333 0.062388
vt 0.472222 0.062388
vt 0.486111 0.062388
vt 0.500000 0.062388
vt 0.513889 0.062388
vt 0.527778 0.062388
vt 0.541667 0.062388
vt 0.555556 0.062388
vt 0.569444 0.062388
vt 0.583333 0.062388
vt 0.597222 0.062388
vt 0.611111 0.062388
vt 0.625000 0.062388
vt 0.638889 0.062388
vt 0.652778 0.062388
vt 0.666667 0.062388
vt 0.680556 0.062388
vt 0.694444 0.062388
vt 0.708333 0.062388
vt 0.722222 0.062388
vt 0.736111 0.062388
vt 0.750000 0.062388
vt 0.763889 0.062388
vt 0.777778 0.062388
vt 0.791667 0.062388
vt 0.805556 0.062388
vt 0.819444 0.062388
vt 0.833333 0.062388
vt 0.847222 0.062388
vt 0.861111 0.062388
vt 0.875000 0.062388
vt 0.888889 0.062388
vt 0.902778 0.062388
vt 0.916667 0.062388
vt 0.930556 0.062388
vt 0.944444 0.062388
vt 0.958333 0.062388
vt 0.972222 0.062388
vt 0.986111 0.062388
vt 1.000000 0.062388
vt 0.000000 0.076638
vt 0.013889 0.076638
vt 0.027778 0.076638
vt 0.041667 0.076638
vt 0.055556 0.076638
vt 0.069444 0.076638
vt 0.083333 0.076638
vt 0.097222 0.076638
vt 0.111111 0.076638
vt 0.125000 0.076638
vt 0.138889 0.076638
vt 0.152778 0.076638
vt 0.166667 0.076638
vt 0.180556 0.076638
vt 0.194444 0.076638
vt 0.208333 0.076638
vt 0.222222 0.076638
vt 0.236111 0.076638
vt 0.250000 0.076638
vt 0.263889 0.076638
vt 0.277778 0.076638
vt 0.291667 0.076638
vt 0.305556 0.076638
vt 0.319444 0.076638
vt 0.333333 0.076638
vt 0.347222 0.076638
vt 0.361111 0.076638
vt 0.375000 0.076638
vt 0.388889 0.076638
vt 0.402778 0.076638
vt 0.416667 0.076638
vt 0.430556 0.076638
vt 0.444444 0.076638
vt 0.458333 0.076638
vt 0.472222 0.076638
vt 0.486111 0.076638
vt 0.500000 0.076638
vt 0.513889 0.076638
vt 0.527778 0.076638
vt 0.541667 0.076638
vt 0.555556 0.076638
vt 0.569444 0.076638
vt 0.583333 0.076638
vt 0.597222 0.076638
vt 0.611111 0.076638
vt 0.625000 0.076638
vt 0.638889 0.076638
vt 0.652778 0.076638
vt 0.666667 0.076638
vt 0.680556 0.076638
vt 0.694444 0.076638
vt 0.708333 0.076638
vt 0.722222 0.076638
vt 0.736111 0.076638
vt 0.750000 0.076638
vt 0.763889 0.076638
vt 0.777778 0.076638
vt 0.791667 0.076638
vt 0.805556 0.076638
vt 0.819444 0.076638
vt 0.833333 0.076638
vt 0.847222 0.076638
vt 0.861111 0.076638
vt 0.875000 0.076638
vt 0.888889 0.076638
vt 0.902778 0.076638
vt 0.916667 0.076638
vt 0.930556 0.076638
vt 0.944444 0.076638
vt 0.958333 0.076638
vt 0.972222 0.076638
vt 0.986111 0.076638
vt 1.000000 0.076638
vt 0.000000 0.092220
vt 0.013889 0.092220
vt 0.027778 0.092220
vt 0.041667 0.092220
vt 0.055556 0.092220
vt 0.069444 0.092220
vt 0.083333 0.092220
vt 0.097222 0.092220
vt 0.111111 0.092220
vt 0.125000 0.092220
vt 0.138889 0.092220
vt 0.152778 0.092220
vt 0.166667 0.092220
vt 0.180556 0.092220
vt 0.194444 0.092220
vt 0.208333 0.092220
vt 0.222222 0.092220
vt 0.236111 0.092220
vt 0.250000 0.092220
vt 0.263889 0.092220
vt 0.277778 0.092220
vt 0.291667 0.092220
vt 0.305556 0.092220
vt 0.319444 0.092220
vt 0.333333 0.092220
vt 0.347222 0.092220
vt 0.361111 0.092220
vt 0.375000 0.092220
vt 0.388889 0.092220
vt 0.402778 0.092220
vt 0.416667 0.092220
vt 0.430556 0.092220
vt 0.444444 0.092220
vt 0.458333 0.092220
vt 0.472222 0.092220
vt 0.486111 0.092220
vt 0.500000 0.092220
vt 0.513889 0.092220
vt 0.527778 0.092220
vt 0.541667 0.092220
vt 0.555556 0.092220
vt 0.569444 0.092220
vt 0.583333 0.092220
vt 0.597222 0.092220
vt 0.611111 0.092220
vt 0.625000 0.092220
vt 0.638889 0.092220
vt 0.652778 0.092220
vt 0.666667 0.092220
vt 0.680556 0.092220
vt 0.694444 0.092220
vt 0.708333 0.092220
vt 0.722222 0.092220
vt 0.736111 0.092220
vt 0.750000 0.092220
vt 0.763889 0.092220
vt 0.777778 0.092220
vt 0.791667 0.092220
vt 0.805556 0.092220
vt 0.819444 0.092220
vt 0.833333 0.092220
vt 0.847222 0.092220
vt 0.861111 0.092220
vt 0.875000 0.092220
vt 0.888889 0.092220
vt 0.902778 0.092220
vt 0.916667 0.092220
vt 0.930556 0.092220
vt 0.944444 0.092220
vt 0.958333 0.092220
vt 0.972222 0.092220
vt 0.986111 0.092220
vt 1.000000 0.092220
vt 0.000000 0.109084
vt 0.013889 0.109084
vt 0.027778 0.109084
vt 0.041667 0.109084
vt 0.055556 0.109084
vt 0.069444 0.109084
vt 0.083333 0.109084
vt 0.097222 0.109084
vt 0.111111 0.109084
vt 0.125000 0.109084
vt 0.138889 0.109084
vt 0.152778 0.109084
vt 0.166667 0.109084
vt 0.180556 0.109084
vt 0.194444 0.109084
vt 0.208333 0.109084
vt 0.222222 0.109084
vt 0.236111 0.109084
vt 0.250000 0.109084
vt 0.263889 0.109084
vt 0.277778 0.109084
vt 0.291667 0.109084
vt 0.305556 0.109084
vt 0.319444 0.109084
vt 0.333333 0.109084
vt 0.347222 0.109084
vt 0.361111 0.109084
vt 0.375000 0.109084
vt 0.388889 0.109084
vt 0.402778 0.109084
vt 0.416667 0.109084
vt 0.430556 0.109084
vt 0.444444 0.109084
vt 0.458333 0.109084
vt 0.472222 0.109084
vt 0.486111 0.109084
vt 0.500000 0.109084
vt 0.513889 0.109084
vt 0.527778 0.109084
vt 0.541667 0.109084
vt 0.555556 0.109084
vt 0.569444 0.109084
vt 0.583333 0.109084
vt 0.597222 0.109084
vt 0.611111 0.109084
vt 0.625000 0.109084
vt 0.638889 0.109084
vt 0.652778 0.109084
vt 0.666667 0.109084
vt 0.680556 0.109084
vt 0.694444 0.109084
vt 0.708333 0.109084
vt 0.722222 0.109084
vt 0.736111 0.109084
vt 0.750000 0.109084
vt 0.763889 0.109084
vt 0.777778 0.109084
vt 0.791667 0.109084
vt 0.805556 0.109084
vt 0.819444 0.109084
vt 0.833333 0.109084
vt 0.847222 0.109084
vt 0.861111 0.109084
vt 0.875000 0.109084
vt 0.888889 0.109084
vt 0.902778 0.109084
vt 0.916667 0.109084
vt 0.930556 0.109084
vt 0.944444 0.109084
vt 0.958333 0.109084
vt 0.972222 0.109084
vt 0.986111 0.109084
vt 1.000000 0.109084
vt 0.000000 0.127179
vt 0.013889 0.127179
vt 0.027778 0.127179
vt 0.041667 0.127179
vt 0.055556 0.127179
vt 0.069444 0.127179
vt 0.083333 0.127179
vt 0.097222 0.127179
vt 0.111111 0.127179
vt 0.125000 0.127179
vt 0.138889 0.127179
vt 0.152778 0.127179
vt 0.166667 0.127179
vt 0.180556 0.127179
vt 0.194444 0.127179
vt 0.208333 0.127179
vt 0.222222 0.127179
vt 0.236111 0.127179
vt 0.250000 0.127179
vt 0.263889 0.127179
vt 0.277778 0.127179
vt 0.291667 0.127179
vt 0.305556 0.127179
vt 0.319444 0.127179
vt 0.333333 0.127179
vt 0.347222 0.127179
vt 0.361111 0.127179
vt 0.375000 0.127179
vt 0.388889 0.127179
vt 0.402778 0.127179
vt 0.416667 0.127179
vt 0.430556 0.127179
vt 0.444444 0.127179
vt 0.458333 0.127179
vt 0.472222 0.127179
vt 0.486111 0.127179
vt 0.500000 0.127179
vt 0.513889 0.127179
vt 0.527778 0.127179
vt 0.541667 0.127179
vt 0.555556 0.127179
vt 0.569444 0.127179
vt 0.583333 0.127179
vt 0.597222 0.127179
vt 0.611111 0.127179
vt 0.625000 0.127179
vt 0.638889 0.127179
vt 0.652778 0.127179
vt 0.666667 0.127179
vt 0.680556 0.127179
vt 0.694444 0.127179
vt 0.708333 0.127179
vt 0.722222 0.127179
vt 0.736111 0.127179
vt 0.750000 0.127179
vt 0.763889 0.127179
vt 0.777778 0.127179
vt 0.791667 0.127179
vt 0.805556 0.127179
vt 0.819444 0.127179
vt 0.833333 0.127179
vt 0.847222 0.127179
vt 0.861111 0.127179
vt 0.875000 0.127179
vt 0.888889 0.127179
vt 0.902778 0.127179
vt 0.916667 0.127179
vt 0.930556 0.127179
vt 0.944444 0.127179
vt 0.958333 0.127179
vt 0.972222 0.127179
vt 0.986111 0.127179
vt 1.000000 0.127179
vt 0.000000 0.146447
vt 0.013889 0.146447
vt 0.027778 0.146447
vt 0.041667 0.146447
vt 0.055556 0.146447
vt 0.069444 0.146447
vt 0.083333 0.146447
vt 0.097222 0.146447
vt 0.111111 0.146447
vt 0.125000 0.146447
vt 0.138889 0.146447
vt 0.152778 0.146447
vt 0.166667 0.146447
vt 0.180556 0.146447
vt 0.194444 0.146447
vt 0.208333 0.146447
vt 0.222222 0.146447
vt 0.236111 0.146447
vt 0.250000 0.146447
vt 0.263889 0.146447
vt 0.277778 0.146447
vt 0.291667 0.146447
vt 0.305556 0.146447
vt 0.319444 0.146447
vt 0.333333 0.146447
vt 0.347222 0.146447
vt 0.361111 0.146447
vt 0.375000 0.146447
vt 0.388889 0.146447
vt 0.402778 0.146447
vt 0.416667 0.146447
vt 0.430556 0.146447
vt 0.444444 0.146447
vt 0.458333 0.146447
vt 0.472222 0.146447
vt 0.486111 0.146447
vt 0.500000 0.146447
vt 0.513889 0.146447
vt 0.527778 0.146447
vt 0.541667 0.146447
vt 0.555556 0.146447
vt 0.569444 0.146447
vt 0.583333 0.146447
vt 0.597222 0.146447
vt 0.611111 0.146447
vt 0.625000 0.146447
vt 0.638889 0.146447
vt 0.652778 0.146447
vt 0.666667 0.146447
vt 0.680556 0.146447
vt 0.694444 0.146447
vt 0.708333 0.146447
vt 0.722222 0.146447
vt 0.736111 0.146447
vt 0.750000 0.146447
vt 0.763889 0.146447
vt 0.777778 0.146447
vt 0.791667 0.146447
vt 0.805556 0.146447
vt 0.819444 0.146447
vt 0.833333 0.146447
vt 0.847222 0.146447
vt 0.861111 0.146447
vt 0.875000 0.146447
vt 0.888889 0.146447
vt 0.902778 0.146447
vt 0.916667 0.146447
vt 0.930556 0.146447
vt 0.944444 0.146447
vt 0.958333 0.146447
vt 0.972222 0.146447
vt 0.986111 0.146447
vt 1.000000 0.146447
vt 0.000000 0.166827
vt 0.013889 0.166827
vt 0.027778 0.166827
vt 0.041667 0.166827
vt 0.055556 0.166827
vt 0.069444 0.166827
vt 0.083333 0.166827
vt 0.097222 0.166827
vt 0.111111 0.166827
vt 0.125000 0.166827
vt 0.138889 0.166827
vt 0.152778 0.166827
vt 0.166667 0.166827
vt 0.180556 0.166827
vt 0.194444 0.166827
vt 0.208333 0.166827
vt 0.222222 0.166827
vt 0.236111 0.166827
vt 0.250000 0.166827
vt 0.263889 0.166827
vt 0.277778 0.166827
vt 0.291667 0.166827
vt 0.305556 0.166827
vt 0.319444 0.166827
vt 0.333333 0.166827
vt 0.347222 0.166827
vt 0.361111 0.166827
vt 0.375000 0.166827
vt 0.388889 0.166827
vt 0.402778 0.166827
vt 0.416667 0.166827
vt 0.430556 0.166827
vt 0.444444 0.166827
vt 0.458333 0.166827
vt 0.472222 0.166827
vt 0.486111 0.166827
vt 0.500000 0.166827
vt 0.513889 0.166827
vt 0.527778 0.166827
vt 0.541667 0.166827
vt 0.555556 0.166827
vt 0.569444 0.166827
vt 0.583333 0.166827
vt 0.597222 0.166827
vt 0.611111 0.166827
vt 0.625000 0.166827
vt 0.638889 0.166827
vt 0.652778 0.166827
vt 0.666667 0.166827
vt 0.680556 0.166827
vt 0.694444 0.166827
vt 0.708333 0.166827
vt 0.722222 0.166827
vt 0.736111 0.166827
vt 0.750000 0.166827
vt 0.763889 0.166827
vt 0.777778 0.166827
vt 0.791667 0.166827
vt 0.805556 0.166827
vt 0.819444 0.166827
vt 0.833333 0.166827
vt 0.847222 0.166827
vt 0.861111 0.166827
vt 0.875000 0.166827
vt 0.888889 0.166827
vt 0.902778 0.166827
vt 0.916667 0.166827
vt 0.930556 0.166827
vt 0.944444 0.166827
vt 0.958333 0.166827
vt 0.972222 0.166827
vt 0.986111 0.166827
vt 1.000000 0.166827
vt 0.000000 0.188255
vt 0.013889 0.188255
vt 0.027778 0.188255
vt 0.041667 0.188255
vt 0.055556 0.188255
vt 0.069444 0.188255
vt 0.083333 0.188255
vt 0.097222 0.188255
vt 0.111111 0.188255
vt 0.125000 0.188255
vt 0.138889 0.188255
vt 0.152778 0.188255
vt 0.166667 0.188255
vt 0.180556 0.188255
vt 0.194444 0.188255
vt 0.208333 0.188255
vt 0.222222 0.188255
vt 0.236111 0.188255
vt 0.250000 0.188255
vt 0.263889 0.188255
vt 0.277778 0.188255
vt 0.291667 0.188255
vt 0.305556 0.188255
vt 0.319444 0.188255
vt 0.333333 0.188255
vt 0.347222 0.188255
vt 0.361111 0.188255
vt 0.375000 0.188255
vt 0.388889 0.188255
vt 0.402778 0.188255
vt 0.416667 0.188255
vt 0.430556 0.188255
vt 0.444444 0.188255
vt 0.458333 0.188255
vt 0.472222 0.188255
vt 0.486111 0.188255
vt 0.500000 0.188255
vt 0.513889 0.188255
vt 0.527778 0.188255
vt 0.541667 0.188255
vt 0.555556 0.188255
vt 0.569444 0.188255
vt 0.583333 0.188255
vt 0.597222 0.188255
vt 0.611111 0.188255
vt 0.625000 0.188255
vt 0.638889 0.188255
vt 0.652778 0.188255
vt 0.666667 0.188255
vt 0.680556 0.188255
vt 0.694444 0.188255
vt 0.708333 0.188255
vt 0.722222 0.188255
vt 0.736111 0.188255
vt 0.750000 0.188255
vt 0.763889 0.188255
vt 0.777778 0.188255
vt 0.791667 0.188255
vt 0.805556 0.188255
vt 0.819444 0.188255
vt 0.833333 0.188255
vt 0.847222 0.188255
vt 0.861111 0.188255
vt 0.875000 0.188255
vt 0.888889 0.188255
vt 0.902778 0.188255
vt 0.916667 0.188255
vt 0.930556 0.188255
vt 0.944444 0.188255
vt 0.958333 0.188255
vt 0.972222 0.188255
vt 0.986111 0.188255
vt 1.000000 0.188255
vt 0.000000 0.210664
vt 0.013889 0.210664
vt 0.027778 0.210664
vt 0.041667 0.210664
vt 0.055556 0.210664
vt 0.069444 0.210664
vt 0.083333 0.210664
vt 0.097222 0.210664
vt 0.111111 0.210664
vt 0.125000 0.210664
vt 0.138889 0.210664
vt 0.152778 0.210664
vt 0.166667 0.210664
vt 0.180556 0.210664
vt 0.194444 0.210664
vt 0.208333 0.210664
vt 0.222222 0.210664
vt 0.236111 0.210664
vt 0.250000 0.210664
vt 0.263889 0.210664
vt 0.277778 0.210664
vt 0.291667 0.210664
vt 0.305556 0.210664
vt 0.319444 0.210664
vt 0.333333 0.210664
vt 0.347222 0.210664
vt 0.361111 0.210664
vt 0.375000 0.210664
vt 0.388889 0.210664
vt 0.402778 0.210664
vt 0.416667 0.210664
vt 0.430556 0.210664
vt 0.444444 0.210664
vt 0.458333 0.210664
vt 0.472222 0.210664
vt 0.486111 0.210664
vt 0.500000 0.210664
vt 0.513889 0.210664
vt 0.527778 0.210664
vt 0.541667 0.210664
vt 0.555556 0.210664
vt 0.569444 0.210664
vt 0.583333 0.210664
vt 0.597222 0.210664
vt 0.611111 0.210664
vt 0.625000 0.210664
vt 0.638889 0.210664
vt 0.652778 0.210664
vt 0.666667 0.210664
vt 0.680556 0.210664
vt 0.694444 0.210664
vt 0.708333 0.210664
vt 0.722222 0.210664
vt 0.736111 0.210664
vt 0.750000 0.210664
vt 0.763889 0.210664
vt 0.777778 0.210664
vt 0.791667 0.210664
vt 0.805556 0.210664
vt 0.819444 0.210664
vt 0.833333 0.210664
vt 0.847222 0.210664
vt 0.861111 0.210664
vt 0.875000 0.210664
vt 0.888889 0.210664
vt 0.902778 0.210664
vt 0.916667 0.210664
vt 0.930556 0.210664
vt 0.944444 0.210664
vt 0.958333 0.210664
vt 0.972222 0.210664
vt 0.986111 0.210664
vt 1.000000 0.210664
vt 0.000000 0.233984
vt 0.013889 0.233984
vt 0.027778 0.233984
vt 0.041667 0.233984
vt 0.055556 0.233984
vt 0.069444 0.233984
vt 0.083333 0.233984
vt 0.097222 0.233984
vt 0.111111 0.233984
vt 0.125000 0.233984
vt 0.138889 0.233984
vt 0.152778 0.233984
vt 0.166667 0.233984
vt 0.180556 0.233984
vt 0.194444 0.233984
vt 0.208333 0.233984
vt 0.222222 0.233984
vt 0.236111 0.233984
vt 0.250000 0.233984
vt 0.263889 0.233984
vt 0.277778 0.233984
vt 0.291667 0.233984
vt 0.305556 0.233984
vt 0.319444 0.233984
vt 0.333333 0.233984
vt 0.347222 0.233984
vt 0.361111 0.233984
vt 0.375000 0.233984
vt 0.388889 0.233984
vt 0.402778 0.233984
vt 0.416667 0.233984
vt 0.430556 0.233984
vt 0.444444 0.233984
vt 0.458333 0.233984
vt 0.472222 0.233984
vt 0.486111 0.233984
vt 0.500000 0.233984
vt 0.513889 0.233984
vt 0.527778 0.233984
vt 0.541667 0.233984
vt 0.555556 0.233984
vt 0.569444 0.233984
vt 0.583333 0.233984
vt 0.597222 0.233984
vt 0.611111 0.233984
vt 0.625000 0.233984
vt 0.638889 0.233984
vt 0.652778 0.233984
vt 0.666667 0.233984
vt 0.680556 0.233984
vt 0.694444 0.233984
vt 0.708333 0.233984
vt 0.722222 0.233984
vt 0.736111 0.233984
vt 0.750000 0.233984
vt 0.763889 0.233984
vt 0.777778 0.233984
vt 0.791667 0.233984
vt 0.805556 0.233984
vt 0.819444 0.233984
vt 0.833333 0.233984
vt 0.847222 0.233984
vt 0.861111 0.233984
vt 0.875000 0.233984
vt 0.888889 0.233984
vt 0.902778 0.233984
vt 0.916667 0.233984
vt 0.930556 0.233984
vt 0.944444 0.233984
vt 0.958333 0.233984
vt 0.972222 0.233984
vt 0.986111 0.233984
vt 1.000000 0.233984
vt 0.000000 0.258141
vt 0.013889 0.258141
vt 0.027778 0.258141
vt 0.041667 0.258141
vt 0.055556 0.258141
vt 0.069444 0.258141
vt 0.083333 0.258141
vt 0.097222 0.258141
vt 0.111111 0.258141
vt 0.125000 0.258141
vt 0.138889 0.258141
vt 0.152778 0.258141
vt 0.166667 0.258141
vt 0.180556 0.258141
vt 0.194444 0.258141
vt 0.208333 0.258141
vt 0.222222 0.258141
vt 0.236111 0.258141
vt 0.250000 0.258141
vt 0.263889 0.258141
vt 0.277778 0.258141
vt 0.291667 0.258141
vt 0.305556 0.258141
vt 0.319444 0.258141
vt 0.333333 0.258141
vt 0.347222 0.258141
vt 0.361111 0.258141
vt 0.375000 0.258141
vt 0.388889 0.258141
vt 0.402778 0.258141
vt 0.416667 0.258141
vt 0.430556 0.258141
vt 0.444444 0.258141
vt 0.458333 0.258141
vt 0.472222 0.258141
vt 0.486111 0.258141
vt 0.500000 0.258141
vt 0.513889 0.258141
vt 0.527778 0.258141
vt 0.541667 0.258141
vt 0.555556 0.258141
vt 0.569444 0.258141
vt 0.583333 0.258141
vt 0.597222 0.258141
vt 0.611111 0.258141
vt 0.625000 0.258141
vt 0.638889 0.258141
vt 0.652778 0.258141
vt 0.666667 0.258141
vt 0.680556 0.258141
vt 0.694444 0.258141
vt 0.708333 0.258141
vt 0.722222 0.258141
vt 0.736111 0.258141
vt 0.750000 0.258141
vt 0.763889 0.258141
vt 0.777778 0.258141
vt 0.791667 0.258141
vt 0.805556 0.258141
vt 0.819444 0.258141
vt 0.833333 0.258141
vt 0.847222 0.258141
vt 0.861111 0.258141
vt 0.875000 0.258141
vt 0.888889 0.258141
vt 0.902778 0.258141
vt 0.916667 0.258141
vt 0.930556 0.258141
vt 0.944444 0.258141
vt 0.958333 0.258141
vt 0.972222 0.258141
vt 0.986111 0.258141
vt 1.000000 0.258141
vt 0.000000 0.283058
vt 0.013889 0.283058
vt 0.027778 0.283058
vt 0.041667 0.283058
vt 0.055556 0.283058
vt 0.069444 0.283058
vt 0.083333 0.283058
vt 0.097222 0.283058
vt 0.111111 0.283058
vt 0.125000 0.283058
vt 0.138889 0.283058
vt 0.152778 0.283058
vt 0.166667 0.283058
vt 0.180556 0.283058
vt 0.194444 0.283058
vt 0.208333 0.283058
vt 0.222222 0.283058
vt 0.236111 0.283058
vt 0.250000 0.283058
vt 0.263889 0.283058
vt 0.277778 0.283058
vt 0.291667 0.283058
vt 0.305556 0.283058
vt 0.319444 0.283058
vt 0.333333 0.283058
vt 0.347222 0.283058
vt 0.361111 0.283058
vt 0.375000 0.283058
vt 0.388889 0.283058
vt 0.402778 0.283058
vt 0.416667 0.283058
vt 0.430556 0.283058
vt 0.444444 0.283058
vt 0.458333 0.283058
vt 0.472222 0.283058
vt 0.486111 0.283058
vt 0.500000 0.283058
vt 0.513889 0.283058
vt 0.527778 0.283058
vt 0.541667 0.283058
vt 0.555556 0.283058
vt 0.569444 0.283058
vt 0.583333 0.283058
vt 0.597222 0.283058
vt 0.611111 0.283058
vt 0.625000 0.283058
vt 0.638889 0.283058
vt 0.652778 0.283058
vt 0.666667 0.283058
vt 0.680556 0.283058
vt 0.694444 0.283058
vt 0.708333 0.283058
vt 0.722222 0.283058
vt 0.736111 0.283058
vt 0.750000 0.283058
vt 0.763889 0.283058
vt 0.777778 0.283058
vt 0.791667 0.283058
vt 0.805556 0.283058
vt 0.819444 0.283058
vt 0.833333 0.283058
vt 0.847222 0.283058
vt 0.861111 0.283058
vt 0.875000 0.283058
vt 0.888889 0.283058
vt 0.902778 0.283058
vt 0.916667 0.283058
vt 0.930556 0.283058
vt 0.944444 0.283058
vt 0.958333 0.283058
vt 0.972222 0.283058
vt 0.986111 0.283058
vt 1.000000 0.283058
vt 0.000000 0.308658
vt 0.013889 0.308658
vt 0.027778 0.308658
vt 0.041667 0.308658
vt 0.055556 0.308658
vt 0.069444 0.308658
vt 0.083333 0.308658
vt 0.097222 0.308658
vt 0.111111 0.308658
vt 0.125000 0.308658
vt 0.138889 0.308658
vt 0.152778 0.308658
vt 0.166667 0.308658
vt 0.180556 0.308658
vt 0.194444 0.308658
vt 0.208333 0.308658
vt 0.222222 0.308658
vt 0.236111 0.308658
vt 0.250000 0.308658
vt 0.263889 0.308658
vt 0.277778 0.308658
vt 0.291667 0.308658
vt 0.305556 0.308658
vt 0.319444 0.308658
vt 0.333333 0.308658
vt 0.347222 0.308658
vt 0.361111 0.308658
vt 0.375000 0.308658
vt 0.388889 0.308658
vt 0.402778 0.308658
vt 0.416667 0.308658
vt 0.430556 0.308658
vt 0.444444 0.308658
vt 0.458333 0.308658
vt 0.472222 0.308658
vt 0.486111 0.308658
vt 0.500000 0.308658
vt 0.513889 0.308658
vt 0.527778 0.308658
vt 0.541667 0.308658
vt 0.555556 0.308658
vt 0.569444 0.308658
vt 0.583333 0.308658
vt 0.597222 0.308658
vt 0.611111 0.308658
vt 0.625000 0.308658
vt 0.638889 0.308658
vt 0.652778 0.308658
vt 0.666667 0.308658
vt 0.680556 0.308658
vt 0.694444 0.308658
vt 0.708333 0.308658
vt 0.722222 0.308658
vt 0.736111 0.308658
vt 0.750000 0.308658
vt 0.763889 0.308658
vt 0.777778 0.308658
vt 0.791667 0.308658
vt 0.805556 0.308658
vt 0.819444 0.308658
vt 0.833333 0.308658
vt 0.847222 0.308658
vt 0.861111 0.308658
vt 0.875000 0.308658
vt 0.888889 0.308658
vt 0.902778 0.308658
vt 0.916667 0.308658
vt 0.930556 0.308658
vt 0.944444 0.308658
vt 0.958333 0.308658
vt 0.972222 0.308658
vt 0.986111 0.308658
vt 1.000000 0.308658
vt 0.000000 0.334860
vt 0.013889 0.334860
vt 0.027778 0.334860
vt 0.041667 0.334860
vt 0.055556 0.334860
vt 0.069444 0.334860
vt 0.083333 0.334860
vt 0.097222 0.334860
vt 0.111111 0.334860
vt 0.125000 0.334860
vt 0.138889 0.334860
vt 0.152778 0.334860
vt 0.166667 0.334860
vt 0.180556 0.334860
vt 0.194444 0.334860
vt 0.208333 0.334860
vt 0.222222 0.334860
vt 0.236111 0.334860
vt 0.250000 0.334860
vt 0.263889 0.334860
vt 0.277778 0.334860
vt 0.291667 0.334860
vt 0.305556 0.334860
vt 0.319444 0.334860
vt 0.333333 0.334860
vt 0.347222 0.334860
vt 0.361111 0.334860
vt 0.375000 0.334860
vt 0.388889 0.334860
vt 0.402778 0.334860
vt 0.416667 0.334860
vt 0.430556 0.334860
vt 0.444444 0.334860
vt 0.458333 0.334860
vt 0.472222 0.334860
vt 0.486111 0.334860
vt 0.500000 0.334860
vt 0.513889 0.334860
vt 0.527778 0.334860
vt 0.541667 0.334860
vt 0.555556 0.334860
vt 0.569444 0.334860
vt 0.583333 0.334860
vt 0.597222 0.334860
vt 0.611111 0.334860
vt 0.625000 0.334860
vt 0.638889 0.334860
vt 0.652778 0.334860
vt 0.666667 0.334860
vt 0.680556 0.334860
vt 0.694444 0.334860
vt 0.708333 0.334860
vt 0.722222 0.334860
vt 0.736111 0.334860
vt 0.750000 0.334860
vt 0.763889 0.334860
vt 0.777778 0.334860
vt 0.791667 0.334860
vt 0.805556 0.334860
vt 0.819444 0.334860
vt 0.833333 0.334860
vt 0.847222 0.334860
vt 0.861111 0.334860
vt 0.875000 0.334860
vt 0.888889 0.334860
vt 0.902778 0.334860
vt 0.916667 0.334860
vt 0.930556 0.334860
vt 0.944444 0.334860
vt 0.958333 0.334860
vt 0.972222 0.334860
vt 0.986111 0.334860
vt 1.000000 0.334860
vt 0.000000 0.361582
vt 0.013889 0.361582
vt 0.027778 0.361582
vt 0.041667 0.361582
vt 0.055556 0.361582
vt 0.069444 0.361582
vt 0.083333 0.361582
vt 0.097222 0.361582
vt 0.111111 0.361582
vt 0.125000 0.361582
vt 0.138889 0.361582
vt 0.152778 0.361582
vt 0.166667 0.361582
vt 0.180556 0.361582
vt 0.194444 0.361582
vt 0.208333 0.361582
vt 0.222222 0.361582
vt 0.236111 0.361582
vt 0.250000 0.361582
vt 0.263889 0.361582
vt 0.277778 0.361582
vt 0.291667 0.361582
vt 0.305556 0.361582
vt 0.319444 0.361582
vt 0.333333 0.361582
vt 0.347222 0.361582
vt 0.361111 0.361582
vt 0.375000 0.361582
vt 0.388889 0.361582
vt 0.402778 0.361582
vt 0.416667 0.361582
vt 0.430556 0.361582
vt 0.444444 0.361582
vt 0.458333 0.361582
vt 0.472222 0.361582
vt 0.486111 0.361582
vt 0.500000 0.361582
vt 0.513889 0.361582
vt 0.527778 0.361582
vt 0.541667 0.361582
vt 0.555556 0.361582
vt 0.569444 0.361582
vt 0.583333 0.361582
vt 0.597222 0.361582
vt 0.611111 0.361582
vt 0.625000 0.361582
vt 0.638889 0.361582
vt 0.652778 0.361582
vt 0.666667 0.361582
vt 0.680556 0.361582
vt 0.694444 0.361582
vt 0.708333 0.361582
vt 0.722222 0.361582
vt 0.736111 0.361582
vt 0.750000 0.361582
vt 0.763889 0.361582
vt 0.777778 0.361582
vt 0.791667 0.361582
vt 0.805556 0.361582
vt 0.819444 0.361582
vt 0.833333 0.361582
vt 0.847222 0.361582
vt 0.861111 0.361582
vt 0.875000 0.361582
vt 0.888889 0.361582
vt 0.902778 0.361582
vt 0.916667 0.361582
vt 0.930556 0.361582
vt 0.944444 0.361582
vt 0.958333 0.361582
vt 0.972222 0.361582
vt 0.986111 0.361582
vt 1.000000 0.361582
vt 0.000000 0.388740
vt 0.013889 0.388740
vt 0.027778 0.388740
vt 0.041667 0.388740
vt 0.055556 0.388740
vt 0.069444 0.388740
vt 0.083333 0.388740
vt 0.097222 0.388740
vt 0.111111 0.388740
vt 0.125000 0.388740
vt 0.138889 0.388740
vt 0.152778 0.388740
vt 0.166667 0.388740
vt 0.180556 0.388740
vt 0.194444 0.388740
vt 0.208333 0.388740
vt 0.222222 0.388740
vt 0.236111 0.388740
vt 0.250000 0.388740
vt 0.263889 0.388740
vt 0.277778 0.388740
vt 0.291667 0.388740
vt 0.305556 0.388740
vt 0.319444 0.388740
vt 0.333333 0.388740
vt 0.347222 0.388740
vt 0.361111 0.388740
vt 0.375000 0.388740
vt 0.388889 0.388740
vt 0.402778 0.388740
vt 0.416667 0.388740
vt 0.430556 0.388740
vt 0.444444 0.388740
vt 0.458333 0.388740
vt 0.472222 0.388740
vt 0.486111 0.388740
vt 0.500000 0.388740
vt 0.513889 0.388740
vt 0.527778 0.388740
vt 0.541667 0.388740
vt 0.555556 0.388740
vt 0.569444 0.388740
vt 0.583333 0.388740
vt 0.597222 0.388740
vt 0.611111 0.388740
vt 0.625000 0.388740
vt 0.638889 0.388740
vt 0.652778 0.388740
vt 0.666667 0.388740
vt 0.680556 0.388740
vt 0.694444 0.388740
vt 0.708333 0.388740
vt 0.722222 0.388740
vt 0.736111 0.388740
vt 0.750000 0.388740
vt 0.763889 0.388740
vt 0.777778 0.388740
vt 0.791667 0.388740
vt 0.805556 0.388740
vt 0.819444 0.388740
vt 0.833333 0.388740
vt 0.847222 0.388740
vt 0.861111 0.388740
vt 0.875000 0.388740
vt 0.888889 0.388740
vt 0.902778 0.388740
vt 0.916667 0.388740
vt 0.930556 0.388740
vt 0.944444 0.388740
vt 0.958333 0.388740
vt 0.972222 0.388740
vt 0.986111 0.388740
vt 1.000000 0.388740
vt 0.000000 0.416247
vt 0.013889 0.416247
vt 0.027778 0.416247
vt 0.041667 0.416247
vt 0.055556 0.416247
vt 0.069444 0.416247
vt 0.083333 0.416247
vt 0.097222 0.416247
vt 0.111111 0.416247
vt 0.125000 0.416247
vt 0.138889 0.416247
vt 0.152778 0.416247
vt 0.166667 0.416247
vt 0.180556 0.416247
vt 0.194444 0.416247
vt 0.208333 0.416247
vt 0.222222 0.416247
vt 0.236111 0.416247
vt 0.250000 0.416247
vt 0.263889 0.416247
vt 0.277778 0.416247
vt 0.291667 0.416247
vt 0.305556 0.416247
vt 0.319444 0.416247
vt 0.333333 0.416247
vt 0.347222 0.416247
vt 0.361111 0.416247
vt 0.375000 0.416247
vt 0.388889 0.416247
vt 0.402778 0.416247
vt 0.416667 0.416247
vt 0.430556 0.416247
vt 0.444444 0.416247
vt 0.458333 0.416247
vt 0.472222 0.416247
vt 0.486111 0.416247
vt 0.500000 0.416247
vt 0.513889 0.416247
vt 0.527778 0.416247
vt 0.541667 0.416247
vt 0.555556 0.416247
vt 0.569444 0.416247
vt 0.583333 0.416247
vt 0.597222 0.416247
vt 0.611111 0.416247
vt 0.625000 0.416247
vt 0.638889 0.416247
vt 0.652778 0.416247
vt 0.666667 0.416247
vt 0.680556 0.416247
vt 0.694444 0.416247
vt 0.708333 0.416247
vt 0.722222 0.416247
vt 0.736111 0.416247
vt 0.750000 0.416247
vt 0.763889 0.416247
vt 0.777778 0.416247
vt 0.791667 0.416247
vt 0.805556 0.416247
vt 0.819444 0.416247
vt 0.833333 0.416247
vt 0.847222 0.416247
vt 0.861111 0.416247
vt 0.875000 0.416247
vt 0.888889 0.416247
vt 0.902778 0.416247
vt 0.916667 0.416247
vt 0.930556 0.416247
vt 0.944444 0.416247
vt 0.958333 0.416247
vt 0.972222 0.416247
vt 0.986111 0.416247
vt 1.000000 0.416247
vt 0.000000 0.444018
vt 0.013889 0.444018
vt 0.027778 0.444018
vt 0.041667 0.444018
vt 0.055556 0.444018
vt 0.069444 0.444018
vt 0.083333 0.444018
vt 0.097222 0.444018
vt 0.111111 0.444018
vt 0.125000 0.444018
vt 0.138889 0.444018
vt 0.152778 0.444018
vt 0.166667 0.444018
vt 0.180556 0.444018
vt 0.194444 0.444018
vt 0.208333 0.444018
vt 0.222222 0.444018
vt 0.236111 0.444018
vt 0.250000 0.444018
vt 0.263889 0.444018
vt 0.277778 0.444018
vt 0.291667 0.444018
vt 0.305556 0.444018
vt 0.319444 0.444018
vt 0.333333 0.444018
vt 0.347222 0.444018
vt 0.361111 0.444018
vt 0.375000 0.444018
vt 0.388889 0.444018
vt 0.402778 0.444018
vt 0.416667 0.444018
vt 0.430556 0.444018
vt 0.444444 0.444018
vt 0.458333 0.444018
vt 0.472222 0.444018
vt 0.486111 0.444018
vt 0.500000 0.444018
vt 0.513889 0.444018
vt 0.527778 0.444018
vt 0.541667 0.444018
vt 0.555556 0.444018
vt 0.569444 0.444018
vt 0.583333 0.444018
vt 0.597222 0.444018
vt 0.611111 0.444018
vt 0.625000 0.444018
vt 0.638889 0.444018
vt 0.652778 0.444018
vt 0.666667 0.444018
vt 0.680556 0.444018
vt 0.694444 0.444018
vt 0.708333 0.444018
vt 0.722222 0.444018
vt 0.736111 0.444018
vt 0.750000 0.444018
vt 0.763889 0.444018
vt 0.777778 0.444018
vt 0.791667 0.444018
vt 0.805556 0.444018
vt 0.819444 0.444018
vt 0.833333 0.444018
vt 0.847222 0.444018
vt 0.861111 0.444018
vt 0.875000 0.444018
vt 0.888889 0.444018
vt 0.902778 0.444018
vt 0.916667 0.444018
vt 0.930556 0.444018
vt 0.944444 0.444018
vt 0.958333 0.444018
vt 0.972222 0.444018
vt 0.986111 0.444018
vt 1.000000 0.444018
vt 0.000000 0.471965
vt 0.013889 0.471965
vt 0.027778 0.471965
vt 0.041667 0.471965
vt 0.055556 0.471965
vt 0.069444 0.471965
vt 0.083333 0.471965
vt 0.097222 0.471965
vt 0.111111 0.471965
vt 0.125000 0.471965
vt 0.138889 0.471965
vt 0.152778 0.471965
vt 0.166667 0.471965
vt 0.180556 0.471965
vt 0.194444 0.471965
vt 0.208333 0.471965
vt 0.222222 0.471965
vt 0.236111 0.471965
vt 0.250000 0.471965
vt 0.263889 0.471965
vt 0.277778 0.471965
vt 0.291667 0.471965
vt 0.305556 0.471965
vt 0.319444 0.471965
vt 0.333333 0.471965
vt 0.347222 0.471965
vt 0.361111 0.471965
vt 0.375000 0.471965
vt 0.388889 0.471965
vt 0.402778 0.471965
vt 0.416667 0.471965
vt 0.430556 0.471965
vt 0.444444 0.471965
vt 0.458333 0.471965
vt 0.472222 0.471965
vt 0.486111 0.471965
vt 0.500000 0.471965
vt 0.513889 0.471965
vt 0.527778 0.471965
vt 0.541667 0.471965
vt 0.555556 0.471965
vt 0.569444 0.471965
vt 0.583333 0.471965
vt 0.597222 0.471965
vt 0.611111 0.471965
vt 0.625000 0.471965
vt 0.638889 0.471965
vt 0.652778 0.471965
vt 0.666667 0.471965
vt 0.680556 0.471965
vt 0.694444 0.471965
vt 0.708333 0.471965
vt 0.722222 0.471965
vt 0.736111 0.471965
vt 0.750000 0.471965
vt 0.763889 0.471965
vt 0.777778 0.471965
vt 0.791667 0.471965
vt 0.805556 0.471965
vt 0.819444 0.471965
vt 0.833333 0.471965
vt 0.847222 0.471965
vt 0.861111 0.471965
vt 0.875000 0.471965
vt 0.888889 0.471965
vt 0.902778 0.471965
vt 0.916667 0.471965
vt 0.930556 0.471965
vt 0.944444 0.471965
vt 0.958333 0.471965
vt 0.972222 0.471965
vt 0.986111 0.471965
vt 1.000000 0.471965
vt 0.000000 0.500000
vt 0.013889 0.500000
vt 0.027778 0.500000
vt 0.041667 0.500000
vt 0.055556 0.500000
vt 0.069444 0.500000
vt 0.083333 0.500000
vt 0.097222 0.500000
vt 0.111111 0.500000
vt 0.125000 0.500000
vt 0.138889 0.500000
vt 0.152778 0.500000
vt 0.166667 0.500000
vt 0.180556 0.500000
vt 0.194444 0.500000
vt 0.208333 0.500000
vt 0.222222 0.500000
vt 0.236111 0.500000
vt 0.250000 0.500000
vt 0.263889 0.500000
vt 0.277778 0.500000
vt 0.291667 0.500000
vt 0.305556 0.500000
vt 0.319444 0.500000
vt 0.333333 0.500000
vt 0.347222 0.500000
vt 0.361111 0.500000
vt 0.375000 0.500000
vt 0.388889 0.500000
vt 0.402778 0.500000
vt 0.416667 0.500000
vt 0.430556 0.500000
vt 0.444444 0.500000
vt 0.458333 0.500000
vt 0.472222 0.500000
vt 0.486111 0.500000
vt 0.500000 0.500000
vt 0.513889 0.500000
vt 0.527778 0.500000
vt 0.541667 0.500000
vt 0.555556 0.500000
vt 0.569444 0.500000
vt 0.583333 0.500000
vt 0.597222 0.500000
vt 0.611111 0.500000
vt 0.625000 0.500000
vt 0.638889 0.500000
vt 0.652778 0.500000
vt 0.666667 0.500000
vt 0.680556 0.500000
vt 0.694444 0.500000
vt 0.708333 0.500000
vt 0.722222 0.500000
vt 0.736111 0.500000
vt 0.750000 0.500000
vt 0.763889 0.500000
vt 0.777778 0.500000
vt 0.791667 0.500000
vt 0.805556 0.500000
vt 0.819444 0.500000
vt 0.833333 0.500000
vt 0.847222 0.500000
vt 0.861111 0.500000
vt 0.875000 0.500000
vt 0.888889 0.500000
vt 0.902778 0.500000
vt 0.916667 0.500000
vt 0.930556 0.500000
vt 0.944444 0.500000
vt 0.958333 0.500000
vt 0.972222 0.500000
vt 0.986111 0.500000
vt 1.000000 0.500000
vt 0.000000 0.528035
vt 0.013889 0.528035
vt 0.027778 0.528035
vt 0.041667 0.528035
vt 0.055556 0.528035
vt 0.069444 0.528035
vt 0.083333 0.528035
vt 0.097222 0.528035
vt 0.111111 0.528035
vt 0.125000 0.528035
vt 0.138889 0.528035
vt 0.152778 0.528035
vt 0.166667 0.528035
vt 0.180556 0.528035
vt 0.194444 0.528035
vt 0.208333 0.528035
vt 0.222222 0.528035
vt 0.236111 0.528035
vt 0.250000 0.528035
vt 0.263889 0.528035
vt 0.277778 0.528035
vt 0.291667 0.528035
vt 0.305556 0.528035
vt 0.319444 0.528035
vt 0.333333 0.528035
vt 0.347222 0.528035
vt 0.361111 0.528035
vt 0.375000 0.528035
vt 0.388889 0.528035
vt 0.402778 0.528035
vt 0.416667 0.528035
vt 0.430556 0.528035
vt 0.444444 0.528035
vt 0.458333 0.528035
vt 0.472222 0.528035
vt 0.486111 0.528035
vt 0.500000 0.528035
vt 0.513889 0.528035
vt 0.527778 0.528035
vt 0.541667 0.528035
vt 0.555556 0.528035
vt 0.569444 0.528035
vt 0.583333 0.528035
vt 0.597222 0.528035
vt 0.611111 0.528035
vt 0.625000 0.528035
vt 0.638889 0.528035
vt 0.652778 0.528035
vt 0.666667 0.528035
vt 0.680556 0.528035
vt 0.694444 0.528035
vt 0.708333 0.528035
vt 0.722222 0.528035
vt 0.736111 0.528035
vt 0.750000 0.528035
vt 0.763889 0.528035
vt 0.777778 0.528035
vt 0.791667 0.528035
vt 0.805556 0.528035
vt 0.819444 0.528035
vt 0.833333 0.528035
vt 0.847222 0.528035
vt 0.861111 0.528035
vt 0.875000 0.528035
vt 0.888889 0.528035
vt 0.902778 0.528035
vt 0.916667 0.528035
vt 0.930556 0.528035
vt 0.944444 0.528035
vt 0.958333 0.528035
vt 0.972222 0.528035
vt 0.986111 0.528035
vt 1.000000 0.528035
vt 0.000000 0.555982
vt 0.013889 0.555982
vt 0.027778 0.555982
vt 0.041667 0.555982
vt 0.055556 0.555982
vt 0.069444 0.555982
vt 0.083333 0.555982
vt 0.097222 0.555982
vt 0.111111 0.555982
vt 0.125000 0.555982
vt 0.138889 0.555982
vt 0.152778 0.555982
vt 0.166667 0.555982
vt 0.180556 0.555982
vt 0.194444 0.555982
vt 0.208333 0.555982
vt 0.222222 0.555982
vt 0.236111 0.555982
vt 0.250000 0.555982
vt 0.263889 0.555982
vt 0.277778 0.555982
vt 0.291667 0.555982
vt 0.305556 0.555982
vt 0.319444 0.555982
vt 0.333333 0.555982
vt 0.347222 0.555982
vt 0.361111 0.555982
vt 0.375000 0.555982
vt 0.388889 0.555982
vt 0.402778 0.555982
vt 0.416667 0.555982
vt 0.430556 0.555982
vt 0.444444 0.555982
vt 0.458333 0.555982
vt 0.472222 0.555982
vt 0.486111 0.555982
vt 0.500000 0.555982
vt 0.513889 0.555982
vt 0.527778 0.555982
vt 0.541667 0.555982
vt 0.555556 0.555982
vt 0.569444 0.555982
vt 0.583333 0.555982
vt 0.597222 0.555982
vt 0.611111 0.555982
vt 0.625000 0.555982
vt 0.638889 0.555982
vt 0.652778 0.555982
vt 0.666667 0.555982
vt 0.680556 0.555982
vt 0.694444 0.555982
vt 0.708333 0.555982
vt 0.722222 0.555982
vt 0.736111 0.555982
vt 0.750000 0.555982
vt 0.763889 0.555982
vt 0.777778 0.555982
vt 0.791667 0.555982
vt 0.805556 0.555982
vt 0.819444 0.555982
vt 0.833333 0.555982
vt 0.847222 0.555982
vt 0.861111 0.555982
vt 0.875000 0.555982
vt 0.888889 0.555982
vt 0.902778 0.555982
vt 0.916667 0.555982
vt 0.930556 0.555982
vt 0.944444 0.555982
vt 0.958333 0.555982
vt 0.972222 0.555982
vt 0.986111 0.555982
vt 1.000000 0.555982
vt 0.000000 0.583753
vt 0.013889 0.583753
vt 0.027778 0.583753
vt 0.041667 0.583753
vt 0.055556 0.583753
vt 0.069444 0.583753
vt 0.083333 0.583753
vt 0.097222 0.583753
vt 0.111111 0.583753
vt 0.125000 0.583753
vt 0.138889 0.583753
vt 0.152778 0.583753
vt 0.166667 0.583753
vt 0.180556 0.583753
vt 0.194444 0.583753
vt 0.208333 0.583753
vt 0.222222 0.583753
vt 0.236111 0.583753
vt 0.250000 0.583753
vt 0.263889 0.583753
vt 0.277778 0.583753
vt 0.291667 0.583753
vt 0.305556 0.583753
vt 0.319444 0.583753
vt 0.333333 0.583753
vt 0.347222 0.583753
vt 0.361111 0.583753
vt 0.375000 0.583753
vt 0.388889 0.583753
vt 0.402778 0.583753
vt 0.416667 0.583753
vt 0.430556 0.583753
vt 0.444444 0.583753
vt 0.458333 0.583753
vt 0.472222 0.583753
vt 0.486111 0.583753
vt 0.500000 0.583753
vt 0.513889 0.583753
vt 0.527778 0.583753
vt 0.541667 0.583753
vt 0.555556 0.583753
vt 0.569444 0.583753
vt 0.583333 0.583753
vt 0.597222 0.583753
vt 0.611111 0.583753
vt 0.625000 0.583753
vt 0.638889 0.583753
vt 0.652778 0.583753
vt 0.666667 0.583753
vt 0.680556 0.583753
vt 0.694444 0.583753
vt 0.708333 0.583753
vt 0.722222 0.583753
vt 0.736111 0.583753
vt 0.750000 0.583753
vt 0.763889 0.583753
vt 0.777778 0.583753
vt 0.791667 0.583753
vt 0.805556 0.583753
vt 0.819444 0.583753
vt 0.833333 0.583753
vt 0.847222 0.583753
vt 0.861111 0.583753
vt 0.875000 0.583753
vt 0.888889 0.583753
vt 0.902778 0.583753
vt 0.916667 0.583753
vt 0.930556 0.583753
vt 0.944444 0.583753
vt 0.958333 0.583753
vt 0.972222 0.583753
vt 0.986111 0.583753
vt 1.000000 0.583753
vt 0.000000 0.611260
vt 0.013889 0.611260
vt 0.027778 0.611260
vt 0.041667 0.611260
vt 0.055556 0.611260
vt 0.069444 0.611260
vt 0.083333 0.611260
vt 0.097222 0.611260
vt 0.111111 0.611260
vt 0.125000 0.611260
vt 0.138889 0.611260
vt 0.152778 0.611260
vt 0.166667 0.611260
vt 0.180556 0.611260
vt 0.194444 0.611260
vt 0.208333 0.611260
vt 0.222222 0.611260
vt 0.236111 0.611260
vt 0.250000 0.611260
vt 0.263889 0.611260
vt 0.277778 0.611260
vt 0.291667 0.611260
vt 0.305556 0.611260
vt 0.319444 0.611260
vt 0.333333 0.611260
vt 0.347222 0.611260
vt 0.361111 0.611260
vt 0.375000 0.611260
vt 0.388889 0.611260
vt 0.402778 0.611260
vt 0.416667 0.611260
vt 0.430556 0.611260
vt 0.444444 0.611260
vt 0.458333 0.611260
vt 0.472222 0.611260
vt 0.486111 0.611260
vt 0.500000 0.611260
vt 0.513889 0.611260
vt 0.527778 0.611260
vt 0.541667 0.611260
vt 0.555556 0.611260
vt 0.569444 0.611260
vt 0.583333 0.611260
vt 0.597222 0.611260
vt 0.611111 0.611260
vt 0.625000 0.611260
vt 0.638889 0.611260
vt 0.652778 0.611260
vt 0.666667 0.611260
vt 0.680556 0.611260
vt 0.694444 0.611260
vt 0.708333 0.611260
vt 0.722222 0.611260
vt 0.736111 0.611260
vt 0.750000 0.611260
vt 0.763889 0.611260
vt 0.777778 0.611260
vt 0.791667 0.611260
vt 0.805556 0.611260
vt 0.819444 0.611260
vt 0.833333 0.611260
vt 0.847222 0.611260
vt 0.861111 0.611260
vt 0.875000 0.611260
vt 0.888889 0.611260
vt 0.902778 0.611260
vt 0.916667 0.611260
vt 0.930556 0.611260
vt 0.944444 0.611260
vt 0.958333 0.611260
vt 0.972222 0.611260
vt 0.986111 0.611260
vt 1.000000 0.611260
vt 0.000000 0.638418
vt 0.013889 0.638418
vt 0.027778 0.638418
vt 0.041667 0.638418
vt 0.055556 0.638418
vt 0.069444 0.638418
vt 0.083333 0.638418
vt 0.097222 0.638418
vt 0.111111 0.638418
vt 0.125000 0.638418
vt 0.138889 0.638418
vt 0.152778 0.638418
vt 0.166667 0.638418
vt 0.180556 0.638418
vt 0.194444 0.638418
vt 0.208333 0.638418
vt 0.222222 0.638418
vt 0.236111 0.638418
vt 0.250000 0.638418
vt 0.263889 0.638418
vt 0.277778 0.638418
vt 0.291667 0.638418
vt 0.305556 0.638418
vt 0.319444 0.638418
vt 0.333333 0.638418
vt 0.347222 0.638418
vt 0.361111 0.638418
vt 0.375000 0.638418
vt 0.388889 0.638418
vt 0.402778 0.638418
vt 0.416667 0.638418
vt 0.430556 0.638418
vt 0.444444 0.638418
vt 0.458333 0.638418
vt 0.472222 0.638418
vt 0.486111 0.638418
vt 0.500000 0.638418
vt 0.513889 0.638418
vt 0.527778 0.638418
vt 0.541667 0.638418
vt 0.555556 0.638418
vt 0.569444 0.638418
vt 0.583333 0.638418
vt 0.597222 0.638418
vt 0.611111 0.638418
vt 0.625000 0.638418
vt 0.638889 0.638418
vt 0.652778 0.638418
vt 0.666667 0.638418
vt 0.680556 0.638418
vt 0.694444 0.638418
vt 0.708333 0.638418
vt 0.722222 0.638418
vt 0.736111 0.638418
vt 0.750000 0.638418
vt 0.763889 0.638418
vt 0.777778 0.638418
vt 0.791667 0.638418
vt 0.805556 0.638418
vt 0.819444 0.638418
vt 0.833333 0.638418
vt 0.847222 0.638418
vt 0.861111 0.638418
vt 0.875000 0.638418
vt 0.888889 0.638418
vt 0.902778 0.638418
vt 0.916667 0.638418
vt 0.930556 0.638418
vt 0.944444 0.638418
vt 0.958333 0.638418
vt 0.972222 0.638418
vt 0.986111 0.638418
vt 1.000000 0.638418
vt 0.000000 0.665140
vt 0.013889 0.665140
vt 0.027778 0.665140
vt 0.041667 0.665140
vt 0.055556 0.665140
vt 0.069444 0.665140
vt 0.083333 0.665140
vt 0.097222 0.665140
vt 0.111111 0.665140
vt 0.125000 0.665140
vt 0.138889 0.665140
vt 0.152778 0.665140
vt 0.166667 0.665140
vt 0.180556 0.665140
vt 0.194444 0.665140
vt 0.208333 0.665140
vt 0.222222 0.665140
vt 0.236111 0.665140
vt 0.250000 0.665140
vt 0.263889 0.665140
vt 0.277778 0.665140
vt 0.291667 0.665140
vt 0.305556 0.665140
vt 0.319444 0.665140
vt 0.333333 0.665140
vt 0.347222 0.665140
vt 0.361111 0.665140
vt 0.375000 0.665140
vt 0.388889 0.665140
vt 0.402778 0.665140
vt 0.416667 0.665140
vt 0.430556 0.665140
vt 0.444444 0.665140
vt 0.458333 0.665140
vt 0.472222 0.665140
vt 0.486111 0.665140
vt 0.500000 0.665140
vt 0.513889 0.665140
vt 0.527778 0.665140
vt 0.541667 0.665140
vt 0.555556 0.665140
vt 0.569444 0.665140
vt 0.583333 0.665140
vt 0.597222 0.665140
vt 0.611111 0.665140
vt 0.625000 0.665140
vt 0.638889 0.665140
vt 0.652778 0.665140
vt 0.666667 0.665140
vt 0.680556 0.665140
vt 0.694444 0.665140
vt 0.708333 0.665140
vt 0.722222 0.665140
vt 0.736111 0.665140
vt 0.750000 0.665140
vt 0.763889 0.665140
vt 0.777778 0.665140
vt 0.791667 0.665140
vt 0.805556 0.665140
vt 0.819444 0.665140
vt 0.833333 0.665140
vt 0.847222 0.665140
vt 0.861111 0.665140
vt 0.875000 0.665140
vt 0.888889 0.665140
vt 0.902778 0.665140
vt 0.916667 0.665140
vt 0.930556 0.665140
vt 0.944444 0.665140
vt 0.958333 0.665140
vt 0.972222 0.665140
vt 0.986111 0.665140
vt 1.000000 0.665140
vt 0.000000 0.691342
vt 0.013889 0.691342
vt 0.027778 0.691342
vt 0.041667 0.691342
vt 0.055556 0.691342
vt 0.069444 0.691342
vt 0.083333 0.691342
vt 0.097222 0.691342
vt 0.111111 0.691342
vt 0.125000 0.691342
vt 0.138889 0.691342
vt 0.152778 0.691342
vt 0.166667 0.691342
vt 0.180556 0.691342
vt 0.194444 0.691342
vt 0.208333 0.691342
vt 0.222222 0.691342
vt 0.236111 0.691342
vt 0.250000 0.691342
vt 0.263889 0.691342
vt 0.277778 0.691342
vt 0.291667 0.691342
vt 0.305556 0.691342
vt 0.319444 0.691342
vt 0.333333 0.691342
vt 0.347222 0.691342
vt 0.361111 0.691342
vt 0.375000 0.691342
vt 0.388889 0.691342
vt 0.402778 0.691342
vt 0.416667 0.691342
vt 0.430556 0.691342
vt 0.444444 0.691342
vt 0.458333 0.691342
vt 0.472222 0.691342
vt 0.486111 0.691342
vt 0.500000 0.691342
vt 0.513889 0.691342
vt 0.527778 0.691342
vt 0.541667 0.691342
vt 0.555556 0.691342
vt 0.569444 0.691342
vt 0.583333 0.691342
vt 0.597222 0.691342
vt 0.611111 0.691342
vt 0.625000 0.691342
vt 0.638889 0.691342
vt 0.652778 0.691342
vt 0.666667 0.691342
vt 0.680556 0.691342
vt 0.694444 0.691342
vt 0.708333 0.691342
vt 0.722222 0.691342
vt 0.736111 0.691342
vt 0.750000 0.691342
vt 0.763889 0.691342
vt 0.777778 0.691342
vt 0.791667 0.691342
vt 0.805556 0.691342
vt 0.819444 0.691342
vt 0.833333 0.691342
vt 0.847222 0.691342
vt 0.861111 0.691342
vt 0.875000 0.691342
vt 0.888889 0.691342
vt 0.902778 0.691342
vt 0.916667 0.691342
vt 0.930556 0.691342
vt 0.944444 0.691342
vt 0.958333 0.691342
vt 0.972222 0.691342
vt 0.986111 0.691342
vt 1.000000 0.691342
vt 0.000000 0.716942
vt 0.013889 0.716942
vt 0.027778 0.716942
vt 0.041667 0.716942
vt 0.055556 0.716942
vt 0.069444 0.716942
vt 0.083333 0.716942
vt 0.097222 0.716942
vt 0.111111 0.716942
vt 0.125000 0.716942
vt 0.138889 0.716942
vt 0.152778 0.716942
vt 0.166667 0.716942
vt 0.180556 0.716942
vt 0.194444 0.716942
vt 0.208333 0.716942
vt 0.222222 0.716942
vt 0.236111 0.716942
vt 0.250000 0.716942
vt 0.263889 0.716942
vt 0.277778 0.716942
vt 0.291667 0.716942
vt 0.305556 0.716942
vt 0.319444 0.716942
vt 0.333333 0.716942
vt 0.347222 0.716942
vt 0.361111 0.716942
vt 0.375000 0.716942
vt 0.388889 0.716942
vt 0.402778 0.716942
vt 0.416667 0.716942
vt 0.430556 0.716942
vt 0.444444 0.716942
vt 0.458333 0.716942
vt 0.472222 0.716942
vt 0.486111 0.716942
vt 0.500000 0.716942
vt 0.513889 0.716942
vt 0.527778 0.716942
vt 0.541667 0.716942
vt 0.555556 0.716942
vt 0.569444 0.716942
vt 0.583333 0.716942
vt 0.597222 0.716942
vt 0.611111 0.716942
vt 0.625000 0.716942
vt 0.638889 0.716942
vt 0.652778 0.716942
vt 0.666667 0.716942
vt 0.680556 0.716942
vt 0.694444 0.716942
vt 0.708333 0.716942
vt 0.722222 0.716942
vt 0.736111 0.716942
vt 0.750000 0.716942
vt 0.763889 0.716942
vt 0.777778 0.716942
vt 0.791667 0.716942
vt 0.805556 0.716942
vt 0.819444 0.716942
vt 0.833333 0.716942
vt 0.847222 0.716942
vt 0.861111 0.716942
vt 0.875000 0.716942
vt 0.888889 0.716942
vt 0.902778 0.716942
vt 0.916667 0.716942
vt 0.930556 0.716942
vt 0.944444 0.716942
vt 0.958333 0.716942
vt 0.972222 0.716942
vt 0.986111 0.716942
vt 1.000000 0.716942
vt 0.000000 0.741859
vt 0.013889 0.741859
vt 0.027778 0.741859
vt 0.041667 0.741859
vt 0.055556 0.741859
vt 0.069444 0.741859
vt 0.083333 0.741859
vt 0.097222 0.741859
vt 0.111111 0.741859
vt 0.125000 0.741859
vt 0.138889 0.741859
vt 0.152778 0.741859
vt 0.166667 0.741859
vt 0.180556 0.741859
vt 0.194444 0.741859
vt 0.208333 0.741859
vt 0.222222 0.741859
vt 0.236111 0.741859
vt 0.250000 0.741859
vt 0.263889 0.741859
vt 0.277778 0.741859
vt 0.291667 0.741859
vt 0.305556 0.741859
vt 0.319444 0.741859
vt 0.333333 0.741859
vt 0.347222 0.741859
vt 0.361111 0.741859
vt 0.375000 0.741859
vt 0.388889 0.741859
vt 0.402778 0.741859
vt 0.416667 0.741859
vt 0.430556 0.741859
vt 0.444444 0.741859
vt 0.458333 0.741859
vt 0.472222 0.741859
vt 0.486111 0.741859
vt 0.500000 0.741859
vt 0.513889 0.741859
vt 0.527778 0.741859
vt 0.541667 0.741859
vt 0.555556 0.741859
vt 0.569444 0.741859
vt 0.583333 0.741859
vt 0.597222 0.741859
vt 0.611111 0.741859
vt 0.625000 0.741859
vt 0.638889 0.741859
vt 0.652778 0.741859
vt 0.666667 0.741859
vt 0.680556 0.741859
vt 0.694444 0.741859
vt 0.708333 0.741859
vt 0.722222 0.741859
vt 0.736111 0.741859
vt 0.750000 0.741859
vt 0.763889 0.741859
vt 0.777778 0.741859
vt 0.791667 0.741859
vt 0.805556 0.741859
vt 0.819444 0.741859
vt 0.833333 0.741859
vt 0.847222 0.741859
vt 0.861111 0.741859
vt 0.875000 0.741859
vt 0.888889 0.741859
vt 0.902778 0.741859
vt 0.916667 0.741859
vt 0.930556 0.741859
vt 0.944444 0.741859
vt 0.958333 0.741859
vt 0.972222 0.741859
vt 0.986111 0.741859
vt 1.000000 0.741859
vt 0.000000 0.766016
vt 0.013889 0.766016
vt 0.027778 0.766016
vt 0.041667 0.766016
vt 0.055556 0.766016
vt 0.069444 0.766016
vt 0.083333 0.766016
vt 0.097222 0.766016
vt 0.111111 0.766016
vt 0.125000 0.766016
vt 0.138889 0.766016
vt 0.152778 0.766016
vt 0.166667 0.766016
vt 0.180556 0.766016
vt 0.194444 0.766016
vt 0.208333 0.766016
vt 0.222222 0.766016
vt 0.236111 0.766016
vt 0.250000 0.766016
vt 0.263889 0.766016
vt 0.277778 0.766016
vt 0.291667 0.766016
vt 0.305556 0.766016
vt 0.319444 0.766016
vt 0.333333 0.766016
vt 0.347222 0.766016
vt 0.361111 0.766016
vt 0.375000 0.766016
vt 0.388889 0.766016
vt 0.402778 0.766016
vt 0.416667 0.766016
vt 0.430556 0.766016
vt 0.444444 0.766016
vt 0.458333 0.766016
vt 0.472222 0.766016
vt 0.486111 0.766016
vt 0.500000 0.766016
vt 0.513889 0.766016
vt 0.527778 0.766016
vt 0.541667 0.766016
vt 0.555556 0.766016
vt 0.569444 0.766016
vt 0.583333 0.766016
vt 0.597222 0.766016
vt 0.611111 0.766016
vt 0.625000 0.766016
vt 0.638889 0.766016
vt 0.652778 0.766016
vt 0.666667 0.766016
vt 0.680556 0.766016
vt 0.694444 0.766016
vt 0.708333 0.766016
vt 0.722222 0.766016
vt 0.736111 0.766016
vt 0.750000 0.766016
vt 0.763889 0.766016
vt 0.777778 0.766016
vt 0.791667 0.766016
vt 0.805556 0.766016
vt 0.819444 0.766016
vt 0.833333 0.766016
vt 0.847222 0.766016
vt 0.861111 0.766016
vt 0.875000 0.766016
vt 0.888889 0.766016
vt 0.902778 0.766016
vt 0.916667 0.766016
vt 0.930556 0.766016
vt 0.944444 0.766016
vt 0.958333 0.766016
vt 0.972222 0.766016
vt 0.986111 0.766016
vt 1.000000 0.766016
vt 0.000000 0.789336
vt 0.013889 0.789336
vt 0.027778 0.789336
vt 0.041667 0.789336
vt 0.055556 0.789336
vt 0.069444 0.789336
vt 0.083333 0.789336
vt 0.097222 0.789336
vt 0.111111 0.789336
vt 0.125000 0.789336
vt 0.138889 0.789336
vt 0.152778 0.789336
vt 0.166667 0.789336
vt 0.180556 0.789336
vt 0.194444 0.789336
vt 0.208333 0.789336
vt 0.222222 0.789336
vt 0.236111 0.789336
vt 0.250000 0.789336
vt 0.263889 0.789336
vt 0.277778 0.789336
vt 0.291667 0.789336
vt 0.305556 0.789336
vt 0.319444 0.789336
vt 0.333333 0.789336
vt 0.347222 0.789336
vt 0.361111 0.789336
vt 0.375000 0.789336
vt 0.388889 0.789336
vt 0.402778 0.789336
vt 0.416667 0.789336
vt 0.430556 0.789336
vt 0.444444 0.789336
vt 0.458333 0.789336
vt 0.472222 0.789336
vt 0.486111 0.789336
vt 0.500000 0.789336
vt 0.513889 0.789336
vt 0.527778 0.789336
vt 0.541667 0.789336
vt 0.555556 0.789336
vt 0.569444 0.789336
vt 0.583333 0.789336
vt 0.597222 0.789336
vt 0.611111 0.789336
vt 0.625000 0.789336
vt 0.638889 0.789336
vt 0.652778 0.789336
vt 0.666667 0.789336
vt 0.680556 0.789336
vt 0.694444 0.789336
vt 0.708333 0.789336
vt 0.722222 0.789336
vt 0.736111 0.789336
vt 0.750000 0.789336
vt 0.763889 0.789336
vt 0.777778 0.789336
vt 0.791667 0.789336
vt 0.805556 0.789336
vt 0.819444 0.789336
vt 0.833333 0.789336
vt 0.847222 0.789336
vt 0.861111 0.789336
vt 0.875000 0.789336
vt 0.888889 0.789336
vt 0.902778 0.789336
vt 0.916667 0.789336
vt 0.930556 0.789336
vt 0.944444 0.789336
vt 0.958333 0.789336
vt 0.972222 0.789336
vt 0.986111 0.789336
vt 1.000000 0.789336
vt 0.000000 0.811745
vt 0.013889 0.811745
vt 0.027778 0.811745
vt 0.041667 0.811745
vt 0.055556 0.811745
vt 0.069444 0.811745
vt 0.083333 0.811745
vt 0.097222 0.811745
vt 0.111111 0.811745
vt 0.125000 0.811745
vt 0.138889 0.811745
vt 0.152778 0.811745
vt 0.166667 0.811745
vt 0.180556 0.811745
vt 0.194444 0.811745
vt 0.208333 0.811745
vt 0.222222 0.811745
vt 0.236111 0.811745
vt 0.250000 0.811745
vt 0.263889 0.811745
vt 0.277778 0.811745
vt 0.291667 0.811745
vt 0.305556 0.811745
vt 0.319444 0.811745
vt 0.333333 0.811745
vt 0.347222 0.811745
vt 0.361111 0.811745
vt 0.375000 0.811745
vt 0.388889 0.811745
vt 0.402778 0.811745
vt 0.416667 0.811745
vt 0.430556 0.811745
vt 0.444444 0.811745
vt 0.458333 0.811745
vt 0.472222 0.811745
vt 0.486111 0.811745
vt 0.500000 0.811745
vt 0.513889 0.811745
vt 0.527778 0.811745
vt 0.541667 0.811745
vt 0.555556 0.811745
vt 0.569444 0.811745
vt 0.583333 0.811745
vt 0.597222 0.811745
vt 0.611111 0.811745
vt 0.625000 0.811745
vt 0.638889 0.811745
vt 0.652778 0.811745
vt 0.666667 0.811745
vt 0.680556 0.811745
vt 0.694444 0.811745
vt 0.708333 0.811745
vt 0.722222 0.811745
vt 0.736111 0.811745
vt 0.750000 0.811745
vt 0.763889 0.811745
vt 0.777778 0.811745
vt 0.791667 0.811745
vt 0.805556 0.811745
vt 0.819444 0.811745
vt 0.833333 0.811745
vt 0.847222 0.811745
vt 0.861111 0.811745
vt 0.875000 0.811745
vt 0.888889 0.811745
vt 0.902778 0.811745
vt 0.916667 0.811745
vt 0.930556 0.811745
vt 0.944444 0.811745
vt 0.958333 0.811745
vt 0.972222 0.811745
vt 0.986111 0.811745
vt 1.000000 0.811745
vt 0.000000 0.833173
vt 0.013889 0.833173
vt 0.027778 0.833173
vt 0.041667 0.833173
vt 0.055556 0.833173
vt 0.069444 0.833173
vt 0.083333 0.833173
vt 0.097222 0.833173
vt 0.111111 0.833173
vt 0.125000 0.833173
vt 0.138889 0.833173
vt 0.152778 0.833173
vt 0.166667 0.833173
vt 0.180556 0.833173
vt 0.194444 0.833173
vt 0.208333 0.833173
vt 0.222222 0.833173
vt 0.236111 0.833173
vt 0.250000 0.833173
vt 0.263889 0.833173
vt 0.277778 0.833173
vt 0.291667 0.833173
vt 0.305556 0.833173
vt 0.319444 0.833173
vt 0.333333 0.833173
vt 0.347222 0.833173
vt 0.361111 0.833173
vt 0.375000 0.833173
vt 0.388889 0.833173
vt 0.402778 0.833173
vt 0.416667 0.833173
vt 0.430556 0.833173
vt 0.444444 0.833173
vt 0.458333 0.833173
vt 0.472222 0.833173
vt 0.486111 0.833173
vt 0.500000 0.833173
vt 0.513889 0.833173
vt 0.527778 0.833173
vt 0.541667 0.833173
vt 0.555556 0.833173
vt 0.569444 0.833173
vt 0.583333 0.833173
vt 0.597222 0.833173
vt 0.611111 0.833173
vt 0.625000 0.833173
vt 0.638889 0.833173
vt 0.652778 0.833173
vt 0.666667 0.833173
vt 0.680556 0.833173
vt 0.694444 0.833173
vt 0.708333 0.833173
vt 0.722222 0.833173
vt 0.736111 0.833173
vt 0.750000 0.833173
vt 0.763889 0.833173
vt 0.777778 0.833173
vt 0.791667 0.833173
vt 0.805556 0.833173
vt 0.819444 0.833173
vt 0.833333 0.833173
vt 0.847222 0.833173
vt 0.861111 0.833173
vt 0.875000 0.833173
vt 0.888889 0.833173
vt 0.902778 0.833173
vt 0.916667 0.833173
vt 0.930556 0.833173
vt 0.944444 0.833173
vt 0.958333 0.833173
vt 0.972222 0.833173
vt 0.986111 0.833173
vt 1.000000 0.833173
vt 0.000000 0.853553
vt 0.013889 0.853553
vt 0.027778 0.853553
vt 0.041667 0.853553
vt 0.055556 0.853553
vt 0.069444 0.853553
vt 0.083333 0.853553
vt 0.097222 0.853553
vt 0.111111 0.853553
vt 0.125000 0.853553
vt 0.138889 0.853553
vt 0.152778 0.853553
vt 0.166667 0.853553
vt 0.180556 0.853553
vt 0.194444 0.853553
vt 0.208333 0.853553
vt 0.222222 0.853553
vt 0.236111 0.853553
vt 0.250000 0.853553
vt 0.263889 0.853553
vt 0.277778 0.853553
vt 0.291667 0.853553
vt 0.305556 0.853553
vt 0.319444 0.853553
vt 0.333333 0.853553
vt 0.347222 0.853553
vt 0.361111 0.853553
vt 0.375000 0.853553
vt 0.388889 0.853553
vt 0.402778 0.853553
vt 0.416667 0.853553
vt 0.430556 0.853553
vt 0.444444 0.853553
vt 0.458333 0.853553
vt 0.472222 0.853553
vt 0.486111 0.853553
vt 0.500000 0.853553
vt 0.513889 0.853553
vt 0.527778 0.853553
vt 0.541667 0.853553
vt 0.555556 0.853553
vt 0.569444 0.853553
vt 0.583333 0.853553
vt 0.597222 0.853553
vt 0.611111 0.853553
vt 0.625000 0.853553
vt 0.638889 0.853553
vt 0.652778 0.853553
vt 0.666667 0.853553
vt 0.680556 0.853553
vt 0.694444 0.853553
vt 0.708333 0.853553
vt 0.722222 0.853553
vt 0.736111 0.853553
vt 0.750000 0.853553
vt 0.763889 0.853553
vt 0.777778 0.853553
vt 0.791667 0.853553
vt 0.805556 0.853553
vt 0.819444 0.853553
vt 0.833333 0.853553
vt 0.847222 0.853553
vt 0.861111 0.853553
vt 0.875000 0.853553
vt 0.888889 0.853553
vt 0.902778 0.853553
vt 0.916667 0.853553
vt 0.930556 0.853553
vt 0.944444 0.853553
vt 0.958333 0.853553
vt 0.972222 0.853553
vt 0.986111 0.853553
vt 1.000000 0.853553
vt 0.000000 0.872821
vt 0.013889 0.872821
vt 0.027778 0.872821
vt 0.041667 0.872821
vt 0.055556 0.872821
vt 0.069444 0.872821
vt 0.083333 0.872821
vt 0.097222 0.872821
vt 0.111111 0.872821
vt 0.125000 0.872821
vt 0.138889 0.872821
vt 0.152778 0.872821
vt 0.166667 0.872821
vt 0.180556 0.872821
vt 0.194444 0.872821
vt 0.208333 0.872821
vt 0.222222 0.872821
vt 0.236111 0.872821
vt 0.250000 0.872821
vt 0.263889 0.872821
vt 0.277778 0.872821
vt 0.291667 0.872821
vt 0.305556 0.872821
vt 0.319444 0.872821
vt 0.333333 0.872821
vt 0.347222 0.872821
vt 0.361111 0.872821
vt 0.375000 0.872821
vt 0.388889 0.872821
vt 0.402778 0.872821
vt 0.416667 0.872821
vt 0.430556 0.872821
vt 0.444444 0.872821
vt 0.458333 0.872821
vt 0.472222 0.872821
vt 0.486111 0.872821
vt 0.500000 0.872821
vt 0.513889 0.872821
vt 0.527778 0.872821
vt 0.541667 0.872821
vt 0.555556 0.872821
vt 0.569444 0.872821
vt 0.583333 0.872821
vt 0.597222 0.872821
vt 0.611111 0.872821
vt 0.625000 0.872821
vt 0.638889 0.872821
vt 0.652778 0.872821
vt 0.666667 0.872821
vt 0.680556 0.872821
vt 0.694444 0.872821
vt 0.708333 0.872821
vt 0.722222 0.872821
vt 0.736111 0.872821
vt 0.750000 0.872821
vt 0.763889 0.872821
vt 0.777778 0.872821
vt 0.791667 0.872821
vt 0.805556 0.872821
vt 0.819444 0.872821
vt 0.833333 0.872821
vt 0.847222 0.872821
vt 0.861111 0.872821
vt 0.875000 0.872821
vt 0.888889 0.872821
vt 0.902778 0.872821
vt 0.916667 0.872821
vt 0.930556 0.872821
vt 0.944444 0.872821
vt 0.958333 0.872821
vt 0.972222 0.872821
vt 0.986111 0.872821
vt 1.000000 0.872821
vt 0.000000 0.890916
vt 0.013889 0.890916
vt 0.027778 0.890916
vt 0.041667 0.890916
vt 0.055556 0.890916
vt 0.069444 0.890916
vt 0.083333 0.890916
vt 0.097222 0.890916
vt 0.111111 0.890916
vt 0.125000 0.890916
vt 0.138889 0.890916
vt 0.152778 0.890916
vt 0.166667 0.890916
vt 0.180556 0.890916
vt 0.194444 0.890916
vt 0.208333 0.890916
vt 0.222222 0.890916
vt 0.236111 0.890916
vt 0.250000 0.890916
vt 0.263889 0.890916
vt 0.277778 0.890916
vt 0.291667 0.890916
vt 0.305556 0.890916
vt 0.319444 0.890916
vt 0.333333 0.890916
vt 0.347222 0.890916
vt 0.361111 0.890916
vt 0.375000 0.890916
vt 0.388889 0.890916
vt 0.402778 0.890916
vt 0.416667 0.890916
vt 0.430556 0.890916
vt 0.444444 0.890916
vt 0.458333 0.890916
vt 0.472222 0.890916
vt 0.486111 0.890916
vt 0.500000 0.890916
vt 0.513889 0.890916
vt 0.527778 0.890916
vt 0.541667 0.890916
vt 0.555556 0.890916
vt 0.569444 0.890916
vt 0.583333 0.890916
vt 0.597222 0.890916
vt 0.611111 0.890916
vt 0.625000 0.890916
vt 0.638889 0.890916
vt 0.652778 0.890916
vt 0.666667 0.890916
vt 0.680556 0.890916
vt 0.694444 0.890916
vt 0.708333 0.890916
vt 0.722222 0.890916
vt 0.736111 0.890916
vt 0.750000 0.890916
vt 0.763889 0.890916
vt 0.777778 0.890916
vt 0.791667 0.890916
vt 0.805556 0.890916
vt 0.819444 0.890916
vt 0.833333 0.890916
vt 0.847222 0.890916
vt 0.861111 0.890916
vt 0.875000 0.890916
vt 0.888889 0.890916
vt 0.902778 0.890916
vt 0.916667 0.890916
vt 0.930556 0.890916
vt 0.944444 0.890916
vt 0.958333 0.890916
vt 0.972222 0.890916
vt 0.986111 0.890916
vt 1.000000 0.890916
vt 0.000000 0.907780
vt 0.013889 0.907780
vt 0.027778 0.907780
vt 0.041667 0.907780
vt 0.055556 0.907780
vt 0.069444 0.907780
vt 0.083333 0.907780
vt 0.097222 0.907780
vt 0.111111 0.907780
vt 0.125000 0.907780
vt 0.138889 0.907780
vt 0.152778 0.907780
vt 0.166667 0.907780
vt 0.180556 0.907780
vt 0.194444 0.907780
vt 0.208333 0.907780
vt 0.222222 0.907780
vt 0.236111 0.907780
vt 0.250000 0.907780
vt 0.263889 0.907780
vt 0.277778 0.907780
vt 0.291667 0.907780
vt 0.305556 0.907780
vt 0.319444 0.907780
vt 0.333333 0.907780
vt 0.347222 0.907780
vt 0.361111 0.907780
vt 0.375000 0.907780
vt 0.388889 0.907780
vt 0.402778 0.907780
vt 0.416667 0.907780
vt 0.430556 0.907780
vt 0.444444 0.907780
vt 0.458333 0.907780
vt 0.472222 0.907780
vt 0.486111 0.907780
vt 0.500000 0.907780
vt 0.513889 0.907780
vt 0.527778 0.907780
vt 0.541667 0.907780
vt 0.555556 0.907780
vt 0.569444 0.907780
vt 0.583333 0.907780
vt 0.597222 0.907780
vt 0.611111 0.907780
vt 0.625000 0.907780
vt 0.638889 0.907780
vt 0.652778 0.907780
vt 0.666667 0.907780
vt 0.680556 0.907780
vt 0.694444 0.907780
vt 0.708333 0.907780
vt 0.722222 0.907780
vt 0.736111 0.907780
vt 0.750000 0.907780
vt 0.763889 0.907780
vt 0.777778 0.907780
vt 0.791667 0.907780
vt 0.805556 0.907780
vt 0.819444 0.907780
vt 0.833333 0.907780
vt 0.847222 0.907780
vt 0.861111 0.907780
vt 0.875000 0.907780
vt 0.888889 0.907780
vt 0.902778 0.907780
vt 0.916667 0.907780
vt 0.930556 0.907780
vt 0.944444 0.907780
vt 0.958333 0.907780
vt 0.972222 0.907780
vt 0.986111 0.907780
vt 1.000000 0.907780
vt 0.000000 0.923362
vt 0.013889 0.923362
vt 0.027778 0.923362
vt 0.041667 0.923362
vt 0.055556 0.923362
vt 0.069444 0.923362
vt 0.083333 0.923362
vt 0.097222 0.923362
vt 0.111111 0.923362
vt 0.125000 0.923362
vt 0.138889 0.923362
vt 0.152778 0.923362
vt 0.166667 0.923362
vt 0.180556 0.923362
vt 0.194444 0.923362
vt 0.208333 0.923362
vt 0.222222 0.923362
vt 0.236111 0.923362
vt 0.250000 0.923362
vt 0.263889 0.923362
vt 0.277778 0.923362
vt 0.291667 0.923362
vt 0.305556 0.923362
vt 0.319444 0.923362
vt 0.333333 0.923362
vt 0.347222 0.923362
vt 0.361111 0.923362
vt 0.375000 0.923362
vt 0.388889 0.923362
vt 0.402778 0.923362
vt 0.416667 0.923362
vt 0.430556 0.923362
vt 0.444444 0.923362
vt 0.458333 0.923362
vt 0.472222 0.923362
vt 0.486111 0.923362
vt 0.500000 0.923362
vt 0.513889 0.923362
vt 0.527778 0.923362
vt 0.541667 0.923362
vt 0.555556 0.923362
vt 0.569444 0.923362
vt 0.583333 0.923362
vt 0.597222 0.923362
vt 0.611111 0.923362
vt 0.625000 0.923362
vt 0.638889 0.923362
vt 0.652778 0.923362
vt 0.666667 0.923362
vt 0.680556 0.923362
vt 0.694444 0.923362
vt 0.708333 0.923362
vt 0.722222 0.923362
vt 0.736111 0.923362
vt 0.750000 0.923362
vt 0.763889 0.923362
vt 0.777778 0.923362
vt 0.791667 0.923362
vt 0.805556 0.923362
vt 0.819444 0.923362
vt 0.833333 0.923362
vt 0.847222 0.923362
vt 0.861111 0.923362
vt 0.875000 0.923362
vt 0.888889 0.923362
vt 0.902778 0.923362
vt 0.916667 0.923362
vt 0.930556 0.923362
vt 0.944444 0.923362
vt 0.958333 0.923362
vt 0.972222 0.923362
vt 0.986111 0.923362
vt 1.000000 0.923362
vt 0.000000 0.937612
vt 0.013889 0.937612
vt 0.027778 0.937612
vt 0.041667 0.937612
vt 0.055556 0.937612
vt 0.069444 0.937612
vt 0.083333 0.937612
vt 0.097222 0.937612
vt 0.111111 0.937612
vt 0.125000 0.937612
vt 0.138889 0.937612
vt 0.152778 0.937612
vt 0.166667 0.937612
vt 0.180556 0.937612
vt 0.194444 0.937612
vt 0.208333 0.937612
vt 0.222222 0.937612
vt 0.236111 0.937612
vt 0.250000 0.937612
vt 0.263889 0.937612
vt 0.277778 0.937612
vt 0.291667 0.937612
vt 0.305556 0.937612
vt 0.319444 0.937612
vt 0.333333 0.937612
vt 0.347222 0.937612
vt 0.361111 0.937612
vt 0.375000 0.937612
vt 0.388889 0.937612
vt 0.402778 0.937612
vt 0.416667 0.937612
vt 0.430556 0.937612
vt 0.444444 0.937612
vt 0.458333 0.937612
vt 0.472222 0.937612
vt 0.486111 0.937612
vt 0.500000 0.937612
vt 0.513889 0.937612
vt 0.527778 0.937612
vt 0.541667 0.937612
vt 0.555556 0.937612
vt 0.569444 0.937612
vt 0.583333 0.937612
vt 0.597222 0.937612
vt 0.611111 0.937612
vt 0.625000 0.937612
vt 0.638889 0.937612
vt 0.652778 0.937612
vt 0.666667 0.937612
vt 0.680556 0.937612
vt 0.694444 0.937612
vt 0.708333 0.937612
vt 0.722222 0.937612
vt 0.736111 0.937612
vt 0.750000 0.937612
vt 0.763889 0.937612
vt 0.777778 0.937612
vt 0.791667 0.937612
vt 0.805556 0.937612
vt 0.819444 0.937612
vt 0.833333 0.937612
vt 0.847222 0.937612
vt 0.861111 0.937612
vt 0.875000 0.937612
vt 0.888889 0.937612
vt 0.902778 0.937612
vt 0.916667 0.937612
vt 0.930556 0.937612
vt 0.944444 0.937612
vt 0.958333 0.937612
vt 0.972222 0.937612
vt 0.986111 0.937612
vt 1.000000 0.937612
vt 0.000000 0.950484
vt 0.013889 0.950484
vt 0.027778 0.950484
vt 0.041667 0.950484
vt 0.055556 0.950484
vt 0.069444 0.950484
vt 0.083333 0.950484
vt 0.097222 0.950484
vt 0.111111 0.950484
vt 0.125000 0.950484
vt 0.138889 0.950484
vt 0.152778 0.950484
vt 0.166667 0.950484
vt 0.180556 0.950484
vt 0.194444 0.950484
vt 0.208333 0.950484
vt 0.222222 0.950484
vt 0.236111 0.950484
vt 0.250000 0.950484
vt 0.263889 0.950484
vt 0.277778 0.950484
vt 0.291667 0.950484
vt 0.305556 0.950484
vt 0.319444 0.950484
vt 0.333333 0.950484
vt 0.347222 0.950484
vt 0.361111 0.950484
vt 0.375000 0.950484
vt 0.388889 0.950484
vt 0.402778 0.950484
vt 0.416667 0.950484
vt 0.430556 0.950484
vt 0.444444 0.950484
vt 0.458333 0.950484
vt 0.472222 0.950484
vt 0.486111 0.950484
vt 0.500000 0.950484
vt 0.513889 0.950484
vt 0.527778 0.950484
vt 0.541667 0.950484
vt 0.555556 0.950484
vt 0.569444 0.950484
vt 0.583333 0.950484
vt 0.597222 0.950484
vt 0.611111 0.950484
vt 0.625000 0.950484
vt 0.638889 0.950484
vt 0.652778 0.950484
vt 0.666667 0.950484
vt 0.680556 0.950484
vt 0.694444 0.950484
vt 0.708333 0.950484
vt 0.722222 0.950484
vt 0.736111 0.950484
vt 0.750000 0.950484
vt 0.763889 0.950484
vt 0.777778 0.950484
vt 0.791667 0.950484
vt 0.805556 0.950484
vt 0.819444 0.950484
vt 0.833333 0.950484
vt 0.847222 0.950484
vt 0.861111 0.950484
vt 0.875000 0.950484
vt 0.888889 0.950484
vt 0.902778 0.950484
vt 0.916667 0.950484
vt 0.930556 0.950484
vt 0.944444 0.950484
vt 0.958333 0.950484
vt 0.972222 0.950484
vt 0.986111 0.950484
vt 1.000000 0.950484
vt 0.000000 0.961940
vt 0.013889 0.961940
vt 0.027778 0.961940
vt 0.041667 0.961940
vt 0.055556 0.961940
vt 0.069444 0.961940
vt 0.083333 0.961940
vt 0.097222 0.961940
vt 0.111111 0.961940
vt 0.125000 0.961940
vt 0.138889 0.961940
vt 0.152778 0.961940
vt 0.166667 0.961940
vt 0.180556 0.961940
vt 0.194444 0.961940
vt 0.208333 0.961940
vt 0.222222 0.961940
vt 0.236111 0.961940
vt 0.250000 0.961940
vt 0.263889 0.961940
vt 0.277778 0.961940
vt 0.291667 0.961940
vt 0.305556 0.961940
vt 0.319444 0.961940
vt 0.333333 0.961940
vt 0.347222 0.961940
vt 0.361111 0.961940
vt 0.375000 0.961940
vt 0.388889 0.961940
vt 0.402778 0.961940
vt 0.416667 0.961940
vt 0.430556 0.961940
vt 0.444444 0.961940
vt 0.458333 0.961940
vt 0.472222 0.961940
vt 0.486111 0.961940
vt 0.500000 0.961940
vt 0.513889 0.961940
vt 0.527778 0.961940
vt 0.541667 0.961940
vt 0.555556 0.961940
vt 0.569444 0.961940
vt 0.583333 0.961940
vt 0.597222 0.961940
vt 0.611111 0.961940
vt 0.625000 0.961940
vt 0.638889 0.961940
vt 0.652778 0.961940
vt 0.666667 0.961940
vt 0.680556 0.961940
vt 0.694444 0.961940
vt 0.708333 0.961940
vt 0.722222 0.961940
vt 0.736111 0.961940
vt 0.750000 0.961940
vt 0.763889 0.961940
vt 0.777778 0.961940
vt 0.791667 0.961940
vt 0.805556 0.961940
vt 0.819444 0.961940
vt 0.833333 0.961940
vt 0.847222 0.961940
vt 0.861111 0.961940
vt 0.875000 0.961940
vt 0.888889 0.961940
vt 0.902778 0.961940
vt 0.916667 0.961940
vt 0.930556 0.961940
vt 0.944444 0.961940
vt 0.958333 0.961940
vt 0.972222 0.961940
vt 0.986111 0.961940
vt 1.000000 0.961940
vt 0.000000 0.971942
vt 0.013889 0.971942
vt 0.027778 0.971942
vt 0.041667 0.971942
vt 0.055556 0.971942
vt 0.069444 0.971942
vt 0.083333 0.971942
vt 0.097222 0.971942
vt 0.111111 0.971942
vt 0.125000 0.971942
vt 0.138889 0.971942
vt 0.152778 0.971942
vt 0.166667 0.971942
vt 0.180556 0.971942
vt 0.194444 0.971942
vt 0.208333 0.971942
vt 0.222222 0.971942
vt 0.236111 0.971942
vt 0.250000 0.971942
vt 0.263889 0.971942
vt 0.277778 0.971942
vt 0.291667 0.971942
vt 0.305556 0.971942
vt 0.319444 0.971942
vt 0.333333 0.971942
vt 0.347222 0.971942
vt 0.361111 0.971942
vt 0.375000 0.971942
vt 0.388889 0.971942
vt 0.402778 0.971942
vt 0.416667 0.971942
vt 0.430556 0.971942
vt 0.444444 0.971942
vt 0.458333 0.971942
vt 0.472222 0.971942
vt 0.486111 0.971942
vt 0.500000 0.971942
vt 0.513889 0.971942
vt 0.527778 0.971942
vt 0.541667 0.971942
vt 0.555556 0.971942
vt 0.569444 0.971942
vt 0.583333 0.971942
vt 0.597222 0.971942
vt 0.611111 0.971942
vt 0.625000 0.971942
vt 0.638889 0.971942
vt 0.652778 0.971942
vt 0.666667 0.971942
vt 0.680556 0.971942
vt 0.694444 0.971942
vt 0.708333 0.971942
vt 0.722222 0.971942
vt 0.736111 0.971942
vt 0.750000 0.971942
vt 0.763889 0.971942
vt 0.777778 0.971942
vt 0.791667 0.971942
vt 0.805556 0.971942
vt 0.819444 0.971942
vt 0.833333 0.971942
vt 0.847222 0.971942
vt 0.861111 0.971942
vt 0.875000 0.971942
vt 0.888889 0.971942
vt 0.902778 0.971942
vt 0.916667 0.971942
vt 0.930556 0.971942
vt 0.944444 0.971942
vt 0.958333 0.971942
vt 0.972222 0.971942
vt 0.986111 0.971942
vt 1.000000 0.971942
vt 0.000000 0.980459
vt 0.013889 0.980459
vt 0.027778 0.980459
vt 0.041667 0.980459
vt 0.055556 0.980459
vt 0.069444 0.980459
vt 0.083333 0.980459
vt 0.097222 0.980459
vt 0.111111 0.980459
vt 0.125000 0.980459
vt 0.138889 0.980459
vt 0.152778 0.980459
vt 0.166667 0.980459
vt 0.180556 0.980459
vt 0.194444 0.980459
vt 0.208333 0.980459
vt 0.222222 0.980459
vt 0.236111 0.980459
vt 0.250000 0.980459
vt 0.263889 0.980459
vt 0.277778 0.980459
vt 0.291667 0.980459
vt 0.305556 0.980459
vt 0.319444 0.980459
vt 0.333333 0.980459
vt 0.347222 0.980459
vt 0.361111 0.980459
vt 0.375000 0.980459
vt 0.388889 0.980459
vt 0.402778 0.980459
vt 0.416667 0.980459
vt 0.430556 0.980459
vt 0.444444 0.980459
vt 0.458333 0.980459
vt 0.472222 0.980459
vt 0.486111 0.980459
vt 0.500000 0.980459
vt 0.513889 0.980459
vt 0.527778 0.980459
vt 0.541667 0.980459
vt 0.555556 0.980459
vt 0.569444 0.980459
vt 0.583333 0.980459
vt 0.597222 0.980459
vt 0.611111 0.980459
vt 0.625000 0.980459
vt 0.638889 0.980459
vt 0.652778 0.980459
vt 0.666667 0.980459
vt 0.680556 0.980459
vt 0.694444 0.980459
vt 0.708333 0.980459
vt 0.722222 0.980459
vt 0.736111 0.980459
vt 0.750000 0.980459
vt 0.763889 0.980459
vt 0.777778 0.980459
vt 0.791667 0.980459
vt 0.805556 0.980459
vt 0.819444 0.980459
vt 0.833333 0.980459
vt 0.847222 0.980459
vt 0.861111 0.980459
vt 0.875000 0.980459
vt 0.888889 0.980459
vt 0.902778 0.980459
vt 0.916667 0.980459
vt 0.930556 0.980459
vt 0.944444 0.980459
vt 0.958333 0.980459
vt 0.972222 0.980459
vt 0.986111 0.980459
vt 1.000000 0.980459
vt 0.000000 0.987464
vt 0.013889 0.987464
vt 0.027778 0.987464
vt 0.041667 0.987464
vt 0.055556 0.987464
vt 0.069444 0.987464
vt 0.083333 0.987464
vt 0.097222 0.987464
vt 0.111111 0.987464
vt 0.125000 0.987464
vt 0.138889 0.987464
vt 0.152778 0.987464
vt 0.166667 0.987464
vt 0.180556 0.987464
vt 0.194444 0.987464
vt 0.208333 0.987464
vt 0.222222 0.987464
vt 0.236111 0.987464
vt 0.250000 0.987464
vt 0.263889 0.987464
vt 0.277778 0.987464
vt 0.291667 0.987464
vt 0.305556 0.987464
vt 0.319444 0.987464
vt 0.333333 0.987464
vt 0.347222 0.987464
vt 0.361111 0.987464
vt 0.375000 0.987464
vt 0.388889 0.987464
vt 0.402778 0.987464
vt 0.416667 0.987464
vt 0.430556 0.987464
vt 0.444444 0.987464
vt 0.458333 0.987464
vt 0.472222 0.987464
vt 0.486111 0.987464
vt 0.500000 0.987464
vt 0.513889 0.987464
vt 0.527778 0.987464
vt 0.541667 0.987464
vt 0.555556 0.987464
vt 0.569444 0.987464
vt 0.583333 0.987464
vt 0.597222 0.987464
vt 0.611111 0.987464
vt 0.625000 0.987464
vt 0.638889 0.987464
vt 0.652778 0.987464
vt 0.666667 0.987464
vt 0.680556 0.987464
vt 0.694444 0.987464
vt 0.708333 0.987464
vt 0.722222 0.987464
vt 0.736111 0.987464
vt 0.750000 0.987464
vt 0.763889 0.987464
vt 0.777778 0.987464
vt 0.791667 0.987464
vt 0.805556 0.987464
vt 0.819444 0.987464
vt 0.833333 0.987464
vt 0.847222 0.987464
vt 0.861111 0.987464
vt 0.875000 0.987464
vt 0.888889 0.987464
vt 0.902778 0.987464
vt 0.916667 0.987464
vt 0.930556 0.987464
vt 0.944444 0.987464
vt 0.958333 0.987464
vt 0.972222 0.987464
vt 0.986111 0.987464
vt 1.000000 0.987464
vt 0.000000 0.992936
vt 0.013889 0.992936
vt 0.027778 0.992936
vt 0.041667 0.992936
vt 0.055556 0.992936
vt 0.069444 0.992936
vt 0.083333 0.992936
vt 0.097222 0.992936
vt 0.111111 0.992936
vt 0.125000 0.992936
vt 0.138889 0.992936
vt 0.152778 0.992936
vt 0.166667 0.992936
vt 0.180556 0.992936
vt 0.194444 0.992936
vt 0.208333 0.992936
vt 0.222222 0.992936
vt 0.236111 0.992936
vt 0.250000 0.992936
vt 0.263889 0.992936
vt 0.277778 0.992936
vt 0.291667 0.992936
vt 0.305556 0.992936
vt 0.319444 0.992936
vt 0.333333 0.992936
vt 0.347222 0.992936
vt 0.361111 0.992936
vt 0.375000 0.992936
vt 0.388889 0.992936
vt 0.402778 0.992936
vt 0.416667 0.992936
vt 0.430556 0.992936
vt 0.444444 0.992936
vt 0.458333 0.992936
vt 0.472222 0.992936
vt 0.486111 0.992936
vt 0.500000 0.992936
vt 0.513889 0.992936
vt 0.527778 0.992936
vt 0.541667 0.992936
vt 0.555556 0.992936
vt 0.569444 0.992936
vt 0.583333 0.992936
vt 0.597222 0.992936
vt 0.611111 0.992936
vt 0.625000 0.992936
vt 0.638889 0.992936
vt 0.652778 0.992936
vt 0.666667 0.992936
vt 0.680556 0.992936
vt 0.694444 0.992936
vt 0.708333 0.992936
vt 0.722222 0.992936
vt 0.736111 0.992936
vt 0.750000 0.992936
vt 0.763889 0.992936
vt 0.777778 0.992936
vt 0.791667 0.992936
vt 0.805556 0.992936
vt 0.819444 0.992936
vt 0.833333 0.992936
vt 0.847222 0.992936
vt 0.861111 0.992936
vt 0.875000 0.992936
vt 0.888889 0.992936
vt 0.902778 0.992936
vt 0.916667 0.992936
vt 0.930556 0.992936
vt 0.944444 0.992936
vt 0.958333 0.992936
vt 0.972222 0.992936
vt 0.986111 0.992936
vt 1.000000 0.992936
vt 0.000000 0.996856
vt 0.013889 0.996856
vt 0.027778 0.996856
vt 0.041667 0.996856
vt 0.055556 0.996856
vt 0.069444 0.996856
vt 0.083333 0.996856
vt 0.097222 0.996856
vt 0.111111 0.996856
vt 0.125000 0.996856
vt 0.138889 0.996856
vt 0.152778 0.996856
vt 0.166667 0.996856
vt 0.180556 0.996856
vt 0.194444 0.996856
vt 0.208333 0.996856
vt 0.222222 0.996856
vt 0.236111 0.996856
vt 0.250000 0.996856
vt 0.263889 0.996856
vt 0.277778 0.996856
vt 0.291667 0.996856
vt 0.305556 0.996856
vt 0.319444 0.996856
vt 0.333333 0.996856
vt 0.347222 0.996856
vt 0.361111 0.996856
vt 0.375000 0.996856
vt 0.388889 0.996856
vt 0.402778 0.996856
vt 0.416667 0.996856
vt 0.430556 0.996856
vt 0.444444 0.996856
vt 0.458333 0.996856
vt 0.472222 0.996856
vt 0.486111 0.996856
vt 0.500000 0.996856
vt 0.513889 0.996856
vt 0.527778 0.996856
vt 0.541667 0.996856
vt 0.555556 0.996856
vt 0.569444 0.996856
vt 0.583333 0.996856
vt 0.597222 0.996856
vt 0.611111 0.996856
vt 0.625000 0.996856
vt 0.638889 0.996856
vt 0.652778 0.996856
vt 0.666667 0.996856
vt 0.680556 0.996856
vt 0.694444 0.996856
vt 0.708333 0.996856
vt 0.722222 0.996856
vt 0.736111 0.996856
vt 0.750000 0.996856
vt 0.763889 0.996856
vt 0.777778 0.996856
vt 0.791667 0.996856
vt 0.805556 0.996856
vt 0.819444 0.996856
vt 0.833333 0.996856
vt 0.847222 0.996856
vt 0.861111 0.996856
vt 0.875000 0.996856
vt 0.888889 0.996856
vt 0.902778 0.996856
vt 0.916667 0.996856
vt 0.930556 0.996856
vt 0.944444 0.996856
vt 0.958333 0.996856
vt 0.972222 0.996856
vt 0.986111 0.996856
vt 1.000000 0.996856
vt 0.000000 0.999213
vt 0.013889 0.999213
vt 0.027778 0.999213
vt 0.041667 0.999213
vt 0.055556 0.999213
vt 0.069444 0.999213
vt 0.083333 0.999213
vt 0.097222 0.999213
vt 0.111111 0.999213
vt 0.125000 0.999213
vt 0.138889 0.999213
vt 0.152778 0.999213
vt 0.166667 0.999213
vt 0.180556 0.999213
vt 0.194444 0.999213
vt 0.208333 0.999213
vt 0.222222 0.999213
vt 0.236111 0.999213
vt 0.250000 0.999213
vt 0.263889 0.999213
vt 0.277778 0.999213
vt 0.291667 0.999213
vt 0.305556 0.999213
vt 0.319444 0.999213
vt 0.333333 0.999213
vt 0.347222 0.999213
vt 0.361111 0.999213
vt 0.375000 0.999213
vt 0.388889 0.999213
vt 0.402778 0.999213
vt 0.416667 0.999213
vt 0.430556 0.999213
vt 0.444444 0.999213
vt 0.458333 0.999213
vt 0.472222 0.999213
vt 0.486111 0.999213
vt 0.500000 0.999213
vt 0.513889 0.999213
vt 0.527778 0.999213
vt 0.541667 0.999213
vt 0.555556 0.999213
vt 0.569444 0.999213
vt 0.583333 0.999213
vt 0.597222 0.999213
vt 0.611111 0.999213
vt 0.625000 0.999213
vt 0.638889 0.999213
vt 0.652778 0.999213
vt 0.666667 0.999213
vt 0.680556 0.999213
vt 0.694444 0.999213
vt 0.708333 0.999213
vt 0.722222 0.999213
vt 0.736111 0.999213
vt 0.750000 0.999213
vt 0.763889 0.999213
vt 0.777778 0.999213
vt 0.791667 0.999213
vt 0.805556 0.999213
vt 0.819444 0.999213
vt 0.833333 0.999213
vt 0.847222 0.999213
vt 0.861111 0.999213
vt 0.875000 0.999213
vt 0.888889 0.999213
vt 0.902778 0.999213
vt 0.916667 0.999213
vt 0.930556 0.999213
vt 0.944444 0.999213
vt 0.958333 0.999213
vt 0.972222 0.999213
vt 0.986111 0.999213
vt 1.000000 0.999213
vt 0.500000 1.000000
vn 0.000000 -0.000000 -1.000000
vn 0.176824 -0.004252 -0.984233
vn 0.176393 0.011771 -0.984249
vn 0.174621 0.027457 -0.984253
vn 0.171501 0.042988 -0.984246
vn 0.167081 0.058255 -0.984221
vn 0.161692 0.072051 -0.984208
vn 0.154969 0.085573 -0.984206
vn 0.147073 0.098458 -0.984213
vn 0.138109 0.110478 -0.984236
vn 0.127455 0.122520 -0.984248
vn 0.115953 0.133470 -0.984246
vn 0.103463 0.143517 -0.984225
vn 0.090850 0.151953 -0.984203
vn 0.077868 0.159024 -0.984199
vn 0.064141 0.164983 -0.984209
vn 0.049925 0.169666 -0.984236
vn 0.034276 0.173413 -0.984253
vn 0.018633 0.175766 -0.984256
vn 0.002756 0.176787 -0.984245
vn -0.013010 0.176469 -0.984220
vn -0.027757 0.174832 -0.984207
vn -0.042559 0.171842 -0.984205
vn -0.056928 0.167576 -0.984214
vn -0.070895 0.162009 -0.984239
vn -0.085215 0.154862 -0.984254
vn -0.098550 0.146697 -0.984260
vn -0.111194 0.137374 -0.984258
vn -0.123045 0.126956 -0.984247
vn -0.133907 0.115636 -0.984224
vn -0.143241 0.103971 -0.984211
vn -0.151642 0.091325 -0.984208
vn -0.158881 0.078003 -0.984212
vn -0.164929 0.064061 -0.984223
vn -0.169743 0.049559 -0.984241
vn -0.173446 0.034133 -0.984252
vn -0.175799 0.018551 -0.984251
vn -0.176805 0.002826 -0.984242
vn -0.176479 -0.012948 -0.984219
vn -0.174833 -0.027850 -0.984204
vn -0.171840 -0.042678 -0.984200
vn -0.167512 -0.057346 -0.984201
vn -0.161968 -0.071415 -0.984208
vn -0.155216 -0.084837 -0.984231
vn -0.146868 -0.098449 -0.984245
vn -0.137572 -0.111027 -0.984249
vn -0.127189 -0.122802 -0.984247
vn -0.115732 -0.133756 -0.984233
vn -0.103597 -0.143518 -0.984210
vn -0.091255 -0.151731 -0.984200
vn -0.078160 -0.158843 -0.984205
vn -0.064502 -0.164713 -0.984230
vn -0.049370 -0.169753 -0.984249
vn -0.033882 -0.173489 -0.984253
vn -0.018192 -0.175879 -0.984244
vn -0.002362 -0.176947 -0.984218
vn 0.012469 -0.176608 -0.984202
vn 0.027378 -0.174925 -0.984201
vn 0.042105 -0.171920 -0.984211
vn 0.056498 -0.167589 -0.984237
vn 0.071550 -0.161661 -0.984249
vn 0.085748 -0.154616 -0.984246
vn 0.099270 -0.146405 -0.984231
vn 0.111721 -0.137289 -0.984210
vn 0.122801 -0.127514 -0.984205
vn 0.133145 -0.116611 -0.984212
vn 0.142375 -0.104901 -0.984238
vn 0.151258 -0.091465 -0.984254
vn 0.158887 -0.077473 -0.984252
vn 0.165285 -0.062928 -0.984236
vn 0.170289 -0.048247 -0.984212
vn 0.173767 -0.033895 -0.984203
vn 0.175979 -0.019109 -0.984208
vn 0.308345 -0.006248 -0.951254
vn 0.307250 0.022624 -0.951360
vn 0.303852 0.050571 -0.951376
vn 0.298081 0.078449 -0.951311
vn 0.290292 0.105273 -0.951130
vn 0.281112 0.128403 -0.951046
vn 0.269428 0.151412 -0.951043
vn 0.255811 0.173092 -0.951105
vn 0.239923 0.193693 -0.951273
vn 0.220450 0.215268 -0.951347
vn 0.199587 0.234844 -0.951322
vn 0.177263 0.252732 -0.951159
vn 0.155841 0.266974 -0.951020
vn 0.133929 0.278681 -0.951000
vn 0.110717 0.288438 -0.951076
vn 0.085981 0.296116 -0.951274
vn 0.057629 0.302575 -0.951382
vn 0.029623 0.306547 -0.951395
vn 0.001100 0.308228 -0.951312
vn -0.026521 0.307650 -0.951130
vn -0.051331 0.304763 -0.951044
vn -0.076502 0.299466 -0.951035
vn -0.100689 0.291983 -0.951109
vn -0.124731 0.281941 -0.951289
vn -0.150266 0.268843 -0.951390
vn -0.173732 0.254169 -0.951428
vn -0.196055 0.237447 -0.951410
vn -0.217078 0.218768 -0.951324
vn -0.236034 0.198941 -0.951163
vn -0.251760 0.179069 -0.951079
vn -0.266016 0.157265 -0.951054
vn -0.278217 0.134294 -0.951084
vn -0.288326 0.110251 -0.951164
vn -0.296354 0.084867 -0.951300
vn -0.302702 0.057176 -0.951369
vn -0.306663 0.029450 -0.951362
vn -0.308287 0.001389 -0.951292
vn -0.307664 -0.026373 -0.951129
vn -0.304758 -0.051682 -0.951026
vn -0.299443 -0.077067 -0.950997
vn -0.291767 -0.102259 -0.951007
vn -0.282079 -0.126091 -0.951069
vn -0.270024 -0.149153 -0.951231
vn -0.254832 -0.173329 -0.951324
vn -0.238169 -0.195441 -0.951356
vn -0.219530 -0.216264 -0.951334
vn -0.199018 -0.235697 -0.951230
vn -0.177882 -0.252649 -0.951066
vn -0.157113 -0.266290 -0.951002
vn -0.135060 -0.277979 -0.951045
vn -0.111471 -0.287652 -0.951226
vn -0.084149 -0.296382 -0.951355
vn -0.056282 -0.302849 -0.951375
vn -0.028044 -0.306984 -0.951301
vn -0.000195 -0.308846 -0.951112
vn 0.024712 -0.308160 -0.951013
vn 0.049985 -0.305089 -0.951011
vn 0.074805 -0.299719 -0.951090
vn 0.099745 -0.291764 -0.951275
vn 0.126916 -0.280751 -0.951352
vn 0.152224 -0.267961 -0.951328
vn 0.176316 -0.253230 -0.951203
vn 0.197584 -0.237576 -0.951062
vn 0.216083 -0.220987 -0.951038
vn 0.233313 -0.202424 -0.951099
vn 0.248904 -0.181931 -0.951287
vn 0.264745 -0.157404 -0.951385
vn 0.278280 -0.132145 -0.951366
vn 0.289640 -0.106089 -0.951238
vn 0.298221 -0.080793 -0.951071
vn 0.303878 -0.056713 -0.951022
vn 0.307327 -0.031852 -0.951071
vn 0.435566 -0.010102 -0.900100
vn 0.433717 0.032597 -0.900459
vn 0.428629 0.073360 -0.900497
vn 0.420091 0.114464 -0.900234
vn 0.409187 0.152657 -0.899590
vn 0.396907 0.183573 -0.899314
vn 0.380797 0.215017 -0.899311
vn 0.362212 0.244083 -0.899570
vn 0.339396 0.272945 -0.900173
vn 0.310344 0.304869 -0.900412
vn 0.279441 0.333730 -0.900298
vn 0.247093 0.359794 -0.899718
vn 0.218169 0.379072 -0.899281
vn 0.188671 0.394719 -0.899222
vn 0.157574 0.407539 -0.899490
vn 0.122736 0.417872 -0.900177
vn 0.080632 0.427253 -0.900530
vn 0.039686 0.432927 -0.900555
vn -0.002276 0.435355 -0.900256
vn -0.041538 0.434710 -0.899612
vn -0.074770 0.430845 -0.899323
vn -0.109069 0.423507 -0.899303
vn -0.141597 0.413203 -0.899563
vn -0.175160 0.398721 -0.900189
vn -0.212494 0.379296 -0.900545
vn -0.246353 0.357932 -0.900664
vn -0.278600 0.333658 -0.900586
vn -0.309160 0.306442 -0.900285
vn -0.336082 0.278430 -0.899736
vn -0.357449 0.251399 -0.899460
vn -0.377092 0.221227 -0.899367
vn -0.393815 0.189454 -0.899454
vn -0.407520 0.156300 -0.899721
vn -0.418466 0.120398 -0.900217
vn -0.427592 0.079664 -0.900455
vn -0.433182 0.039526 -0.900440
vn -0.435439 -0.001423 -0.900217
vn -0.434662 -0.041281 -0.899647
vn -0.430771 -0.075755 -0.899276
vn -0.423403 -0.110643 -0.899160
vn -0.412633 -0.145396 -0.899218
vn -0.399201 -0.177833 -0.899452
vn -0.381949 -0.210025 -0.900003
vn -0.359596 -0.245104 -0.900341
vn -0.335318 -0.277025 -0.900455
vn -0.308142 -0.307274 -0.900351
vn -0.278306 -0.335516 -0.899986
vn -0.248638 -0.359495 -0.899413
vn -0.220978 -0.377633 -0.899201
vn -0.191593 -0.393017 -0.899350
vn -0.158832 -0.405992 -0.899968
vn -0.118543 -0.418564 -0.900417
vn -0.077524 -0.427909 -0.900491
vn -0.035828 -0.433946 -0.900226
vn 0.003929 -0.436772 -0.899564
vn 0.037194 -0.435878 -0.899237
vn 0.071432 -0.431587 -0.899239
vn 0.104781 -0.424092 -0.899537
vn 0.140083 -0.412406 -0.900166
vn 0.180313 -0.395895 -0.900419
vn 0.217388 -0.377013 -0.900335
vn 0.252866 -0.355536 -0.899807
vn 0.281613 -0.334450 -0.899354
vn 0.306464 -0.311980 -0.899304
vn 0.329356 -0.286965 -0.899542
vn 0.350848 -0.257954 -0.900203
vn 0.374276 -0.221296 -0.900525
vn 0.394155 -0.183993 -0.900438
vn 0.410888 -0.145868 -0.899941
vn 0.422805 -0.111117 -0.899383
vn 0.430247 -0.079009 -0.899247
vn 0.434614 -0.045844 -0.899449
vn 0.548850 -0.016052 -0.835767
vn 0.546285 0.040844 -0.836603
vn 0.539545 0.094365 -0.836652
vn 0.528204 0.148947 -0.835951
vn 0.514608 0.197322 -0.834412
vn 0.500270 0.233547 -0.833778
vn 0.480831 0.271326 -0.833777
vn 0.458674 0.305349 -0.834494
vn 0.429269 0.341917 -0.835955
vn 0.390339 0.384599 -0.836492
vn 0.349215 0.422863 -0.836203
vn 0.307359 0.456647 -0.834868
vn 0.272934 0.479584 -0.833970
vn 0.237829 0.498180 -0.833819
vn 0.201547 0.512969 -0.834411
vn 0.157780 0.525575 -0.835989
vn 0.101539 0.538070 -0.836762
vn 0.047928 0.545439 -0.836779
vn -0.007597 0.548567 -0.836072
vn -0.057511 0.547949 -0.834532
vn -0.096424 0.543473 -0.833870
vn -0.137682 0.534570 -0.833834
vn -0.176160 0.522219 -0.834419
vn -0.217921 0.503815 -0.835871
vn -0.267048 0.478075 -0.836738
vn -0.311112 0.450193 -0.836980
vn -0.352819 0.418747 -0.836761
vn -0.392591 0.383213 -0.836074
vn -0.426663 0.347856 -0.834838
vn -0.452391 0.315294 -0.834225
vn -0.476539 0.278199 -0.833976
vn -0.496999 0.239278 -0.834109
vn -0.513449 0.199186 -0.834683
vn -0.526830 0.154012 -0.835901
vn -0.538794 0.100070 -0.836473
vn -0.545838 0.048249 -0.836501
vn -0.548585 -0.005567 -0.836076
vn -0.547669 -0.057151 -0.834741
vn -0.543141 -0.098710 -0.833819
vn -0.534258 -0.140830 -0.833508
vn -0.520957 -0.183087 -0.833716
vn -0.504506 -0.222310 -0.834297
vn -0.482689 -0.262443 -0.835545
vn -0.453408 -0.307991 -0.836398
vn -0.421556 -0.349699 -0.836661
vn -0.386104 -0.389171 -0.836343
vn -0.347247 -0.425865 -0.835499
vn -0.310062 -0.456115 -0.834158
vn -0.277854 -0.477275 -0.833670
vn -0.243697 -0.495068 -0.833978
vn -0.203450 -0.510662 -0.835364
vn -0.150286 -0.527081 -0.836421
vn -0.096087 -0.539273 -0.836631
vn -0.040570 -0.547171 -0.836037
vn 0.010197 -0.550919 -0.834497
vn 0.049121 -0.549939 -0.833759
vn 0.089870 -0.544762 -0.833761
vn 0.129232 -0.535655 -0.834489
vn 0.174212 -0.520485 -0.835910
vn 0.227526 -0.498492 -0.836503
vn 0.276877 -0.473185 -0.836322
vn 0.323579 -0.445167 -0.834939
vn 0.357460 -0.420423 -0.833946
vn 0.386973 -0.393686 -0.833824
vn 0.413567 -0.364287 -0.834420
vn 0.440284 -0.327582 -0.835966
vn 0.471669 -0.278363 -0.836685
vn 0.498064 -0.228697 -0.836439
vn 0.520504 -0.178343 -0.835026
vn 0.534626 -0.137227 -0.833873
vn 0.543232 -0.099319 -0.833688
vn 0.548081 -0.060668 -0.834222
vn 0.645943 -0.024067 -0.763006
vn 0.642883 0.047315 -0.764502
vn 0.634566 0.113423 -0.764500
vn 0.620295 0.181514 -0.763078
vn 0.604292 0.238497 -0.760230
vn 0.588938 0.277373 -0.759089
vn 0.567546 0.318810 -0.759112
vn 0.543430 0.355330 -0.760542
vn 0.507964 0.399232 -0.763274
vn 0.459066 0.452887 -0.764299
vn 0.407659 0.500385 -0.763825
vn 0.356989 0.541001 -0.761496
vn 0.318864 0.566299 -0.760021
vn 0.280226 0.586763 -0.759725
vn 0.241674 0.602392 -0.760735
vn 0.190272 0.617110 -0.763526
vn 0.119818 0.632963 -0.764853
vn 0.054131 0.641990 -0.764800
vn -0.015017 0.645706 -0.763438
vn -0.074189 0.644968 -0.760600
vn -0.115832 0.640165 -0.759455
vn -0.161813 0.630219 -0.759369
vn -0.203580 0.616761 -0.760369
vn -0.251988 0.595248 -0.763009
vn -0.312885 0.563374 -0.764665
vn -0.366928 0.529192 -0.765062
vn -0.417386 0.491107 -0.764593
vn -0.465786 0.447632 -0.763327
vn -0.505984 0.405835 -0.761103
vn -0.534707 0.369398 -0.760022
vn -0.562354 0.326861 -0.759553
vn -0.585645 0.282563 -0.759723
vn -0.603883 0.238141 -0.760667
vn -0.619444 0.185145 -0.762896
vn -0.634219 0.118419 -0.764031
vn -0.642457 0.055959 -0.764276
vn -0.645582 -0.010943 -0.763613
vn -0.644240 -0.073608 -0.761273
vn -0.639209 -0.120340 -0.759559
vn -0.629403 -0.166681 -0.758992
vn -0.614262 -0.214337 -0.759435
vn -0.595677 -0.258451 -0.760508
vn -0.570214 -0.304953 -0.762797
vn -0.534352 -0.360739 -0.764419
vn -0.495060 -0.412296 -0.764805
vn -0.451883 -0.460299 -0.764151
vn -0.404314 -0.504893 -0.762636
vn -0.360674 -0.540415 -0.760175
vn -0.326337 -0.562991 -0.759306
vn -0.290096 -0.581857 -0.759794
vn -0.244320 -0.599488 -0.762182
vn -0.178768 -0.619918 -0.764031
vn -0.111890 -0.634884 -0.764462
vn -0.042299 -0.644464 -0.763464
vn 0.018465 -0.648809 -0.760727
vn 0.060315 -0.647764 -0.759450
vn 0.104863 -0.642104 -0.759412
vn 0.147665 -0.632070 -0.760712
vn 0.201215 -0.613902 -0.763306
vn 0.267322 -0.586588 -0.764495
vn 0.329735 -0.554399 -0.764144
vn 0.387143 -0.520034 -0.761370
vn 0.423683 -0.493423 -0.759622
vn 0.455675 -0.464352 -0.759433
vn 0.483928 -0.432836 -0.760570
vn 0.515453 -0.389356 -0.763354
vn 0.555174 -0.327422 -0.764576
vn 0.588612 -0.264491 -0.763924
vn 0.615943 -0.203135 -0.761151
vn 0.630950 -0.158913 -0.759374
vn 0.640282 -0.117431 -0.759110
vn 0.645227 -0.076317 -0.760169
vn 0.727339 -0.033656 -0.685453
vn 0.724126 0.052294 -0.687682
vn 0.714250 0.130657 -0.687587
vn 0.696743 0.212005 -0.685276
vn 0.678359 0.275775 -0.681012
vn 0.662805 0.314903 -0.679357
vn 0.640800 0.357566 -0.679354
vn 0.616420 0.394388 -0.681531
vn 0.575803 0.445038 -0.685852
vn 0.517113 0.509638 -0.687651
vn 0.455434 0.565948 -0.687229
vn 0.396284 0.612593 -0.683878
vn 0.355805 0.639405 -0.681589
vn 0.315922 0.660581 -0.681048
vn 0.277661 0.676139 -0.682452
vn 0.219979 0.692916 -0.686642
vn 0.135440 0.712312 -0.688671
vn 0.058104 0.722961 -0.688441
vn -0.024531 0.727074 -0.686121
vn -0.090799 0.725747 -0.681943
vn -0.132993 0.720736 -0.680333
vn -0.181965 0.710325 -0.679946
vn -0.224201 0.696906 -0.681216
vn -0.277592 0.673338 -0.685243
vn -0.349914 0.635648 -0.688121
vn -0.414400 0.595079 -0.688588
vn -0.472833 0.551039 -0.687594
vn -0.529047 0.500072 -0.685593
vn -0.574491 0.452539 -0.682032
vn -0.604682 0.414113 -0.680346
vn -0.634570 0.367712 -0.679786
vn -0.659689 0.319496 -0.680244
vn -0.678949 0.272777 -0.681631
vn -0.696526 0.213642 -0.684988
vn -0.713966 0.135315 -0.686980
vn -0.723414 0.062709 -0.687561
vn -0.727016 -0.017446 -0.686399
vn -0.724424 -0.088910 -0.683597
vn -0.718577 -0.140565 -0.681093
vn -0.708464 -0.188078 -0.680225
vn -0.692275 -0.239827 -0.680616
vn -0.672858 -0.286163 -0.682182
vn -0.644688 -0.337316 -0.685999
vn -0.602241 -0.404176 -0.688439
vn -0.556070 -0.465125 -0.688799
vn -0.505902 -0.520579 -0.687794
vn -0.449679 -0.572620 -0.685489
vn -0.400613 -0.612217 -0.681689
vn -0.366381 -0.634701 -0.680382
vn -0.330597 -0.653274 -0.681131
vn -0.280690 -0.672739 -0.684570
vn -0.203216 -0.697775 -0.686887
vn -0.125500 -0.715167 -0.687594
vn -0.041521 -0.726194 -0.686235
vn 0.028551 -0.730812 -0.681982
vn 0.070099 -0.729422 -0.680463
vn 0.116515 -0.723348 -0.680582
vn 0.160293 -0.713153 -0.682436
vn 0.220472 -0.692733 -0.686668
vn 0.299854 -0.660126 -0.688710
vn 0.376568 -0.620560 -0.687824
vn 0.443250 -0.580255 -0.683252
vn 0.479828 -0.553462 -0.680768
vn 0.512440 -0.523791 -0.680476
vn 0.540585 -0.492327 -0.682189
vn 0.576883 -0.442911 -0.686321
vn 0.625406 -0.368247 -0.687940
vn 0.665916 -0.291704 -0.686633
vn 0.697002 -0.220872 -0.682205
vn 0.711931 -0.176112 -0.679808
vn 0.721414 -0.133376 -0.679539
vn 0.726243 -0.092597 -0.681174
vn 0.794435 -0.044330 -0.605730
vn 0.791370 0.055879 -0.608778
vn 0.779925 0.146022 -0.608600
vn 0.758904 0.239998 -0.605364
vn 0.738147 0.309040 -0.599695
vn 0.723045 0.346719 -0.597488
vn 0.701490 0.388624 -0.597398
vn 0.678450 0.423425 -0.600347
vn 0.633824 0.480060 -0.606473
vn 0.565994 0.555277 -0.609359
vn 0.494105 0.620193 -0.609278
vn 0.425984 0.672795 -0.604884
vn 0.384159 0.700381 -0.601572
vn 0.345307 0.721050 -0.600709
vn 0.309663 0.735696 -0.602379
vn 0.247232 0.754458 -0.608004
vn 0.148657 0.777681 -0.610831
vn 0.059761 0.789864 -0.610363
vn -0.035243 0.793829 -0.607119
vn -0.106823 0.791521 -0.601734
vn -0.148877 0.786488 -0.599394
vn -0.199363 0.776048 -0.598335
vn -0.238958 0.763737 -0.599671
vn -0.295109 0.739438 -0.605097
vn -0.379076 0.696304 -0.609477
vn -0.454912 0.648909 -0.609895
vn -0.519787 0.599678 -0.608447
vn -0.583167 0.541264 -0.605764
vn -0.632978 0.488402 -0.600668
vn -0.662835 0.450183 -0.598318
vn -0.693613 0.401988 -0.597752
vn -0.720053 0.350962 -0.598623
vn -0.739979 0.303194 -0.600420
vn -0.759254 0.239864 -0.604979
vn -0.779420 0.150977 -0.608038
vn -0.790390 0.067708 -0.608851
vn -0.794152 -0.023237 -0.607274
vn -0.789647 -0.101114 -0.605172
vn -0.782777 -0.160260 -0.601312
vn -0.773030 -0.206409 -0.599850
vn -0.756355 -0.260765 -0.599940
vn -0.737629 -0.305471 -0.602155
vn -0.707479 -0.360810 -0.607692
vn -0.658303 -0.439854 -0.610873
vn -0.606011 -0.509018 -0.611271
vn -0.549490 -0.570965 -0.609967
vn -0.484502 -0.630194 -0.606723
vn -0.430916 -0.672733 -0.601450
vn -0.399036 -0.693600 -0.599741
vn -0.365815 -0.710703 -0.600900
vn -0.311841 -0.732283 -0.605407
vn -0.223428 -0.761864 -0.607983
vn -0.137228 -0.781189 -0.609026
vn -0.037837 -0.793872 -0.606906
vn 0.039303 -0.798298 -0.600978
vn 0.077115 -0.796411 -0.599819
vn 0.125113 -0.789912 -0.600321
vn 0.166873 -0.780076 -0.603022
vn 0.232503 -0.758208 -0.609149
vn 0.326817 -0.720323 -0.611821
vn 0.418415 -0.672969 -0.609951
vn 0.492246 -0.627346 -0.603433
vn 0.526701 -0.601808 -0.600344
vn 0.558389 -0.572878 -0.600010
vn 0.584848 -0.543230 -0.602374
vn 0.626223 -0.488329 -0.607766
vn 0.683869 -0.400974 -0.609543
vn 0.731086 -0.311005 -0.607281
vn 0.764665 -0.232343 -0.601086
vn 0.778545 -0.189584 -0.598269
vn 0.787945 -0.147084 -0.597920
vn 0.792523 -0.108959 -0.600030
vn 0.848031 -0.056275 -0.526950
vn 0.845804 0.059143 -0.530205
vn 0.833222 0.160153 -0.529238
vn 0.808568 0.265651 -0.525021
vn 0.785385 0.339338 -0.517707
vn 0.771585 0.373073 -0.515240
vn 0.751166 0.411736 -0.515969
vn 0.730219 0.443340 -0.519836
vn 0.682862 0.505368 -0.527544
vn 0.606981 0.590663 -0.531687
vn 0.524606 0.664960 -0.531618
vn 0.447336 0.723364 -0.525961
vn 0.404872 0.751158 -0.521383
vn 0.369517 0.769711 -0.520578
vn 0.337872 0.782772 -0.522600
vn 0.271995 0.803662 -0.529289
vn 0.159673 0.831162 -0.532611
vn 0.059889 0.844657 -0.531948
vn -0.046313 0.847875 -0.528170
vn -0.123883 0.844575 -0.520908
vn -0.163904 0.839712 -0.517706
vn -0.212878 0.828920 -0.517276
vn -0.248827 0.817764 -0.518986
vn -0.306243 0.794222 -0.524811
vn -0.402402 0.746676 -0.529668
vn -0.487639 0.693165 -0.530784
vn -0.557624 0.638734 -0.530164
vn -0.627976 0.572167 -0.527514
vn -0.681534 0.513801 -0.521076
vn -0.710172 0.477254 -0.517575
vn -0.741280 0.429227 -0.516012
vn -0.768608 0.377209 -0.516677
vn -0.788783 0.329904 -0.518638
vn -0.809664 0.264119 -0.524104
vn -0.833106 0.165166 -0.527877
vn -0.845692 0.071214 -0.528899
vn -0.848853 -0.025478 -0.528015
vn -0.843052 -0.113604 -0.525698
vn -0.835033 -0.179629 -0.520051
vn -0.825790 -0.223098 -0.517976
vn -0.809154 -0.276145 -0.518665
vn -0.791658 -0.317642 -0.521901
vn -0.760195 -0.378261 -0.528226
vn -0.705240 -0.468343 -0.532252
vn -0.647037 -0.544994 -0.533221
vn -0.584348 -0.612676 -0.532133
vn -0.509334 -0.680326 -0.527006
vn -0.453096 -0.724350 -0.519636
vn -0.426459 -0.741480 -0.518016
vn -0.397144 -0.756286 -0.519912
vn -0.339633 -0.779459 -0.526397
vn -0.241252 -0.812478 -0.530732
vn -0.144597 -0.834823 -0.531190
vn -0.029945 -0.849517 -0.526710
vn 0.049249 -0.853039 -0.519518
vn 0.082597 -0.851291 -0.518152
vn 0.130094 -0.844882 -0.518892
vn 0.167037 -0.835630 -0.523279
vn 0.240327 -0.812683 -0.530838
vn 0.350280 -0.769788 -0.533601
vn 0.456057 -0.714292 -0.530848
vn 0.535848 -0.663505 -0.522139
vn 0.565392 -0.641178 -0.518866
vn 0.594029 -0.614149 -0.519568
vn 0.618181 -0.586666 -0.523140
vn 0.665326 -0.526164 -0.529616
vn 0.731997 -0.426368 -0.531404
vn 0.785032 -0.323362 -0.528357
vn 0.819846 -0.238353 -0.520616
vn 0.832184 -0.199403 -0.517405
vn 0.841103 -0.158749 -0.517053
vn 0.845176 -0.125105 -0.519641
vn 0.890875 -0.067858 -0.449151
vn 0.889866 0.064422 -0.451651
vn 0.876156 0.173795 -0.449606
vn 0.847630 0.290026 -0.444307
vn 0.822076 0.366373 -0.435847
vn 0.810940 0.391703 -0.434678
vn 0.791725 0.426774 -0.437075
vn 0.772706 0.456202 -0.441368
vn 0.724120 0.522552 -0.450101
vn 0.640742 0.618293 -0.455151
vn 0.547572 0.702339 -0.454846
vn 0.461383 0.765431 -0.448599
vn 0.419164 0.792592 -0.442831
vn 0.389663 0.807963 -0.441994
vn 0.361853 0.819991 -0.443483
vn 0.293596 0.843205 -0.450341
vn 0.168785 0.874878 -0.453983
vn 0.059660 0.889306 -0.453404
vn -0.058932 0.891558 -0.449057
vn -0.142048 0.886626 -0.440133
vn -0.174220 0.882096 -0.437669
vn -0.220994 0.870988 -0.438795
vn -0.257141 0.860502 -0.439789
vn -0.316446 0.838415 -0.443759
vn -0.419652 0.789017 -0.448714
vn -0.510741 0.731355 -0.451955
vn -0.586331 0.671592 -0.452968
vn -0.664796 0.595606 -0.450888
vn -0.722706 0.530272 -0.443292
vn -0.750359 0.494973 -0.438136
vn -0.780427 0.448975 -0.435150
vn -0.807356 0.398169 -0.435474
vn -0.827381 0.352571 -0.437190
vn -0.849910 0.285467 -0.442902
vn -0.876621 0.177760 -0.447143
vn -0.890465 0.075448 -0.448753
vn -0.893524 -0.026855 -0.448212
vn -0.886285 -0.127357 -0.445286
vn -0.876331 -0.197399 -0.439405
vn -0.867788 -0.235984 -0.437327
vn -0.851965 -0.284888 -0.439311
vn -0.835368 -0.326029 -0.442566
vn -0.803563 -0.390676 -0.449065
vn -0.744542 -0.489233 -0.454212
vn -0.681064 -0.573102 -0.455749
vn -0.610680 -0.648512 -0.454426
vn -0.523571 -0.725795 -0.446200
vn -0.468720 -0.767582 -0.437172
vn -0.450030 -0.779334 -0.436017
vn -0.427129 -0.790377 -0.439163
vn -0.368928 -0.813743 -0.449126
vn -0.256307 -0.852547 -0.455488
vn -0.143874 -0.879572 -0.453489
vn -0.017673 -0.894994 -0.445729
vn 0.060078 -0.897396 -0.437117
vn 0.088067 -0.896033 -0.435164
vn 0.129480 -0.889975 -0.437241
vn 0.160032 -0.881053 -0.445124
vn 0.247685 -0.856560 -0.452722
vn 0.370234 -0.810045 -0.454702
vn 0.490665 -0.745691 -0.450770
vn 0.574261 -0.690346 -0.440053
vn 0.594371 -0.674444 -0.438005
vn 0.619045 -0.650077 -0.440663
vn 0.641846 -0.623965 -0.445759
vn 0.696000 -0.557130 -0.452980
vn 0.770967 -0.446016 -0.454620
vn 0.829243 -0.330267 -0.450865
vn 0.864561 -0.239670 -0.441692
vn 0.874814 -0.206385 -0.438299
vn 0.882964 -0.168867 -0.438016
vn 0.886373 -0.141493 -0.440821
vn 0.915845 -0.077504 -0.393980
vn 0.914996 0.068559 -0.397596
vn 0.899586 0.184341 -0.395934
vn 0.867345 0.309351 -0.389891
vn 0.841110 0.382992 -0.381905
vn 0.833877 0.398034 -0.382386
vn 0.815506 0.432146 -0.384969
vn 0.798778 0.459154 -0.388757
vn 0.750476 0.527753 -0.397824
vn 0.660889 0.633097 -0.403006
vn 0.560153 0.723381 -0.403669
vn 0.466518 0.788517 -0.400752
vn 0.421037 0.816986 -0.394033
vn 0.397487 0.830775 -0.389636
vn 0.375987 0.841604 -0.387733
vn 0.308747 0.866023 -0.393293
vn 0.176527 0.900042 -0.398449
vn 0.059312 0.914934 -0.399221
vn -0.071324 0.915920 -0.394974
vn -0.154025 0.908677 -0.388051
vn -0.177959 0.904699 -0.387104
vn -0.227298 0.893979 -0.386184
vn -0.266238 0.884415 -0.383311
vn -0.326783 0.864586 -0.381713
vn -0.420002 0.819134 -0.390664
vn -0.520185 0.755812 -0.397688
vn -0.600761 0.692281 -0.399793
vn -0.687614 0.607126 -0.398227
vn -0.748763 0.535036 -0.391267
vn -0.775386 0.499752 -0.386037
vn -0.801699 0.458480 -0.383505
vn -0.829234 0.407772 -0.382222
vn -0.848401 0.366470 -0.381990
vn -0.871475 0.300783 -0.387377
vn -0.899780 0.188554 -0.393502
vn -0.914548 0.079575 -0.396573
vn -0.917563 -0.027650 -0.396627
vn -0.909268 -0.138576 -0.392464
vn -0.898118 -0.210361 -0.386177
vn -0.890715 -0.239583 -0.386298
vn -0.875349 -0.288905 -0.387684
vn -0.860511 -0.327927 -0.389853
vn -0.829628 -0.391259 -0.398288
vn -0.766630 -0.498770 -0.404360
vn -0.699590 -0.588714 -0.404957
vn -0.620292 -0.674098 -0.401035
vn -0.524334 -0.756273 -0.391312
vn -0.473953 -0.792842 -0.383106
vn -0.464680 -0.798485 -0.382746
vn -0.451199 -0.804595 -0.386064
vn -0.394880 -0.828220 -0.397645
vn -0.263723 -0.875526 -0.404851
vn -0.134349 -0.906144 -0.401066
vn -0.000118 -0.920943 -0.389696
vn 0.071910 -0.922540 -0.379141
vn 0.087430 -0.921156 -0.379246
vn 0.117249 -0.915422 -0.385040
vn 0.145058 -0.905984 -0.397683
vn 0.256423 -0.878763 -0.402522
vn 0.383724 -0.831505 -0.401689
vn 0.517429 -0.758919 -0.395360
vn 0.598415 -0.702850 -0.384581
vn 0.606927 -0.695452 -0.384690
vn 0.628291 -0.674055 -0.388459
vn 0.648656 -0.649882 -0.396105
vn 0.711896 -0.574538 -0.403870
vn 0.792834 -0.455346 -0.405061
vn 0.855744 -0.328036 -0.400119
vn 0.890976 -0.234034 -0.389088
vn 0.899683 -0.207523 -0.384063
vn 0.907127 -0.175023 -0.382736
vn 0.909631 -0.155818 -0.385086
vn 0.595100 -0.060519 -0.801370
vn 0.591403 0.040883 -0.805339
vn 0.580654 0.120398 -0.805199
vn 0.560820 0.205226 -0.802099
vn 0.547703 0.254481 -0.797033
vn 0.546873 0.258700 -0.796244
vn 0.536106 0.280251 -0.796273
vn 0.526841 0.294830 -0.797191
vn 0.493634 0.335083 -0.802524
vn 0.430394 0.405409 -0.806477
vn 0.365711 0.462350 -0.807767
vn 0.299992 0.510556 -0.805815
vn 0.263345 0.537876 -0.800837
vn 0.253680 0.546185 -0.798328
vn 0.246352 0.551540 -0.796941
vn 0.209667 0.561155 -0.800715
vn 0.121078 0.580530 -0.805186
vn 0.040414 0.590267 -0.806196
vn -0.046663 0.591933 -0.804636
vn -0.103415 0.590312 -0.800523
vn -0.119600 0.589909 -0.798563
vn -0.154042 0.584282 -0.796797
vn -0.182181 0.578372 -0.795171
vn -0.209741 0.568418 -0.795556
vn -0.256904 0.539913 -0.801558
vn -0.331162 0.492176 -0.805043
vn -0.384948 0.449792 -0.805917
vn -0.444245 0.392781 -0.805214
vn -0.489127 0.343833 -0.801582
vn -0.509300 0.320815 -0.798556
vn -0.525379 0.297980 -0.796985
vn -0.544434 0.264440 -0.796030
vn -0.555064 0.242320 -0.795729
vn -0.565057 0.205225 -0.799120
vn -0.580964 0.130414 -0.803413
vn -0.590400 0.055262 -0.805216
vn -0.593491 -0.018561 -0.804627
vn -0.589951 -0.094097 -0.801937
vn -0.585532 -0.139816 -0.798501
vn -0.582354 -0.154554 -0.798108
vn -0.572538 -0.187838 -0.798071
vn -0.564601 -0.207141 -0.798948
vn -0.542846 -0.243992 -0.803608
vn -0.496174 -0.318983 -0.807503
vn -0.450008 -0.380360 -0.807972
vn -0.396608 -0.438747 -0.806352
vn -0.333807 -0.497130 -0.800896
vn -0.306608 -0.521036 -0.796563
vn -0.306201 -0.521396 -0.796485
vn -0.304198 -0.521562 -0.797143
vn -0.269536 -0.531726 -0.802881
vn -0.171086 -0.564334 -0.807624
vn -0.077449 -0.586905 -0.805943
vn 0.015055 -0.601591 -0.798662
vn 0.049174 -0.605170 -0.794576
vn 0.049833 -0.603537 -0.795776
vn 0.059785 -0.600090 -0.797695
vn 0.083157 -0.590551 -0.802704
vn 0.169015 -0.566584 -0.806484
vn 0.250456 -0.534967 -0.806897
vn 0.341690 -0.487528 -0.803470
vn 0.394660 -0.456277 -0.797531
vn 0.393575 -0.457333 -0.797462
vn 0.403368 -0.446920 -0.798472
vn 0.409792 -0.432583 -0.803083
vn 0.459127 -0.370421 -0.807459
vn 0.511621 -0.292599 -0.807855
vn 0.556316 -0.205815 -0.805080
vn 0.585093 -0.142577 -0.798335
vn 0.590304 -0.132233 -0.796276
vn 0.594608 -0.115711 -0.795646
vn 0.595510 -0.109068 -0.795910
vn 0.446534 -0.052560 -0.893222
vn 0.443330 0.026707 -0.895961
vn 0.434418 0.090304 -0.896173
vn 0.419068 0.158736 -0.893972
vn 0.410169 0.198272 -0.890196
vn 0.412006 0.198185 -0.889367
vn 0.406120 0.211699 -0.888960
vn 0.401528 0.218465 -0.889409
vn 0.376539 0.246604 -0.892975
vn 0.326210 0.302373 -0.895633
vn 0.277675 0.346367 -0.896062
vn 0.222909 0.388430 -0.894110
vn 0.191043 0.412447 -0.890725
vn 0.188448 0.415124 -0.890033
vn 0.188023 0.415919 -0.889752
vn 0.165182 0.420339 -0.892205
vn 0.096510 0.435208 -0.895142
vn 0.033379 0.442645 -0.896075
vn -0.035044 0.444219 -0.895233
vn -0.083669 0.443867 -0.892178
vn -0.097809 0.444309 -0.890518
vn -0.120371 0.440958 -0.889419
vn -0.139531 0.435433 -0.889342
vn -0.151882 0.430198 -0.889866
vn -0.185420 0.410009 -0.893035
vn -0.246203 0.372034 -0.894972
vn -0.287876 0.339731 -0.895383
vn -0.333792 0.296268 -0.894879
vn -0.369765 0.256531 -0.893009
vn -0.389083 0.235475 -0.890599
vn -0.397412 0.223567 -0.889990
vn -0.411020 0.198278 -0.889802
vn -0.416747 0.185226 -0.889951
vn -0.422018 0.161241 -0.892134
vn -0.434519 0.102691 -0.894789
vn -0.442478 0.042628 -0.895765
vn -0.445662 -0.016320 -0.895053
vn -0.443308 -0.073984 -0.893311
vn -0.440947 -0.108934 -0.890898
vn -0.439364 -0.117470 -0.890596
vn -0.432424 -0.140395 -0.890673
vn -0.427883 -0.151687 -0.891014
vn -0.411737 -0.179266 -0.893497
vn -0.374875 -0.238483 -0.895876
vn -0.338247 -0.286586 -0.896358
vn -0.295015 -0.333547 -0.895384
vn -0.244397 -0.384361 -0.890245
vn -0.233380 -0.394614 -0.888714
vn -0.234646 -0.391850 -0.889604
vn -0.237480 -0.388315 -0.890401
vn -0.208818 -0.396625 -0.893915
vn -0.125736 -0.425194 -0.896326
vn -0.048049 -0.444375 -0.894551
vn 0.022038 -0.456985 -0.889201
vn 0.030527 -0.456862 -0.889014
vn 0.032277 -0.454596 -0.890113
vn 0.033306 -0.452783 -0.890998
vn 0.057058 -0.444018 -0.894199
vn 0.129061 -0.423412 -0.896697
vn 0.192775 -0.399087 -0.896419
vn 0.263995 -0.363620 -0.893357
vn 0.300111 -0.343444 -0.889932
vn 0.295320 -0.346508 -0.890347
vn 0.295999 -0.344749 -0.890804
vn 0.303218 -0.331349 -0.893458
vn 0.348796 -0.275316 -0.895847
vn 0.387103 -0.218157 -0.895856
vn 0.422949 -0.149929 -0.893664
vn 0.445373 -0.101983 -0.889518
vn 0.446121 -0.099553 -0.889419
vn 0.448131 -0.088661 -0.889560
vn 0.447615 -0.087680 -0.889917
vn 0.499084 -0.066326 -0.864012
vn 0.496539 0.026858 -0.867599
vn 0.486736 0.101932 -0.867582
vn 0.467239 0.186239 -0.864293
vn 0.456672 0.235468 -0.857908
vn 0.462136 0.232156 -0.855882
vn 0.459498 0.241111 -0.854826
vn 0.458503 0.239552 -0.855798
vn 0.429020 0.270676 -0.861787
vn 0.368263 0.338276 -0.865998
vn 0.311616 0.389671 -0.866632
vn 0.244022 0.440841 -0.863778
vn 0.206759 0.468743 -0.858796
vn 0.208620 0.470293 -0.857497
vn 0.215723 0.468642 -0.856644
vn 0.192347 0.473871 -0.859331
vn 0.118278 0.488095 -0.864739
vn 0.042845 0.495375 -0.867622
vn -0.041737 0.497181 -0.866642
vn -0.099441 0.494179 -0.863654
vn -0.127183 0.496531 -0.858651
vn -0.140055 0.497943 -0.855826
vn -0.158856 0.493369 -0.855191
vn -0.167955 0.490209 -0.855270
vn -0.204178 0.467585 -0.860044
vn -0.274361 0.422222 -0.863976
vn -0.322418 0.383742 -0.865326
vn -0.374031 0.334741 -0.864898
vn -0.417503 0.284620 -0.862950
vn -0.442780 0.256834 -0.859059
vn -0.449489 0.248984 -0.857885
vn -0.464370 0.223103 -0.857080
vn -0.467884 0.213809 -0.857537
vn -0.471558 0.189116 -0.861318
vn -0.485831 0.119551 -0.865838
vn -0.494726 0.047431 -0.867754
vn -0.497072 -0.019921 -0.867481
vn -0.494027 -0.089368 -0.864842
vn -0.492999 -0.130074 -0.860251
vn -0.493858 -0.136082 -0.858828
vn -0.488577 -0.161317 -0.857478
vn -0.486374 -0.169709 -0.857111
vn -0.467969 -0.197255 -0.861450
vn -0.423712 -0.266149 -0.865813
vn -0.380700 -0.322120 -0.866779
vn -0.323015 -0.386303 -0.863963
vn -0.267744 -0.442799 -0.855712
vn -0.267893 -0.443156 -0.855480
vn -0.270561 -0.439986 -0.856277
vn -0.277837 -0.433123 -0.857445
vn -0.237264 -0.446749 -0.862625
vn -0.135732 -0.482561 -0.865281
vn -0.040659 -0.504501 -0.862453
vn 0.028116 -0.515640 -0.856344
vn 0.023374 -0.512373 -0.858445
vn 0.030607 -0.510040 -0.859606
vn 0.025235 -0.507762 -0.861128
vn 0.060900 -0.496570 -0.865858
vn 0.149336 -0.471920 -0.868902
vn 0.225833 -0.443226 -0.867497
vn 0.309732 -0.404006 -0.860724
vn 0.338275 -0.388123 -0.857281
vn 0.331805 -0.391275 -0.858376
vn 0.324938 -0.395201 -0.859204
vn 0.336852 -0.374661 -0.863805
vn 0.394351 -0.304604 -0.867008
vn 0.438503 -0.240153 -0.866049
vn 0.480866 -0.160868 -0.861910
vn 0.504441 -0.111336 -0.856238
vn 0.502622 -0.114425 -0.856900
vn 0.503546 -0.103262 -0.857775
vn 0.501168 -0.105506 -0.858894
vn 0.570009 -0.081410 -0.817596
vn 0.568414 0.031366 -0.822145
vn 0.558122 0.119388 -0.821125
vn 0.535661 0.228367 -0.812968
vn 0.523177 0.287190 -0.802377
vn 0.531168 0.277011 -0.800703
vn 0.531764 0.277835 -0.800022
vn 0.535536 0.265016 -0.801852
vn 0.500123 0.303101 -0.811176
vn 0.426100 0.384937 -0.818695
vn 0.357192 0.447583 -0.819807
vn 0.273647 0.510391 -0.815241
vn 0.226559 0.546407 -0.806294
vn 0.235416 0.545044 -0.804678
vn 0.248206 0.541241 -0.803400
vn 0.226390 0.552175 -0.802403
vn 0.156937 0.562666 -0.811651
vn 0.055118 0.573142 -0.817600
vn -0.041884 0.572895 -0.818558
vn -0.124895 0.565658 -0.815127
vn -0.171052 0.567522 -0.805394
vn -0.167614 0.571317 -0.803431
vn -0.188135 0.567588 -0.801529
vn -0.189520 0.568778 -0.800359
vn -0.226981 0.546034 -0.806428
vn -0.309211 0.492813 -0.813341
vn -0.369945 0.443915 -0.816137
vn -0.426880 0.388513 -0.816597
vn -0.480925 0.323741 -0.814802
vn -0.514147 0.285932 -0.808638
vn -0.519689 0.280555 -0.806977
vn -0.535391 0.254956 -0.805204
vn -0.535758 0.254046 -0.805248
vn -0.538247 0.228852 -0.811121
vn -0.554852 0.145660 -0.819098
vn -0.564564 0.058725 -0.823297
vn -0.567339 -0.024009 -0.823135
vn -0.564681 -0.115439 -0.817196
vn -0.564718 -0.163782 -0.808869
vn -0.567883 -0.168059 -0.805770
vn -0.563218 -0.191944 -0.803706
vn -0.563943 -0.188709 -0.803963
vn -0.544070 -0.218052 -0.810211
vn -0.491338 -0.305191 -0.815749
vn -0.438997 -0.375631 -0.816200
vn -0.362730 -0.459497 -0.810734
vn -0.304682 -0.514750 -0.801375
vn -0.310554 -0.509423 -0.802524
vn -0.316413 -0.503275 -0.804112
vn -0.329329 -0.489258 -0.807570
vn -0.272138 -0.509893 -0.816058
vn -0.151216 -0.553576 -0.818955
vn -0.036994 -0.579410 -0.814196
vn 0.031240 -0.591813 -0.805470
vn 0.021229 -0.590944 -0.806433
vn 0.025709 -0.587538 -0.808788
vn 0.015998 -0.582424 -0.812728
vn 0.069815 -0.569608 -0.818946
vn 0.178493 -0.541497 -0.821536
vn 0.277952 -0.504886 -0.817211
vn 0.375498 -0.461785 -0.803589
vn 0.384747 -0.454432 -0.803406
vn 0.377587 -0.454401 -0.806813
vn 0.360277 -0.462685 -0.810014
vn 0.382066 -0.431218 -0.817359
vn 0.457405 -0.343060 -0.820421
vn 0.509894 -0.267812 -0.817487
vn 0.558358 -0.175278 -0.810873
vn 0.581305 -0.125646 -0.803926
vn 0.577731 -0.135359 -0.804925
vn 0.577047 -0.126442 -0.806864
vn 0.571857 -0.131975 -0.809668
vn 0.631993 -0.094930 -0.769138
vn 0.633258 0.039441 -0.772935
vn 0.625137 0.150379 -0.765891
vn 0.600051 0.277822 -0.750169
vn 0.586163 0.332323 -0.738901
vn 0.595116 0.313600 -0.739927
vn 0.597042 0.306595 -0.741310
vn 0.605304 0.286232 -0.742750
vn 0.568117 0.329095 -0.754281
vn 0.481644 0.428352 -0.764548
vn 0.399410 0.505057 -0.765108
vn 0.298182 0.579178 -0.758710
vn 0.244229 0.616863 -0.748220
vn 0.260123 0.611395 -0.747350
vn 0.264907 0.614135 -0.743412
vn 0.257854 0.620627 -0.740496
vn 0.195469 0.629091 -0.752354
vn 0.069277 0.647730 -0.758714
vn -0.036672 0.647968 -0.760784
vn -0.146593 0.633959 -0.759346
vn -0.199267 0.627198 -0.752938
vn -0.195793 0.632268 -0.749602
vn -0.218383 0.630786 -0.744592
vn -0.214293 0.637437 -0.740103
vn -0.258896 0.622838 -0.738273
vn -0.333039 0.569246 -0.751694
vn -0.409068 0.502156 -0.761907
vn -0.471974 0.438790 -0.764660
vn -0.538553 0.358544 -0.762500
vn -0.576001 0.311918 -0.755599
vn -0.582178 0.305899 -0.753323
vn -0.600802 0.279417 -0.748975
vn -0.596944 0.290791 -0.747729
vn -0.600951 0.268061 -0.752995
vn -0.619342 0.176453 -0.765036
vn -0.631458 0.070703 -0.772180
vn -0.634936 -0.032009 -0.771901
vn -0.630532 -0.145746 -0.762357
vn -0.630110 -0.198311 -0.750755
vn -0.634180 -0.195482 -0.748066
vn -0.629567 -0.217294 -0.745941
vn -0.634325 -0.206646 -0.744936
vn -0.613523 -0.239901 -0.752354
vn -0.552831 -0.343013 -0.759421
vn -0.490733 -0.425895 -0.760128
vn -0.400078 -0.521094 -0.753922
vn -0.339636 -0.576935 -0.742828
vn -0.352318 -0.566824 -0.744703
vn -0.364843 -0.553844 -0.748429
vn -0.382497 -0.525221 -0.760157
vn -0.294244 -0.565234 -0.770669
vn -0.160453 -0.616556 -0.770787
vn -0.022595 -0.650766 -0.758942
vn 0.043661 -0.666249 -0.744450
vn 0.017265 -0.664895 -0.746737
vn 0.012031 -0.659252 -0.751826
vn 0.000652 -0.647109 -0.762397
vn 0.090493 -0.634990 -0.767202
vn 0.211390 -0.608449 -0.764921
vn 0.336731 -0.560440 -0.756650
vn 0.429131 -0.515695 -0.741556
vn 0.417113 -0.517014 -0.747471
vn 0.408381 -0.514741 -0.753835
vn 0.385160 -0.523363 -0.760094
vn 0.425550 -0.477772 -0.768532
vn 0.517327 -0.374485 -0.769502
vn 0.575381 -0.291193 -0.764292
vn 0.630882 -0.186005 -0.753253
vn 0.652115 -0.138739 -0.745317
vn 0.644444 -0.156329 -0.748501
vn 0.639823 -0.152568 -0.753226
vn 0.631058 -0.161681 -0.758700
vn 0.689798 -0.094799 -0.717769
vn 0.696726 0.056923 -0.715075
vn 0.685389 0.188150 -0.703450
vn 0.655111 0.323320 -0.682857
vn 0.642060 0.365536 -0.673901
vn 0.651796 0.338279 -0.678770
vn 0.653160 0.329529 -0.681757
vn 0.664732 0.307513 -0.680858
vn 0.629429 0.353118 -0.692190
vn 0.532538 0.469809 -0.704047
vn 0.439526 0.553987 -0.707047
vn 0.320720 0.634756 -0.703011
vn 0.259200 0.671959 -0.693748
vn 0.274979 0.671368 -0.688223
vn 0.278073 0.676242 -0.682182
vn 0.286670 0.677005 -0.677853
vn 0.220191 0.693683 -0.685798
vn 0.084751 0.713300 -0.695715
vn -0.025679 0.711221 -0.702500
vn -0.149794 0.690605 -0.707550
vn -0.214426 0.671966 -0.708860
vn -0.238544 0.678828 -0.694470
vn -0.251572 0.686358 -0.682366
vn -0.258663 0.694550 -0.671337
vn -0.282943 0.691604 -0.664550
vn -0.333888 0.643897 -0.688415
vn -0.438568 0.559045 -0.703652
vn -0.511214 0.485725 -0.709035
vn -0.590003 0.390234 -0.706834
vn -0.634729 0.334431 -0.696616
vn -0.647171 0.325142 -0.689531
vn -0.661666 0.302926 -0.685882
vn -0.654537 0.319849 -0.685038
vn -0.660091 0.303536 -0.687129
vn -0.677796 0.212797 -0.703783
vn -0.695343 0.083332 -0.713830
vn -0.700462 -0.041544 -0.712479
vn -0.692527 -0.177403 -0.699238
vn -0.689426 -0.230147 -0.686822
vn -0.694261 -0.220492 -0.685116
vn -0.688790 -0.239513 -0.684253
vn -0.693575 -0.216538 -0.687070
vn -0.669638 -0.254672 -0.697659
vn -0.602573 -0.372662 -0.705712
vn -0.532751 -0.467866 -0.705180
vn -0.428663 -0.580962 -0.691904
vn -0.368980 -0.638666 -0.675248
vn -0.393761 -0.618458 -0.680046
vn -0.425782 -0.585772 -0.689623
vn -0.434533 -0.556523 -0.708141
vn -0.307946 -0.625448 -0.716926
vn -0.161073 -0.683004 -0.712433
vn 0.005118 -0.727071 -0.686543
vn 0.050051 -0.735581 -0.675585
vn 0.007408 -0.728876 -0.684605
vn -0.017104 -0.719382 -0.694404
vn -0.009995 -0.704407 -0.709726
vn 0.121474 -0.691107 -0.712471
vn 0.244557 -0.663242 -0.707321
vn 0.388255 -0.607017 -0.693389
vn 0.467099 -0.566533 -0.678866
vn 0.442191 -0.576129 -0.687417
vn 0.428306 -0.574675 -0.697353
vn 0.404559 -0.578097 -0.708616
vn 0.472362 -0.513368 -0.716469
vn 0.575064 -0.400087 -0.713604
vn 0.639944 -0.306428 -0.704680
vn 0.711143 -0.186622 -0.677826
vn 0.716419 -0.165309 -0.677803
vn 0.702670 -0.182305 -0.687765
vn 0.694877 -0.183206 -0.695400
vn 0.677308 -0.194678 -0.709475
vn 0.749772 -0.079282 -0.656929
vn 0.754774 0.076387 -0.651522
vn 0.736765 0.222899 -0.638352
vn 0.703744 0.370011 -0.606495
vn 0.694470 0.378361 -0.612009
vn 0.696917 0.353044 -0.624233
vn 0.696454 0.349890 -0.626521
vn 0.710655 0.325722 -0.623598
vn 0.677337 0.373162 -0.634007
vn 0.575320 0.499928 -0.647363
vn 0.476211 0.588630 -0.653252
vn 0.344355 0.676021 -0.651472
vn 0.267545 0.716682 -0.644039
vn 0.272250 0.727942 -0.629270
vn 0.285153 0.736275 -0.613666
vn 0.306120 0.738231 -0.601087
vn 0.240407 0.769395 -0.591808
vn 0.123827 0.775143 -0.619532
vn -0.005296 0.766262 -0.642507
vn -0.133036 0.742827 -0.656132
vn -0.232720 0.712008 -0.662484
vn -0.294746 0.712286 -0.637004
vn -0.286611 0.727884 -0.622927
vn -0.299362 0.732525 -0.611383
vn -0.287708 0.741833 -0.605729
vn -0.334800 0.703891 -0.626456
vn -0.459510 0.610602 -0.644993
vn -0.544524 0.527323 -0.652245
vn -0.640119 0.415346 -0.646325
vn -0.698370 0.346471 -0.626288
vn -0.712355 0.342926 -0.612334
vn -0.714298 0.333914 -0.615045
vn -0.704378 0.344068 -0.620862
vn -0.704648 0.334890 -0.625556
vn -0.727589 0.242533 -0.641710
vn -0.759856 0.088065 -0.644099
vn -0.770599 -0.055846 -0.634868
vn -0.757750 -0.206006 -0.619174
vn -0.748413 -0.253242 -0.612982
vn -0.749846 -0.237661 -0.617453
vn -0.740025 -0.244911 -0.626404
vn -0.739200 -0.213416 -0.638778
vn -0.711172 -0.269027 -0.649506
vn -0.641276 -0.400766 -0.654333
vn -0.563064 -0.515942 -0.645572
vn -0.445537 -0.653577 -0.611828
vn -0.404746 -0.688071 -0.602278
vn -0.435774 -0.653642 -0.618751
vn -0.487420 -0.601321 -0.633115
vn -0.473036 -0.592340 -0.652205
vn -0.314503 -0.686304 -0.655801
vn -0.142825 -0.756675 -0.638000
vn 0.037085 -0.804834 -0.592340
vn 0.028958 -0.797252 -0.602952
vn -0.009715 -0.782310 -0.622814
vn -0.053159 -0.768278 -0.637906
vn -0.016836 -0.751561 -0.659449
vn 0.144699 -0.731207 -0.666633
vn 0.285766 -0.701889 -0.652449
vn 0.447601 -0.645515 -0.618841
vn 0.504960 -0.619261 -0.601275
vn 0.465920 -0.638792 -0.612261
vn 0.441782 -0.642498 -0.626118
vn 0.418749 -0.633939 -0.650208
vn 0.529226 -0.540630 -0.653942
vn 0.631754 -0.426701 -0.647158
vn 0.714585 -0.302502 -0.630762
vn 0.778529 -0.187895 -0.598822
vn 0.767476 -0.201516 -0.608582
vn 0.761276 -0.209631 -0.613607
vn 0.742692 -0.232638 -0.627924
vn 0.723194 -0.226627 -0.652403
vn 0.810677 -0.064214 -0.581961
vn 0.812470 0.092748 -0.575578
vn 0.784703 0.266211 -0.559797
vn 0.745840 0.391862 -0.538671
vn 0.739187 0.364844 -0.566119
vn 0.732084 0.363064 -0.576401
vn 0.729539 0.370988 -0.574579
vn 0.747728 0.342346 -0.568949
vn 0.717020 0.392976 -0.575718
vn 0.614462 0.526411 -0.587646
vn 0.511491 0.622435 -0.592412
vn 0.373376 0.714505 -0.591669
vn 0.277567 0.753145 -0.596430
vn 0.248848 0.781296 -0.572408
vn 0.275328 0.789597 -0.548389
vn 0.288039 0.805841 -0.517353
vn 0.267525 0.825232 -0.497417
vn 0.186304 0.821235 -0.539318
vn 0.025216 0.819711 -0.572222
vn -0.106712 0.797132 -0.594300
vn -0.254343 0.756543 -0.602455
vn -0.335496 0.738681 -0.584631
vn -0.324768 0.756051 -0.568254
vn -0.329791 0.764640 -0.553682
vn -0.294879 0.783903 -0.546390
vn -0.339435 0.754604 -0.561567
vn -0.473644 0.658130 -0.585258
vn -0.576660 0.561392 -0.593550
vn -0.689341 0.429060 -0.583709
vn -0.751998 0.344432 -0.562019
vn -0.753883 0.355985 -0.552209
vn -0.748823 0.364594 -0.553475
vn -0.742658 0.371202 -0.557376
vn -0.740063 0.363856 -0.565610
vn -0.780291 0.249986 -0.573282
vn -0.822654 0.076120 -0.563423
vn -0.833571 -0.074892 -0.547312
vn -0.822215 -0.234106 -0.518803
vn -0.810720 -0.257232 -0.525895
vn -0.803832 -0.235971 -0.546051
vn -0.790346 -0.228589 -0.568419
vn -0.773980 -0.192456 -0.603254
vn -0.734938 -0.292373 -0.611869
vn -0.668061 -0.437150 -0.602158
vn -0.573459 -0.585691 -0.572809
vn -0.454207 -0.729744 -0.511048
vn -0.461488 -0.713590 -0.527085
vn -0.484508 -0.676483 -0.554638
vn -0.543271 -0.611898 -0.574838
vn -0.496670 -0.638010 -0.588441
vn -0.310042 -0.751572 -0.582249
vn -0.101509 -0.828205 -0.551155
vn 0.044807 -0.855543 -0.515790
vn -0.012003 -0.837315 -0.546589
vn -0.040169 -0.821652 -0.568572
vn -0.094598 -0.799603 -0.593031
vn -0.020354 -0.791159 -0.611272
vn 0.176746 -0.772665 -0.609712
vn 0.351308 -0.735025 -0.579931
vn 0.527746 -0.675291 -0.515234
vn 0.525193 -0.674475 -0.518900
vn 0.479720 -0.690341 -0.541570
vn 0.431279 -0.706711 -0.560855
vn 0.441216 -0.681531 -0.583819
vn 0.588262 -0.563532 -0.579983
vn 0.683435 -0.451621 -0.573546
vn 0.779986 -0.294047 -0.552411
vn 0.829946 -0.193922 -0.523053
vn 0.820110 -0.222305 -0.527258
vn 0.809590 -0.238936 -0.536166
vn 0.777738 -0.292216 -0.556537
vn 0.774240 -0.249993 -0.581425
vn 0.869978 -0.048249 -0.490724
vn 0.868088 0.101343 -0.485956
vn 0.825760 0.288151 -0.484860
vn 0.785180 0.382226 -0.487232
vn 0.781232 0.357131 -0.511991
vn 0.766362 0.378026 -0.519408
vn 0.760226 0.394852 -0.515896
vn 0.780701 0.363337 -0.508420
vn 0.753982 0.422081 -0.503347
vn 0.655156 0.559748 -0.507398
vn 0.548400 0.661188 -0.511945
vn 0.419050 0.743070 -0.521770
vn 0.290656 0.797351 -0.528915
vn 0.225551 0.835658 -0.500802
vn 0.257066 0.835942 -0.484890
vn 0.255236 0.849772 -0.461241
vn 0.289130 0.847003 -0.446083
vn 0.220079 0.868340 -0.444468
vn 0.078507 0.866716 -0.492585
vn -0.081858 0.845235 -0.528088
vn -0.260734 0.799636 -0.540924
vn -0.345494 0.756665 -0.555060
vn -0.382210 0.765762 -0.517227
vn -0.361839 0.795517 -0.486031
vn -0.308325 0.824077 -0.475218
vn -0.349470 0.805258 -0.478989
vn -0.481490 0.711643 -0.511597
vn -0.603203 0.594804 -0.531371
vn -0.718195 0.444743 -0.535163
vn -0.772187 0.345736 -0.533099
vn -0.784451 0.347622 -0.513610
vn -0.783044 0.375236 -0.496025
vn -0.775869 0.395386 -0.491627
vn -0.769729 0.389284 -0.505940
vn -0.825747 0.241694 -0.509634
vn -0.864798 0.060471 -0.498466
vn -0.873612 -0.110477 -0.473917
vn -0.863847 -0.256392 -0.433626
vn -0.859492 -0.236108 -0.453351
vn -0.848587 -0.212714 -0.484409
vn -0.834777 -0.177729 -0.521114
vn -0.809084 -0.173075 -0.561630
vn -0.756485 -0.335048 -0.561670
vn -0.684064 -0.492345 -0.538195
vn -0.557452 -0.675421 -0.482758
vn -0.467019 -0.770251 -0.434290
vn -0.515332 -0.721556 -0.462375
vn -0.539329 -0.687856 -0.485776
vn -0.591589 -0.607564 -0.529989
vn -0.492092 -0.689513 -0.531429
vn -0.302252 -0.803773 -0.512437
vn -0.070215 -0.873996 -0.480833
vn 0.026705 -0.884011 -0.466703
vn -0.046335 -0.865875 -0.498110
vn -0.081531 -0.847354 -0.524732
vn -0.130699 -0.818005 -0.560166
vn 0.009363 -0.830319 -0.557210
vn 0.219529 -0.816289 -0.534303
vn 0.437220 -0.755427 -0.488025
vn 0.566788 -0.696473 -0.440086
vn 0.505515 -0.719025 -0.476925
vn 0.479517 -0.724458 -0.495201
vn 0.425352 -0.751777 -0.503892
vn 0.478648 -0.714043 -0.510919
vn 0.626627 -0.585367 -0.514475
vn 0.725097 -0.462503 -0.510222
vn 0.829322 -0.282722 -0.481968
vn 0.870182 -0.194933 -0.452531
vn 0.853710 -0.243177 -0.460482
vn 0.831632 -0.275281 -0.482295
vn 0.801904 -0.331712 -0.496908
vn 0.827032 -0.252631 -0.502192
vn 0.903987 -0.034307 -0.426182
vn 0.899309 0.098096 -0.426169
vn 0.857045 0.286112 -0.428501
vn 0.821997 0.375196 -0.428426
vn 0.822629 0.357034 -0.442502
vn 0.802312 0.393777 -0.448592
vn 0.790863 0.414616 -0.450144
vn 0.807022 0.398234 -0.436034
vn 0.784394 0.470987 -0.403606
vn 0.698785 0.575835 -0.424398
vn 0.577081 0.687483 -0.440845
vn 0.460303 0.766789 -0.447388
vn 0.302842 0.836877 -0.455987
vn 0.221103 0.866195 -0.448128
vn 0.243794 0.865383 -0.437810
vn 0.243620 0.869748 -0.429171
vn 0.261443 0.878863 -0.399058
vn 0.237845 0.899524 -0.366451
vn 0.141463 0.898506 -0.415542
vn -0.052911 0.888628 -0.455567
vn -0.223654 0.840869 -0.492867
vn -0.369340 0.778359 -0.507686
vn -0.455292 0.765827 -0.454112
vn -0.393358 0.811854 -0.431467
vn -0.336080 0.849542 -0.406607
vn -0.358391 0.847166 -0.392257
vn -0.465505 0.766546 -0.442393
vn -0.615446 0.631585 -0.471516
vn -0.734005 0.478480 -0.481969
vn -0.806941 0.350103 -0.475683
vn -0.834262 0.328096 -0.443125
vn -0.820087 0.377713 -0.429873
vn -0.799151 0.421394 -0.428702
vn -0.793015 0.410607 -0.450032
vn -0.861260 0.231740 -0.452247
vn -0.895452 0.048440 -0.442515
vn -0.896006 -0.151527 -0.417387
vn -0.883967 -0.268951 -0.382448
vn -0.891421 -0.207874 -0.402687
vn -0.883207 -0.181522 -0.432429
vn -0.877892 -0.130473 -0.460740
vn -0.852020 -0.173418 -0.493952
vn -0.781402 -0.380113 -0.494899
vn -0.690452 -0.555246 -0.463657
vn -0.538274 -0.737694 -0.407515
vn -0.486922 -0.781429 -0.390225
vn -0.546868 -0.728826 -0.412005
vn -0.604384 -0.655776 -0.452414
vn -0.620126 -0.610763 -0.492354
vn -0.467492 -0.747072 -0.472584
vn -0.285533 -0.847845 -0.446800
vn -0.047841 -0.915989 -0.398341
vn -0.007280 -0.912137 -0.409821
vn -0.081753 -0.891138 -0.446307
vn -0.140079 -0.867936 -0.476514
vn -0.139636 -0.852007 -0.504565
vn 0.062556 -0.871527 -0.486340
vn 0.261915 -0.845958 -0.464496
vn 0.490434 -0.760134 -0.426230
vn 0.564406 -0.718812 -0.405899
vn 0.499174 -0.754120 -0.426765
vn 0.485715 -0.757408 -0.436364
vn 0.437931 -0.782958 -0.441808
vn 0.496846 -0.737841 -0.456875
vn 0.649477 -0.602302 -0.464124
vn 0.763129 -0.464854 -0.448936
vn 0.870852 -0.266345 -0.413132
vn 0.895685 -0.198825 -0.397765
vn 0.867105 -0.271418 -0.417686
vn 0.846006 -0.306354 -0.436372
vn 0.829179 -0.343706 -0.440827
vn 0.868535 -0.233839 -0.436996
vn 0.901804 -0.031818 -0.430972
vn 0.899268 0.101310 -0.425504
vn 0.865726 0.292136 -0.406417
vn 0.839561 0.377758 -0.390430
vn 0.847685 0.363273 -0.386605
vn 0.830923 0.403667 -0.382909
vn 0.816449 0.436171 -0.378373
vn 0.818705 0.450715 -0.355780
vn 0.805246 0.484127 -0.342345
vn 0.732619 0.557933 -0.389847
vn 0.592032 0.692979 -0.411435
vn 0.483948 0.762502 -0.429400
vn 0.316955 0.841531 -0.437454
vn 0.226544 0.862169 -0.453146
vn 0.214341 0.882671 -0.418271
vn 0.226053 0.898065 -0.377331
vn 0.217675 0.913102 -0.344763
vn 0.250804 0.911126 -0.327027
vn 0.181640 0.916192 -0.357210
vn -0.013244 0.916175 -0.400559
vn -0.185680 0.882195 -0.432730
vn -0.400558 0.803674 -0.440069
vn -0.495195 0.766768 -0.408471
vn -0.431910 0.816550 -0.383014
vn -0.374848 0.856466 -0.354900
vn -0.343740 0.870757 -0.351603
vn -0.441423 0.801959 -0.402502
vn -0.624229 0.655655 -0.424800
vn -0.752901 0.502538 -0.424966
vn -0.848873 0.343793 -0.401524
vn -0.867568 0.320744 -0.380065
vn -0.842546 0.382359 -0.379365
vn -0.808027 0.448262 -0.382302
vn -0.812512 0.424099 -0.399956
vn -0.883303 0.226917 -0.410225
vn -0.909332 0.042677 -0.413876
vn -0.900109 -0.176389 -0.398359
vn -0.887203 -0.275154 -0.370352
vn -0.907251 -0.189908 -0.375275
vn -0.908945 -0.160839 -0.384644
vn -0.909480 -0.098457 -0.403921
vn -0.887554 -0.182136 -0.423172
vn -0.804305 -0.422739 -0.417595
vn -0.690514 -0.612749 -0.384355
vn -0.531467 -0.786322 -0.315024
vn -0.526389 -0.776831 -0.345614
vn -0.578357 -0.714537 -0.393625
vn -0.654502 -0.623614 -0.427472
vn -0.625457 -0.636766 -0.450924
vn -0.441712 -0.785293 -0.433827
vn -0.242917 -0.889590 -0.386809
vn -0.026440 -0.950503 -0.309589
vn -0.052940 -0.942863 -0.328947
vn -0.111867 -0.927396 -0.356962
vn -0.191915 -0.902810 -0.384841
vn -0.133897 -0.903397 -0.407364
vn 0.094130 -0.912039 -0.399154
vn 0.301214 -0.876743 -0.374957
vn 0.519145 -0.777746 -0.354400
vn 0.570131 -0.741301 -0.354150
vn 0.506479 -0.780748 -0.365939
vn 0.487144 -0.788123 -0.376235
vn 0.437007 -0.810553 -0.389909
vn 0.509719 -0.758229 -0.406541
vn 0.683353 -0.608986 -0.402695
vn 0.795678 -0.462211 -0.391480
vn 0.888205 -0.264121 -0.375940
vn 0.904333 -0.209516 -0.371867
vn 0.875717 -0.292862 -0.383864
vn 0.858780 -0.326754 -0.394624
vn 0.846031 -0.349534 -0.402564
vn 0.880455 -0.224243 -0.417750
vn 0.910361 -0.032626 -0.412526
vn 0.906553 0.118784 -0.405034
vn 0.868025 0.308650 -0.388933
vn 0.841113 0.389069 -0.375705
vn 0.852817 0.388924 -0.348485
vn 0.846730 0.421939 -0.324062
vn 0.832868 0.457924 -0.310863
vn 0.825148 0.475083 -0.305657
vn 0.828879 0.463920 -0.312630
vn 0.762969 0.539366 -0.356319
vn 0.615142 0.685868 -0.388826
vn 0.503024 0.764184 -0.403719
vn 0.351172 0.835615 -0.422405
vn 0.211257 0.882197 -0.420832
vn 0.152609 0.923344 -0.352343
vn 0.202466 0.923368 -0.326188
vn 0.206622 0.923996 -0.321774
vn 0.260651 0.910275 -0.321654
vn 0.207980 0.915768 -0.343675
vn 0.014709 0.926473 -0.376073
vn -0.165740 0.903850 -0.394444
vn -0.418174 0.822081 -0.386412
vn -0.526540 0.770418 -0.359462
vn -0.458147 0.816969 -0.350233
vn -0.385415 0.855065 -0.346870
vn -0.319474 0.881083 -0.348754
vn -0.427326 0.820549 -0.379595
vn -0.631078 0.667508 -0.395187
vn -0.774263 0.503886 -0.382905
vn -0.874416 0.333398 -0.352479
vn -0.884258 0.320675 -0.339492
vn -0.853972 0.389789 -0.344669
vn -0.810612 0.467529 -0.352597
vn -0.816856 0.438104 -0.375248
vn -0.888088 0.235055 -0.395031
vn -0.915150 0.045213 -0.400571
vn -0.902509 -0.194748 -0.384122
vn -0.889046 -0.291912 -0.352681
vn -0.917865 -0.196141 -0.345040
vn -0.927500 -0.151783 -0.341621
vn -0.931009 -0.082315 -0.355593
vn -0.909666 -0.203417 -0.362117
vn -0.817349 -0.460215 -0.346616
vn -0.674671 -0.670689 -0.308214
vn -0.543333 -0.794321 -0.271742
vn -0.581273 -0.743851 -0.329859
vn -0.616820 -0.696151 -0.367296
vn -0.689052 -0.606420 -0.396815
vn -0.625359 -0.661535 -0.413882
vn -0.409358 -0.823170 -0.393467
vn -0.168869 -0.929231 -0.328652
vn -0.002667 -0.966604 -0.256260
vn -0.079978 -0.960580 -0.266252
vn -0.140551 -0.950869 -0.275851
vn -0.223373 -0.930660 -0.289786
vn -0.128049 -0.946044 -0.297664
vn 0.118595 -0.947488 -0.296987
vn 0.312799 -0.901304 -0.299680
vn 0.519507 -0.798702 -0.303623
vn 0.574619 -0.760333 -0.302831
vn 0.512757 -0.801092 -0.308760
vn 0.487231 -0.813874 -0.316569
vn 0.438761 -0.839277 -0.321096
vn 0.526665 -0.780239 -0.337419
vn 0.699755 -0.621757 -0.351798
vn 0.804982 -0.469807 -0.362334
vn 0.890474 -0.270815 -0.365670
vn 0.912098 -0.208879 -0.352770
vn 0.885288 -0.302509 -0.353205
vn 0.872910 -0.340716 -0.349200
vn 0.859419 -0.367913 -0.355020
vn 0.885795 -0.248391 -0.392007
vn 0.942897 -0.040430 -0.330620
vn 0.932834 0.123335 -0.338541
vn 0.888219 0.316318 -0.333183
vn 0.848201 0.401498 -0.345478
vn 0.846739 0.443300 -0.294141
vn 0.856358 0.449363 -0.254411
vn 0.846819 0.471722 -0.245716
vn 0.839848 0.485247 -0.243290
vn 0.856300 0.452682 -0.248653
vn 0.799959 0.530610 -0.280212
vn 0.649981 0.694321 -0.308939
vn 0.532003 0.781905 -0.324958
vn 0.384834 0.861214 -0.331985
vn 0.187097 0.929050 -0.319155
vn 0.131721 0.942785 -0.306278
vn 0.200252 0.928185 -0.313644
vn 0.208369 0.925020 -0.317680
vn 0.271282 0.907201 -0.321547
vn 0.225631 0.912784 -0.340465
vn 0.023070 0.934426 -0.355410
vn -0.172523 0.921901 -0.346891
vn -0.441096 0.839078 -0.318405
vn -0.540872 0.783601 -0.305659
vn -0.457444 0.827003 -0.326820
vn -0.384105 0.858533 -0.339684
vn -0.320955 0.889178 -0.326114
vn -0.437687 0.839193 -0.322776
vn -0.656481 0.684135 -0.317792
vn -0.807878 0.506518 -0.301286
vn -0.902369 0.330156 -0.276997
vn -0.902392 0.329865 -0.277266
vn -0.865695 0.407711 -0.290420
vn -0.816931 0.492182 -0.300634
vn -0.830987 0.456140 -0.318429
vn -0.908894 0.245780 -0.336902
vn -0.935313 0.049902 -0.350283
vn -0.916443 -0.212884 -0.338839
vn -0.897315 -0.313071 -0.311147
vn -0.929823 -0.211646 -0.301056
vn -0.945119 -0.144309 -0.293131
vn -0.946972 -0.070362 -0.313518
vn -0.920716 -0.232847 -0.313152
vn -0.822103 -0.483277 -0.300983
vn -0.658081 -0.702794 -0.270202
vn -0.563337 -0.791385 -0.237405
vn -0.622068 -0.737838 -0.261968
vn -0.663805 -0.683756 -0.303053
vn -0.723521 -0.600522 -0.340426
vn -0.627655 -0.695403 -0.349949
vn -0.386104 -0.859589 -0.334710
vn -0.114763 -0.949426 -0.292267
vn 0.016066 -0.969594 -0.244190
vn -0.075368 -0.969442 -0.233458
vn -0.143276 -0.965821 -0.216013
vn -0.226186 -0.954198 -0.195820
vn -0.136678 -0.967867 -0.211073
vn 0.106812 -0.962589 -0.249027
vn 0.301869 -0.913134 -0.273972
vn 0.521885 -0.808694 -0.271387
vn 0.587759 -0.768384 -0.253230
vn 0.523846 -0.816964 -0.241154
vn 0.495280 -0.835455 -0.238145
vn 0.444104 -0.863479 -0.239114
vn 0.527602 -0.807249 -0.264548
vn 0.701171 -0.648446 -0.296440
vn 0.808247 -0.496282 -0.316924
vn 0.906223 -0.277522 -0.318969
vn 0.932452 -0.201248 -0.300055
vn 0.910941 -0.296075 -0.287273
vn 0.899138 -0.344412 -0.270059
vn 0.879539 -0.393806 -0.267072
vn 0.910286 -0.282621 -0.302498
vn 0.970026 -0.059245 -0.235667
vn 0.960403 0.124739 -0.249130
vn 0.917652 0.295596 -0.265590
vn 0.860952 0.428905 -0.273500
vn 0.837446 0.500744 -0.218951
vn 0.860924 0.467002 -0.201790
vn 0.854586 0.481798 -0.193787
vn 0.848464 0.497773 -0.179807
vn 0.875871 0.451101 -0.171342
vn 0.828170 0.529835 -0.182781
vn 0.681910 0.699921 -0.212389
vn 0.555581 0.799343 -0.228868
vn 0.400031 0.888231 -0.225879
vn 0.198751 0.953122 -0.228160
vn 0.143718 0.961282 -0.235123
vn 0.210077 0.947119 -0.242555
vn 0.218001 0.944074 -0.247385
vn 0.289435 0.921318 -0.259616
vn 0.235408 0.931288 -0.278003
vn 0.006905 0.961657 -0.274168
vn -0.205369 0.947586 -0.244755
vn -0.465055 0.859803 -0.210860
vn -0.540532 0.814492 -0.210778
vn -0.447531 0.861531 -0.239751
vn -0.399721 0.882330 -0.248430
vn -0.352177 0.907544 -0.228771
vn -0.468839 0.855838 -0.218472
vn -0.683713 0.697298 -0.215205
vn -0.829206 0.515138 -0.216911
vn -0.917007 0.336780 -0.213720
vn -0.915946 0.340060 -0.213077
vn -0.881335 0.421870 -0.212778
vn -0.829042 0.515158 -0.217490
vn -0.844277 0.478826 -0.240670
vn -0.929797 0.262376 -0.258139
vn -0.964740 0.055546 -0.257276
vn -0.943432 -0.232781 -0.236113
vn -0.917421 -0.334679 -0.215243
vn -0.949115 -0.227544 -0.217726
vn -0.963645 -0.121263 -0.238082
vn -0.958096 -0.056019 -0.280916
vn -0.925658 -0.264928 -0.270129
vn -0.824623 -0.513117 -0.238136
vn -0.643374 -0.742533 -0.186319
vn -0.571457 -0.805599 -0.156357
vn -0.660454 -0.729132 -0.179354
vn -0.715456 -0.662175 -0.222817
vn -0.754904 -0.602656 -0.258699
vn -0.632001 -0.728645 -0.263916
vn -0.377125 -0.891491 -0.251039
vn -0.088447 -0.971115 -0.221612
vn 0.029335 -0.978319 -0.205018
vn -0.052266 -0.980225 -0.190859
vn -0.117728 -0.979917 -0.160944
vn -0.227449 -0.962559 -0.147469
vn -0.165989 -0.970909 -0.172578
vn 0.075863 -0.974727 -0.210125
vn 0.291429 -0.927547 -0.233937
vn 0.531670 -0.813579 -0.235405
vn 0.609712 -0.762604 -0.216070
vn 0.542519 -0.817004 -0.195390
vn 0.505385 -0.844356 -0.177900
vn 0.444776 -0.880194 -0.165630
vn 0.518649 -0.834738 -0.184976
vn 0.699682 -0.679049 -0.222119
vn 0.816019 -0.521962 -0.248332
vn 0.923644 -0.284223 -0.257099
vn 0.950416 -0.191617 -0.244935
vn 0.934457 -0.277674 -0.222906
vn 0.920788 -0.336016 -0.198099
vn 0.893441 -0.410564 -0.182210
vn 0.928258 -0.311461 -0.203295
vn 0.988139 -0.084682 -0.128105
vn 0.982213 0.116684 -0.147113
vn 0.946216 0.275636 -0.169410
vn 0.872196 0.451425 -0.188389
vn 0.834421 0.523144 -0.173384
vn 0.862105 0.482767 -0.153982
vn 0.854510 0.502434 -0.131807
vn 0.849669 0.514311 -0.116391
vn 0.880818 0.462903 -0.099398
vn 0.845692 0.524176 -0.100221
vn 0.706842 0.696715 -0.122322
vn 0.566709 0.812934 -0.134087
vn 0.409987 0.901054 -0.141465
vn 0.203859 0.969809 -0.133834
vn 0.144448 0.982758 -0.115416
vn 0.217738 0.969437 -0.113061
vn 0.238272 0.963125 -0.124967
vn 0.320424 0.934104 -0.157413
vn 0.236544 0.956297 -0.171882
vn -0.026825 0.989844 -0.139604
vn -0.246835 0.965054 -0.087990
vn -0.488769 0.871194 -0.046107
vn -0.535156 0.842928 -0.055500
vn -0.442852 0.892821 -0.082176
vn -0.415472 0.905630 -0.084955
vn -0.359424 0.927900 -0.099077
vn -0.477010 0.870594 -0.120532
vn -0.687457 0.713003 -0.137948
vn -0.837396 0.527261 -0.144097
vn -0.933183 0.336865 -0.125269
vn -0.930544 0.344096 -0.125242
vn -0.894041 0.429017 -0.128975
vn -0.833046 0.535846 -0.137488
vn -0.854861 0.494660 -0.156604
vn -0.952575 0.259638 -0.158707
vn -0.989502 0.039599 -0.138985
vn -0.961578 -0.252703 -0.107278
vn -0.936568 -0.333081 -0.109075
vn -0.967687 -0.207328 -0.143513
vn -0.981226 -0.074319 -0.177968
vn -0.977663 -0.058136 -0.201979
vn -0.934279 -0.311697 -0.173114
vn -0.820548 -0.554624 -0.138178
vn -0.630577 -0.768948 -0.105320
vn -0.576867 -0.811514 -0.093113
vn -0.686474 -0.719312 -0.106504
vn -0.753949 -0.643928 -0.130065
vn -0.779918 -0.604070 -0.163789
vn -0.627869 -0.764229 -0.147423
vn -0.373894 -0.918742 -0.126953
vn -0.092223 -0.987269 -0.129592
vn 0.028556 -0.989404 -0.142350
vn -0.029818 -0.990497 -0.134263
vn -0.107403 -0.985524 -0.131176
vn -0.230212 -0.965298 -0.123301
vn -0.172532 -0.979223 -0.106562
vn 0.056120 -0.991473 -0.117607
vn 0.278895 -0.950417 -0.137571
vn 0.528342 -0.832397 -0.167244
vn 0.613836 -0.764202 -0.197991
vn 0.571792 -0.801029 -0.177220
vn 0.529724 -0.836315 -0.141312
vn 0.454974 -0.883611 -0.110585
vn 0.515715 -0.851793 -0.092125
vn 0.681134 -0.719350 -0.136354
vn 0.811959 -0.552922 -0.187081
vn 0.929829 -0.298856 -0.214715
vn 0.961178 -0.178195 -0.210674
vn 0.949993 -0.251006 -0.185767
vn 0.935303 -0.315884 -0.159452
vn 0.906860 -0.403349 -0.122126
vn 0.939818 -0.325433 -0.104093
vn 0.993808 -0.107818 -0.026857
vn 0.993771 0.088860 -0.067250
vn 0.963390 0.244208 -0.110647
vn 0.882960 0.452307 -0.125700
vn 0.832659 0.542521 -0.111128
vn 0.856683 0.508537 -0.086512
vn 0.851795 0.520390 -0.060322
vn 0.848661 0.526586 -0.049814
vn 0.879705 0.473678 -0.041812
vn 0.851984 0.521836 -0.042550
vn 0.727010 0.682052 -0.079128
vn 0.581739 0.804965 -0.116667
vn 0.407748 0.905825 -0.114990
vn 0.176292 0.982172 -0.065268
vn 0.133929 0.990352 -0.035583
vn 0.222194 0.974499 -0.031338
vn 0.270403 0.961126 -0.055845
vn 0.355008 0.927528 -0.116880
vn 0.200176 0.975130 -0.095139
vn -0.077590 0.996385 -0.034597
vn -0.289870 0.956984 0.012554
vn -0.505056 0.860426 0.067707
vn -0.505759 0.861484 0.045298
vn -0.436863 0.899328 0.018981
vn -0.399272 0.916811 -0.006317
vn -0.338034 0.940308 -0.039413
vn -0.474752 0.879226 -0.039659
vn -0.691900 0.721341 -0.030680
vn -0.852281 0.522760 -0.018419
vn -0.943037 0.332683 0.001883
vn -0.934541 0.355813 -0.005570
vn -0.896955 0.441514 -0.023161
vn -0.830122 0.555743 -0.045255
vn -0.860736 0.505268 -0.061955
vn -0.964342 0.254993 -0.070867
vn -0.997775 0.017303 -0.064392
vn -0.964334 -0.258942 -0.054863
vn -0.946677 -0.316257 -0.061518
vn -0.979238 -0.189509 -0.071972
vn -0.995128 -0.048847 -0.085641
vn -0.993173 -0.074167 -0.090034
vn -0.937539 -0.340156 -0.072898
vn -0.818405 -0.570303 -0.070475
vn -0.623658 -0.779387 -0.060051
vn -0.580960 -0.811914 -0.057280
vn -0.695068 -0.716301 -0.061587
vn -0.775183 -0.628043 -0.068222
vn -0.782257 -0.619666 -0.063936
vn -0.614145 -0.788250 -0.038582
vn -0.381913 -0.923046 -0.046142
vn -0.117482 -0.990572 -0.070458
vn 0.002924 -0.990902 -0.134556
vn -0.011344 -0.992392 -0.122596
vn -0.102095 -0.989707 -0.100283
vn -0.202682 -0.976907 -0.067624
vn -0.138890 -0.990251 0.010575
vn 0.023333 -0.999542 -0.019289
vn 0.246778 -0.966033 -0.076687
vn 0.489623 -0.863293 -0.122453
vn 0.596458 -0.781329 -0.183747
vn 0.618261 -0.774129 -0.135931
vn 0.561071 -0.823142 -0.087389
vn 0.492626 -0.869115 -0.044264
vn 0.525768 -0.850503 0.014558
vn 0.637327 -0.769297 -0.044686
vn 0.798630 -0.592774 -0.103966
vn 0.936824 -0.323156 -0.133905
vn 0.968531 -0.183179 -0.168503
vn 0.968305 -0.212875 -0.130648
vn 0.954826 -0.285143 -0.083675
vn 0.928937 -0.368427 -0.036585
vn 0.947156 -0.320720 -0.005799
vn 0.988268 -0.151560 0.018848
vn 0.998207 0.055001 -0.023622
vn 0.973010 0.227318 -0.039732
vn 0.888264 0.457395 -0.042153
vn 0.829196 0.557969 -0.033235
vn 0.844442 0.535613 -0.005975
vn 0.847750 0.530331 0.008305
vn 0.848579 0.529020 0.007188
vn 0.884524 0.466370 -0.010817
vn 0.867830 0.494428 -0.049110
vn 0.748268 0.657886 -0.085335
vn 0.585497 0.806383 -0.083303
vn 0.375238 0.925397 -0.053264
vn 0.143688 0.989519 -0.014328
vn 0.129279 0.991535 -0.012050
vn 0.229489 0.973225 -0.012934
vn 0.324223 0.945011 -0.042818
vn 0.367417 0.926343 -0.083034
vn 0.138977 0.989945 -0.026362
vn -0.111787 0.993593 0.016620
vn -0.341613 0.938288 0.054008
vn -0.514634 0.852733 0.089439
vn -0.467095 0.883150 0.043231
vn -0.415055 0.909753 0.008853
vn -0.371098 0.928325 -0.022359
vn -0.328776 0.942574 -0.058824
vn -0.505690 0.862517 -0.018488
vn -0.701558 0.712232 0.023286
vn -0.865265 0.497781 0.059421
vn -0.942414 0.320678 0.094981
vn -0.922459 0.379514 0.070977
vn -0.886034 0.461871 0.040231
vn -0.822558 0.568137 0.024884
vn -0.856242 0.516458 0.010950
vn -0.964539 0.263928 -0.002702
vn -0.999616 0.020938 -0.018152
vn -0.965623 -0.258859 -0.023756
vn -0.947639 -0.318903 -0.016756
vn -0.982456 -0.186228 -0.009912
vn -0.998987 -0.044763 -0.004708
vn -0.996609 -0.082172 -0.004363
vn -0.940172 -0.340625 -0.007090
vn -0.818368 -0.574694 -0.000891
vn -0.625254 -0.780421 -0.000363
vn -0.588002 -0.808625 -0.019469
vn -0.696242 -0.717143 -0.030865
vn -0.772820 -0.634323 -0.019591
vn -0.761601 -0.647307 0.030948
vn -0.620062 -0.783497 0.040685
vn -0.405407 -0.914106 0.007503
vn -0.182534 -0.981889 -0.050741
vn -0.012929 -0.995066 -0.098364
vn 0.030460 -0.998196 -0.051730
vn -0.080725 -0.996319 -0.028834
vn -0.133422 -0.990933 0.015806
vn -0.128777 -0.989625 0.063712
vn -0.037417 -0.999222 0.012447
vn 0.223397 -0.974711 -0.005652
vn 0.433675 -0.899330 -0.055959
vn 0.605063 -0.788974 -0.106861
vn 0.664875 -0.744489 -0.060646
vn 0.594844 -0.803735 -0.013043
vn 0.546585 -0.836251 0.043921
vn 0.517591 -0.852148 0.077088
vn 0.591283 -0.806248 0.018669
vn 0.785997 -0.618091 -0.013140
vn 0.928991 -0.367203 -0.046238
vn 0.978275 -0.187410 -0.088636
vn 0.986791 -0.157851 -0.036418
vn 0.966970 -0.254867 -0.003576
vn 0.939842 -0.340966 0.020965
vn 0.947905 -0.313575 0.056105
vn 0.979487 -0.194123 0.054049
vn 0.998117 0.044380 0.042339
vn 0.973223 0.225641 0.043848
vn 0.884630 0.462842 0.056632
vn 0.822443 0.566095 0.055894
vn 0.838276 0.542525 0.054412
vn 0.844567 0.532132 0.059515
vn 0.858788 0.510558 0.042590
vn 0.896180 0.443385 0.016487
vn 0.877622 0.479220 0.011254
vn 0.743576 0.667754 0.034635
vn 0.576263 0.815850 0.048065
vn 0.355417 0.933048 0.055675
vn 0.131950 0.988061 0.079531
vn 0.143726 0.988074 0.055257
vn 0.238409 0.970790 0.026975
vn 0.355857 0.934475 0.011049
vn 0.343946 0.938853 0.016001
vn 0.090425 0.993298 0.071989
vn -0.122019 0.989066 0.082825
vn -0.367047 0.926465 0.083300
vn -0.498333 0.862644 0.086656
vn -0.435746 0.898325 0.056015
vn -0.390286 0.920171 0.031010
vn -0.328542 0.944468 -0.006291
vn -0.328225 0.943258 -0.050330
vn -0.554123 0.832409 -0.006530
vn -0.725664 0.687432 0.029125
vn -0.886511 0.456460 0.075786
vn -0.941887 0.320722 0.099927
vn -0.908784 0.410483 0.074934
vn -0.879689 0.471690 0.060468
vn -0.813626 0.580076 0.039039
vn -0.851433 0.523803 0.026301
vn -0.962656 0.268687 0.033185
vn -0.998722 0.025973 0.043348
vn -0.961913 -0.266090 0.062602
vn -0.943651 -0.324073 0.067083
vn -0.978523 -0.193765 0.070336
vn -0.996245 -0.046359 0.073126
vn -0.995241 -0.075755 0.061286
vn -0.935717 -0.346602 0.065577
vn -0.813490 -0.577226 0.071030
vn -0.643758 -0.764093 0.041692
vn -0.602815 -0.797724 0.015818
vn -0.695305 -0.718612 0.012159
vn -0.739229 -0.671476 0.051584
vn -0.737411 -0.667485 0.103384
vn -0.647130 -0.759150 0.070100
vn -0.434724 -0.899939 0.033531
vn -0.227212 -0.973784 0.010973
vn -0.002260 -0.999932 -0.011429
vn 0.044532 -0.998911 -0.013886
vn -0.061863 -0.998085 -0.000004
vn -0.080881 -0.995968 0.038811
vn -0.126653 -0.987935 0.089129
vn -0.041331 -0.992683 0.113458
vn 0.185731 -0.979312 0.080322
vn 0.373749 -0.927376 0.016869
vn 0.611212 -0.791297 -0.016373
vn 0.691389 -0.722457 -0.006028
vn 0.632292 -0.773805 0.037841
vn 0.577369 -0.814107 0.062248
vn 0.499700 -0.862781 0.076873
vn 0.570597 -0.818096 0.071688
vn 0.776706 -0.626185 0.067973
vn 0.913073 -0.403833 0.056720
vn 0.983115 -0.180462 0.030303
vn 0.990452 -0.126717 0.054289
vn 0.968882 -0.237014 0.071362
vn 0.947274 -0.307365 0.090547
vn 0.941845 -0.320975 0.099519
vn 0.971644 -0.206120 0.115857
vn 0.990228 0.050363 0.130047
vn 0.960551 0.237707 0.144350
vn 0.879580 0.456147 0.135162
vn 0.819127 0.559627 0.125890
vn 0.832927 0.539068 0.125056
vn 0.849301 0.517827 0.102685
vn 0.862983 0.497737 0.086705
vn 0.890541 0.444062 0.098720
vn 0.863305 0.491521 0.114508
vn 0.725931 0.673194 0.140835
vn 0.565616 0.810089 0.154385
vn 0.321239 0.930176 0.177705
vn 0.135119 0.972139 0.191545
vn 0.194899 0.971505 0.134881
vn 0.258033 0.961748 0.091975
vn 0.355047 0.930821 0.086680
vn 0.313732 0.944473 0.097688
vn 0.079145 0.990729 0.110417
vn -0.121196 0.986151 0.113216
vn -0.381668 0.914949 0.131142
vn -0.487824 0.861321 0.141966
vn -0.405064 0.907655 0.109931
vn -0.367543 0.927224 0.071881
vn -0.281889 0.958818 0.034738
vn -0.330689 0.943721 0.005925
vn -0.575370 0.817236 0.032774
vn -0.748486 0.659481 0.069663
vn -0.900234 0.423622 0.100619
vn -0.939064 0.325458 0.110615
vn -0.899445 0.426552 0.095139
vn -0.868007 0.491931 0.067591
vn -0.804085 0.592941 0.043221
vn -0.858507 0.507851 0.071086
vn -0.962821 0.241806 0.120439
vn -0.986926 -0.006148 0.161059
vn -0.948757 -0.269106 0.165654
vn -0.940344 -0.309550 0.141180
vn -0.972334 -0.192858 0.131802
vn -0.991652 -0.037067 0.123502
vn -0.989478 -0.071567 0.125745
vn -0.929575 -0.344893 0.130147
vn -0.821412 -0.559387 0.111215
vn -0.652875 -0.751557 0.094424
vn -0.602986 -0.792032 0.095358
vn -0.678123 -0.726848 0.108820
vn -0.711130 -0.693117 0.117825
vn -0.744146 -0.657591 0.117561
vn -0.668118 -0.737363 0.099573
vn -0.443024 -0.891459 0.095031
vn -0.251744 -0.965101 0.072150
vn -0.025278 -0.999221 0.030309
vn 0.023523 -0.998979 -0.038563
vn -0.004973 -0.999952 0.008477
vn -0.020708 -0.995899 0.088074
vn -0.090851 -0.986753 0.134407
vn -0.027851 -0.980054 0.196772
vn 0.113454 -0.982831 0.145506
vn 0.344365 -0.933268 0.102092
vn 0.597370 -0.798272 0.076883
vn 0.686836 -0.726622 0.016658
vn 0.665616 -0.744032 0.058060
vn 0.596832 -0.794996 0.108504
vn 0.505634 -0.853864 0.123494
vn 0.572802 -0.806207 0.148080
vn 0.768748 -0.618973 0.160931
vn 0.895826 -0.419151 0.147673
vn 0.975963 -0.169570 0.136902
vn 0.982080 -0.110145 0.152927
vn 0.958696 -0.223744 0.175613
vn 0.938979 -0.304628 0.159751
vn 0.927474 -0.351605 0.127149
vn 0.955325 -0.192642 0.224151
vn 0.970644 0.056272 0.233847
vn 0.945655 0.231076 0.228779
vn 0.864211 0.449649 0.225731
vn 0.806674 0.548395 0.220316
vn 0.841299 0.508426 0.183628
vn 0.856936 0.493742 0.147916
vn 0.850561 0.503533 0.151662
vn 0.885910 0.441808 0.141309
vn 0.850859 0.503288 0.150799
vn 0.704987 0.683763 0.188311
vn 0.539526 0.811824 0.223278
vn 0.287935 0.926814 0.241058
vn 0.159841 0.959777 0.230822
vn 0.241270 0.950872 0.193987
vn 0.272221 0.947380 0.168423
vn 0.362743 0.920815 0.143237
vn 0.310461 0.941449 0.131482
vn 0.068894 0.986156 0.150830
vn -0.135096 0.977475 0.162148
vn -0.396889 0.903589 0.161266
vn -0.469271 0.870782 0.146704
vn -0.370044 0.920754 0.123612
vn -0.342197 0.933330 0.108610
vn -0.250854 0.964987 0.076628
vn -0.350032 0.932232 0.091764
vn -0.600865 0.785613 0.147559
vn -0.756344 0.627009 0.186559
vn -0.893956 0.401723 0.198648
vn -0.924265 0.340601 0.172412
vn -0.882354 0.452365 0.129685
vn -0.854569 0.508643 0.104856
vn -0.809373 0.577002 0.109468
vn -0.871057 0.468229 0.148395
vn -0.961169 0.210855 0.178030
vn -0.982057 -0.019009 0.187624
vn -0.949610 -0.257217 0.179112
vn -0.941080 -0.294153 0.166861
vn -0.969298 -0.185863 0.160985
vn -0.985412 -0.042653 0.164752
vn -0.976813 -0.083393 0.197188
vn -0.919760 -0.330136 0.212253
vn -0.815047 -0.541701 0.205566
vn -0.641438 -0.742067 0.194664
vn -0.588954 -0.785018 0.192043
vn -0.665001 -0.718074 0.205291
vn -0.695182 -0.686530 0.213067
vn -0.732178 -0.642750 0.225364
vn -0.657086 -0.717608 0.230818
vn -0.454597 -0.865538 0.210202
vn -0.285440 -0.944470 0.162788
vn -0.105594 -0.991347 0.077984
vn 0.014230 -0.999880 0.006113
vn 0.078265 -0.994353 0.071671
vn 0.025042 -0.991967 0.123997
vn -0.013938 -0.981395 0.191492
vn -0.025170 -0.967647 0.251048
vn 0.057497 -0.975687 0.211491
vn 0.313074 -0.933045 0.177233
vn 0.543231 -0.832485 0.108940
vn 0.687708 -0.723184 0.063740
vn 0.709500 -0.692744 0.129288
vn 0.609002 -0.775240 0.167692
vn 0.520281 -0.828432 0.207383
vn 0.572257 -0.784015 0.240505
vn 0.748702 -0.619174 0.236790
vn 0.878670 -0.417613 0.231384
vn 0.962014 -0.153274 0.225911
vn 0.969736 -0.089804 0.227038
vn 0.946432 -0.231423 0.225190
vn 0.922819 -0.326639 0.204238
vn 0.911802 -0.356730 0.203374
vn 0.944365 -0.188153 0.269766
vn 0.959790 0.055057 0.275266
vn 0.931280 0.231271 0.281479
vn 0.849012 0.447946 0.280221
vn 0.812327 0.520881 0.262313
vn 0.850013 0.468815 0.240187
vn 0.849529 0.478784 0.221509
vn 0.850326 0.486320 0.201093
vn 0.897024 0.419292 0.139794
vn 0.824740 0.536409 0.179081
vn 0.670326 0.701197 0.242870
vn 0.506880 0.814606 0.281941
vn 0.268363 0.915537 0.299622
vn 0.183968 0.942271 0.279788
vn 0.263493 0.931038 0.252467
vn 0.288921 0.928262 0.234209
vn 0.379895 0.901967 0.205271
vn 0.298849 0.930710 0.210875
vn 0.061371 0.972454 0.224871
vn -0.129583 0.966165 0.223010
vn -0.392056 0.892822 0.221723
vn -0.452432 0.867344 0.207413
vn -0.364359 0.908029 0.206702
vn -0.315544 0.929621 0.190358
vn -0.228646 0.964081 0.135164
vn -0.400779 0.894295 0.199031
vn -0.618809 0.739228 0.265740
vn -0.752148 0.592051 0.289395
vn -0.867925 0.383678 0.315433
vn -0.881856 0.396201 0.255645
vn -0.857184 0.472569 0.204731
vn -0.839643 0.509160 0.189092
vn -0.805909 0.567102 0.170016
vn -0.873487 0.446075 0.195032
vn -0.955272 0.195548 0.221849
vn -0.972366 -0.026617 0.231939
vn -0.939563 -0.254951 0.228518
vn -0.933849 -0.284104 0.217280
vn -0.958025 -0.185749 0.218370
vn -0.970703 -0.068489 0.230314
vn -0.959683 -0.104776 0.260825
vn -0.905554 -0.322502 0.275616
vn -0.808141 -0.525785 0.265438
vn -0.638988 -0.730003 0.242466
vn -0.572819 -0.784586 0.237284
vn -0.643227 -0.720536 0.259010
vn -0.669841 -0.688360 0.278340
vn -0.713482 -0.636757 0.292378
vn -0.631129 -0.695331 0.343790
vn -0.494287 -0.811778 0.310961
vn -0.335651 -0.909263 0.246129
vn -0.182028 -0.965356 0.186959
vn 0.019782 -0.990468 0.136314
vn 0.096165 -0.990926 0.093902
vn 0.093077 -0.984189 0.150696
vn 0.062407 -0.971613 0.228195
vn -0.026677 -0.963109 0.267786
vn 0.045886 -0.950051 0.308702
vn 0.241380 -0.935358 0.258536
vn 0.490883 -0.847140 0.203439
vn 0.693614 -0.700470 0.168050
vn 0.731675 -0.654849 0.189274
vn 0.639949 -0.727442 0.247575
vn 0.538787 -0.794874 0.279079
vn 0.562572 -0.773881 0.290897
vn 0.730307 -0.616147 0.294981
vn 0.864492 -0.416748 0.281025
vn 0.953470 -0.156549 0.257656
vn 0.965270 -0.095322 0.243246
vn 0.940172 -0.239793 0.242025
vn 0.915081 -0.314047 0.252984
vn 0.902317 -0.345822 0.257353
vn 0.939591 -0.182059 0.289866
vn 0.951372 0.058001 0.302534
vn 0.922772 0.238425 0.302730
vn 0.841395 0.449161 0.300514
vn 0.807840 0.508417 0.298172
vn 0.841608 0.448827 0.300417
vn 0.842717 0.453626 0.289918
vn 0.873677 0.422626 0.240988
vn 0.893646 0.406596 0.189935
vn 0.773054 0.582186 0.251888
vn 0.625871 0.719014 0.302168
vn 0.464403 0.817439 0.340768
vn 0.253372 0.898772 0.357787
vn 0.219620 0.919981 0.324656
vn 0.276997 0.912753 0.300257
vn 0.303437 0.909111 0.285383
vn 0.386392 0.884425 0.261711
vn 0.286626 0.919301 0.269688
vn 0.051735 0.954849 0.292552
vn -0.146174 0.935935 0.320403
vn -0.381772 0.861985 0.333515
vn -0.421894 0.851489 0.311402
vn -0.343478 0.891840 0.294353
vn -0.258252 0.931145 0.257439
vn -0.233838 0.945378 0.227111
vn -0.454642 0.838004 0.301746
vn -0.623645 0.709233 0.328717
vn -0.766253 0.534151 0.357126
vn -0.844197 0.386731 0.371174
vn -0.832919 0.455493 0.314280
vn -0.828278 0.486721 0.277592
vn -0.815790 0.519992 0.253169
vn -0.795392 0.560502 0.230627
vn -0.871160 0.402029 0.281873
vn -0.930967 0.174879 0.320497
vn -0.943135 -0.034471 0.330617
vn -0.916712 -0.242334 0.317667
vn -0.913703 -0.269670 0.304013
vn -0.934186 -0.184654 0.305287
vn -0.948140 -0.082160 0.307050
vn -0.939329 -0.112154 0.324165
vn -0.895612 -0.305446 0.323390
vn -0.807099 -0.505304 0.305383
vn -0.641313 -0.716013 0.275761
vn -0.573370 -0.781601 0.245657
vn -0.629265 -0.733632 0.256536
vn -0.650057 -0.704847 0.283931
vn -0.654622 -0.674245 0.341853
vn -0.607456 -0.686049 0.400418
vn -0.535389 -0.758062 0.372425
vn -0.362812 -0.863804 0.349586
vn -0.227131 -0.924045 0.307493
vn -0.052138 -0.971453 0.231430
vn 0.089920 -0.982691 0.161967
vn 0.175044 -0.960548 0.216119
vn 0.117226 -0.955242 0.271609
vn 0.045040 -0.938425 0.342535
vn 0.041888 -0.917360 0.395849
vn 0.166602 -0.918958 0.357435
vn 0.440853 -0.836333 0.325878
vn 0.670703 -0.682190 0.291161
vn 0.732726 -0.615322 0.290672
vn 0.648940 -0.696194 0.306905
vn 0.541873 -0.782759 0.306041
vn 0.556927 -0.769946 0.311472
vn 0.713885 -0.637379 0.290028
vn 0.862086 -0.430596 0.267196
vn 0.954221 -0.156686 0.254778
vn 0.964260 -0.103859 0.243753
vn 0.940222 -0.234837 0.246644
vn 0.917140 -0.307654 0.253385
vn 0.902721 -0.340838 0.262533
vn 0.922648 -0.169566 0.346365
vn 0.934821 0.054317 0.350940
vn 0.905396 0.237958 0.351616
vn 0.822578 0.448896 0.349082
vn 0.793551 0.502369 0.343370
vn 0.829732 0.440306 0.343039
vn 0.842258 0.427216 0.328768
vn 0.881294 0.365495 0.299557
vn 0.863888 0.408003 0.295350
vn 0.724197 0.598373 0.342766
vn 0.582659 0.721857 0.373404
vn 0.421859 0.817903 0.391242
vn 0.246202 0.880483 0.405136
vn 0.253413 0.891144 0.376356
vn 0.288358 0.889843 0.353596
vn 0.322613 0.886986 0.330420
vn 0.388612 0.868029 0.309042
vn 0.263694 0.904149 0.336124
vn 0.025913 0.931059 0.363946
vn -0.178935 0.903375 0.389737
vn -0.381185 0.826305 0.414630
vn -0.376362 0.843621 0.382955
vn -0.317972 0.878831 0.355737
vn -0.211677 0.920630 0.328076
vn -0.250162 0.912320 0.324177
vn -0.470890 0.802374 0.366687
vn -0.622017 0.679091 0.389782
vn -0.773619 0.491325 0.400142
vn -0.823588 0.413637 0.388081
vn -0.797843 0.481233 0.363126
vn -0.797752 0.495038 0.344281
vn -0.782033 0.530615 0.326913
vn -0.783803 0.532740 0.319125
vn -0.860919 0.344183 0.374642
vn -0.907104 0.155106 0.391286
vn -0.921544 -0.037173 0.386492
vn -0.900000 -0.231327 0.369443
vn -0.896469 -0.258677 0.359763
vn -0.913139 -0.183128 0.364200
vn -0.923742 -0.094828 0.371092
vn -0.911636 -0.113514 0.395011
vn -0.880698 -0.270765 0.388661
vn -0.794669 -0.475178 0.377765
vn -0.647412 -0.678722 0.346691
vn -0.574803 -0.759956 0.303426
vn -0.594182 -0.737625 0.320714
vn -0.604713 -0.713965 0.352954
vn -0.591038 -0.707054 0.388263
vn -0.601340 -0.682539 0.415367
vn -0.536652 -0.729232 0.424530
vn -0.386737 -0.825869 0.410336
vn -0.265901 -0.886564 0.378551
vn -0.119766 -0.932276 0.341346
vn 0.090743 -0.948951 0.302088
vn 0.202714 -0.933973 0.294282
vn 0.173155 -0.928082 0.329669
vn 0.118639 -0.918934 0.376145
vn 0.035879 -0.914382 0.403260
vn 0.137566 -0.901452 0.410439
vn 0.401427 -0.822373 0.403185
vn 0.645087 -0.668786 0.369579
vn 0.718339 -0.607160 0.339625
vn 0.639017 -0.690235 0.339459
vn 0.536107 -0.775814 0.332719
vn 0.540175 -0.766672 0.347023
vn 0.676449 -0.659130 0.328578
vn 0.846825 -0.429074 0.314297
vn 0.942438 -0.159846 0.293702
vn 0.954414 -0.107832 0.278329
vn 0.932385 -0.226501 0.281702
vn 0.910738 -0.286165 0.297768
vn 0.893202 -0.313591 0.322258
vn 0.894362 -0.161770 0.417069
vn 0.899880 0.056813 0.432422
vn 0.866533 0.238282 0.438569
vn 0.793568 0.432918 0.427589
vn 0.779219 0.477539 0.405923
vn 0.821482 0.416638 0.389334
vn 0.831024 0.407517 0.378587
vn 0.860420 0.348402 0.371879
vn 0.816081 0.417006 0.400148
vn 0.672582 0.594038 0.441307
vn 0.552320 0.701341 0.450625
vn 0.378029 0.806003 0.455470
vn 0.246602 0.856563 0.453308
vn 0.279959 0.858928 0.428796
vn 0.304382 0.861223 0.406996
vn 0.340496 0.859779 0.380581
vn 0.384141 0.852157 0.355337
vn 0.223887 0.887435 0.402906
vn 0.004730 0.899401 0.437098
vn -0.219584 0.861366 0.458073
vn -0.364097 0.810263 0.459247
vn -0.326524 0.842197 0.429053
vn -0.288486 0.866137 0.408144
vn -0.188669 0.904470 0.382541
vn -0.265718 0.875305 0.404023
vn -0.476759 0.760978 0.440015
vn -0.617163 0.642547 0.454139
vn -0.758054 0.471979 0.450101
vn -0.796118 0.422826 0.432914
vn -0.765599 0.479151 0.429270
vn -0.764895 0.480065 0.429505
vn -0.740373 0.524006 0.421030
vn -0.759607 0.489480 0.428260
vn -0.833127 0.319405 0.451530
vn -0.879744 0.157301 0.448672
vn -0.902490 -0.026563 0.429891
vn -0.892177 -0.217749 0.395735
vn -0.887687 -0.256554 0.382350
vn -0.898163 -0.190581 0.396210
vn -0.899725 -0.124190 0.418416
vn -0.885823 -0.118718 0.448580
vn -0.852466 -0.249135 0.459601
vn -0.764774 -0.445692 0.465274
vn -0.642548 -0.624222 0.444386
vn -0.562795 -0.721563 0.403247
vn -0.544361 -0.727268 0.418033
vn -0.565590 -0.700905 0.434557
vn -0.556713 -0.704380 0.440363
vn -0.581369 -0.679879 0.446962
vn -0.522189 -0.710331 0.471963
vn -0.408320 -0.787612 0.461457
vn -0.280415 -0.850898 0.444229
vn -0.141862 -0.889668 0.434011
vn 0.068368 -0.908671 0.411878
vn 0.189552 -0.910234 0.368162
vn 0.208366 -0.900244 0.382289
vn 0.150686 -0.903113 0.402095
vn 0.053361 -0.906625 0.418551
vn 0.134667 -0.886413 0.442874
vn 0.372151 -0.815531 0.443184
vn 0.613992 -0.673376 0.411799
vn 0.697537 -0.610966 0.374383
vn 0.631192 -0.675457 0.381254
vn 0.542563 -0.739141 0.399119
vn 0.520108 -0.742098 0.422822
vn 0.630026 -0.654201 0.418436
vn 0.806705 -0.417971 0.417764
vn 0.907744 -0.170587 0.383278
vn 0.927918 -0.116582 0.354086
vn 0.909220 -0.208498 0.360343
vn 0.890690 -0.255275 0.376172
vn 0.872982 -0.287548 0.393979
vn 0.851643 -0.147956 0.502805
vn 0.855134 0.063431 0.514512
vn 0.824746 0.232234 0.515617
vn 0.767930 0.404555 0.496608
vn 0.760745 0.440029 0.477117
vn 0.793349 0.385938 0.470797
vn 0.795111 0.384294 0.469166
vn 0.815410 0.340749 0.467972
vn 0.757734 0.422939 0.496952
vn 0.632436 0.576364 0.517522
vn 0.526236 0.672964 0.519802
vn 0.350779 0.782593 0.514297
vn 0.255976 0.827588 0.499574
vn 0.299229 0.823926 0.481256
vn 0.321958 0.826407 0.461946
vn 0.358353 0.820220 0.445895
vn 0.355506 0.825066 0.439184
vn 0.166039 0.855756 0.490013
vn -0.016484 0.858967 0.511765
vn -0.236977 0.825103 0.512882
vn -0.339156 0.795483 0.502176
vn -0.292103 0.820325 0.491674
vn -0.252294 0.845175 0.471198
vn -0.181540 0.869869 0.458663
vn -0.276678 0.829382 0.485361
vn -0.469115 0.723402 0.506578
vn -0.603168 0.610482 0.513322
vn -0.732480 0.459359 0.502456
vn -0.766924 0.419000 0.486072
vn -0.741388 0.461258 0.487426
vn -0.738400 0.462444 0.490827
vn -0.711054 0.506857 0.487339
vn -0.734405 0.457169 0.501642
vn -0.799303 0.308399 0.515756
vn -0.841653 0.166699 0.513646
vn -0.868501 0.003491 0.495676
vn -0.862808 -0.192154 0.467589
vn -0.852850 -0.252715 0.456926
vn -0.860677 -0.203122 0.466880
vn -0.862092 -0.156969 0.481829
vn -0.854265 -0.131184 0.503012
vn -0.821734 -0.241671 0.516090
vn -0.737869 -0.427779 0.522067
vn -0.645643 -0.576398 0.500910
vn -0.549752 -0.694617 0.463982
vn -0.508170 -0.719119 0.473952
vn -0.549202 -0.682398 0.482401
vn -0.538340 -0.688369 0.486147
vn -0.542119 -0.674926 0.500582
vn -0.501046 -0.687155 0.526089
vn -0.424497 -0.744564 0.515196
vn -0.274981 -0.811102 0.516236
vn -0.145810 -0.846966 0.511260
vn 0.028934 -0.871765 0.489069
vn 0.173220 -0.873069 0.455791
vn 0.220563 -0.856296 0.467021
vn 0.157176 -0.865924 0.474839
vn 0.071279 -0.873752 0.481120
vn 0.136678 -0.853940 0.502101
vn 0.342330 -0.792228 0.505158
vn 0.569827 -0.668373 0.478095
vn 0.665615 -0.609974 0.429987
vn 0.629585 -0.633279 0.450089
vn 0.548219 -0.686620 0.477503
vn 0.501244 -0.708803 0.496340
vn 0.589614 -0.624291 0.512461
vn 0.753674 -0.415577 0.509187
vn 0.860210 -0.190230 0.473129
vn 0.885828 -0.121690 0.447772
vn 0.869200 -0.183797 0.459032
vn 0.853039 -0.221055 0.472714
vn 0.834554 -0.253471 0.489154
vn 0.811896 -0.141694 0.566346
vn 0.814758 0.065596 0.576078
vn 0.792497 0.218156 0.569523
vn 0.743709 0.378990 0.550694
vn 0.729419 0.415607 0.543340
vn 0.747902 0.368504 0.552130
vn 0.748089 0.362502 0.555837
vn 0.761646 0.329816 0.557779
vn 0.710687 0.408138 0.573016
vn 0.602472 0.549100 0.579238
vn 0.497985 0.644447 0.580258
vn 0.337091 0.750449 0.568503
vn 0.266150 0.792735 0.548394
vn 0.303000 0.783384 0.542679
vn 0.303523 0.779625 0.547776
vn 0.348717 0.761060 0.546978
vn 0.317423 0.774678 0.546915
vn 0.134427 0.811074 0.569288
vn -0.027001 0.816641 0.576514
vn -0.233151 0.787378 0.570680
vn -0.316234 0.767971 0.556972
vn -0.259056 0.794575 0.549127
vn -0.226457 0.811495 0.538696
vn -0.179332 0.827861 0.531495
vn -0.278210 0.785319 0.553058
vn -0.456586 0.682561 0.570648
vn -0.580069 0.578859 0.573099
vn -0.698038 0.449780 0.557172
vn -0.733687 0.412288 0.540113
vn -0.715810 0.441940 0.540653
vn -0.712603 0.442443 0.544465
vn -0.686152 0.478541 0.547900
vn -0.703765 0.420312 0.572759
vn -0.757695 0.300230 0.579448
vn -0.796343 0.160264 0.583226
vn -0.810457 0.011321 0.585688
vn -0.804130 -0.169928 0.569649
vn -0.801312 -0.230595 0.552018
vn -0.811389 -0.195212 0.550944
vn -0.815638 -0.168310 0.553540
vn -0.816514 -0.134637 0.561408
vn -0.793083 -0.225753 0.565733
vn -0.728453 -0.400872 0.555570
vn -0.654292 -0.535240 0.534248
vn -0.532026 -0.675579 0.510433
vn -0.490337 -0.711690 0.503058
vn -0.528290 -0.675503 0.514398
vn -0.504855 -0.678345 0.533826
vn -0.491818 -0.670663 0.555272
vn -0.486547 -0.662372 0.569680
vn -0.415706 -0.705609 0.573851
vn -0.269222 -0.769410 0.579247
vn -0.149159 -0.803391 0.576467
vn 0.003123 -0.821598 0.570058
vn 0.170907 -0.814454 0.554486
vn 0.213537 -0.808266 0.548733
vn 0.154485 -0.820692 0.550090
vn 0.080771 -0.830563 0.551036
vn 0.130751 -0.815358 0.563999
vn 0.307546 -0.768368 0.561272
vn 0.512616 -0.671570 0.534994
vn 0.635842 -0.587120 0.500994
vn 0.629683 -0.570238 0.527568
vn 0.546605 -0.626964 0.555103
vn 0.486531 -0.662903 0.569076
vn 0.551983 -0.592616 0.586618
vn 0.695420 -0.409399 0.590579
vn 0.798013 -0.196564 0.569683
vn 0.828034 -0.115809 0.548588
vn 0.814382 -0.156416 0.558852
vn 0.804480 -0.195627 0.560841
vn 0.795104 -0.241165 0.556462
vn 0.764572 -0.131371 0.631009
vn 0.768663 0.057767 0.637040
vn 0.749508 0.197425 0.631871
vn 0.702861 0.353990 0.616990
vn 0.685780 0.397822 0.609462
vn 0.703462 0.355244 0.615583
vn 0.703083 0.349097 0.619521
vn 0.714404 0.318411 0.623090
vn 0.670376 0.382513 0.635831
vn 0.570355 0.513156 0.641378
vn 0.475849 0.606232 0.637221
vn 0.328891 0.709936 0.622754
vn 0.259777 0.749078 0.609425
vn 0.277702 0.738546 0.614355
vn 0.279019 0.737123 0.615466
vn 0.341374 0.718604 0.605864
vn 0.294517 0.733177 0.612953
vn 0.119478 0.766746 0.630734
vn -0.033747 0.769636 0.637591
vn -0.224540 0.741890 0.631808
vn -0.285549 0.734587 0.615503
vn -0.231076 0.758726 0.609048
vn -0.206812 0.769052 0.604804
vn -0.174453 0.777465 0.604246
vn -0.273299 0.729433 0.627085
vn -0.433578 0.635043 0.639320
vn -0.545027 0.546690 0.635669
vn -0.653305 0.435136 0.619555
vn -0.689546 0.396005 0.606388
vn -0.677862 0.413953 0.607573
vn -0.676879 0.410878 0.610749
vn -0.658464 0.424868 0.621218
vn -0.664251 0.383201 0.641816
vn -0.706109 0.291523 0.645310
vn -0.744764 0.141104 0.652240
vn -0.759421 0.011989 0.650489
vn -0.761261 -0.146132 0.631765
vn -0.758425 -0.210653 0.616779
vn -0.762230 -0.184090 0.620577
vn -0.761568 -0.170111 0.625361
vn -0.769369 -0.124531 0.626549
vn -0.751997 -0.193395 0.630158
vn -0.696212 -0.352322 0.625426
vn -0.621440 -0.484056 0.616037
vn -0.509498 -0.624307 0.592160
vn -0.470000 -0.673812 0.570156
vn -0.481320 -0.657932 0.579185
vn -0.457201 -0.662229 0.593649
vn -0.449038 -0.657704 0.604806
vn -0.465647 -0.639281 0.611958
vn -0.395979 -0.672513 0.625241
vn -0.256438 -0.727619 0.636246
vn -0.137428 -0.754258 0.642034
vn -0.002554 -0.768378 0.639992
vn 0.155624 -0.763369 0.626937
vn 0.191569 -0.766143 0.613454
vn 0.147572 -0.776263 0.612893
vn 0.087076 -0.784989 0.613360
vn 0.116332 -0.775616 0.620393
vn 0.272178 -0.732178 0.624367
vn 0.454465 -0.642525 0.616946
vn 0.599494 -0.535085 0.595223
vn 0.613577 -0.514313 0.599171
vn 0.540250 -0.573120 0.616168
vn 0.475944 -0.618160 0.625584
vn 0.521726 -0.554083 0.648687
vn 0.642626 -0.392021 0.658295
vn 0.739475 -0.199503 0.642943
vn 0.777779 -0.116280 0.617688
vn 0.773522 -0.147220 0.616433
vn 0.765539 -0.187728 0.615392
vn 0.753410 -0.228153 0.616700
vn 0.708301 -0.118722 0.695855
vn 0.709541 0.051433 0.702785
vn 0.693759 0.175826 0.698415
vn 0.654616 0.321802 0.684048
vn 0.642884 0.369013 0.671215
vn 0.658353 0.336894 0.673107
vn 0.654125 0.337290 0.677020
vn 0.665069 0.308112 0.680258
vn 0.622877 0.359686 0.694730
vn 0.533289 0.471015 0.702672
vn 0.445523 0.555218 0.702312
vn 0.306722 0.650839 0.694500
vn 0.241377 0.690012 0.682364
vn 0.261867 0.685179 0.679673
vn 0.274717 0.688094 0.671608
vn 0.324652 0.674104 0.663465
vn 0.258487 0.686171 0.679966
vn 0.095766 0.708999 0.698676
vn -0.041582 0.709004 0.703977
vn -0.202768 0.691390 0.693444
vn -0.248295 0.692407 0.677438
vn -0.208975 0.707842 0.674752
vn -0.196238 0.709461 0.676873
vn -0.176725 0.707551 0.684208
vn -0.259794 0.663924 0.701221
vn -0.398070 0.582982 0.708288
vn -0.495810 0.507570 0.704660
vn -0.596010 0.409423 0.690757
vn -0.633842 0.370718 0.678832
vn -0.627546 0.382763 0.677996
vn -0.632413 0.377376 0.676492
vn -0.628923 0.368254 0.684722
vn -0.624132 0.351245 0.697916
vn -0.651976 0.269445 0.708750
vn -0.689832 0.134219 0.711419
vn -0.710191 0.027258 0.703481
vn -0.715046 -0.123396 0.688101
vn -0.711555 -0.196896 0.674478
vn -0.711196 -0.182577 0.678871
vn -0.708642 -0.171367 0.684441
vn -0.716204 -0.121507 0.687232
vn -0.692201 -0.171124 0.701124
vn -0.638318 -0.305326 0.706630
vn -0.574212 -0.422994 0.700968
vn -0.483748 -0.548402 0.682087
vn -0.447997 -0.609971 0.653631
vn -0.429175 -0.621018 0.655855
vn -0.416996 -0.623136 0.661676
vn -0.408001 -0.624149 0.666313
vn -0.425503 -0.606478 0.671663
vn -0.361904 -0.630752 0.686423
vn -0.233489 -0.677717 0.697268
vn -0.125028 -0.702231 0.700885
vn 0.002276 -0.712512 0.701656
vn 0.137385 -0.708170 0.692546
vn 0.166142 -0.712002 0.682239
vn 0.136555 -0.720135 0.680264
vn 0.087426 -0.729862 0.677981
vn 0.108417 -0.718749 0.686764
vn 0.245301 -0.671528 0.699198
vn 0.402054 -0.593898 0.696877
vn 0.546411 -0.494247 0.676132
vn 0.576314 -0.473747 0.665902
vn 0.521835 -0.521397 0.675154
vn 0.466545 -0.559485 0.685064
vn 0.494382 -0.508690 0.704855
vn 0.592702 -0.373195 0.713744
vn 0.681072 -0.210419 0.701331
vn 0.728022 -0.132602 0.672608
vn 0.728743 -0.132519 0.671843
vn 0.715017 -0.164479 0.679483
vn 0.702674 -0.205069 0.681319
vn 0.641697 -0.102330 0.760101
vn 0.643226 0.040799 0.764589
vn 0.631258 0.151649 0.760602
vn 0.599566 0.281394 0.749225
vn 0.588452 0.329037 0.738552
vn 0.597163 0.309839 0.739862
vn 0.591753 0.315145 0.741966
vn 0.600469 0.293003 0.744034
vn 0.562267 0.335675 0.755764
vn 0.483191 0.428195 0.763660
vn 0.399606 0.502892 0.766429
vn 0.280469 0.586229 0.760048
vn 0.228851 0.622162 0.748694
vn 0.250422 0.617522 0.745624
vn 0.258761 0.618263 0.742154
vn 0.285356 0.608403 0.740553
vn 0.214642 0.620761 0.754046
vn 0.073162 0.639911 0.764959
vn -0.040671 0.642132 0.765514
vn -0.172553 0.631233 0.756155
vn -0.211125 0.631977 0.745675
vn -0.189280 0.639037 0.745523
vn -0.189027 0.636608 0.747662
vn -0.173618 0.637347 0.750764
vn -0.242796 0.599352 0.762776
vn -0.361037 0.528145 0.768580
vn -0.443497 0.467466 0.764713
vn -0.534959 0.381076 0.754056
vn -0.572670 0.344988 0.743662
vn -0.569075 0.354353 0.742016
vn -0.578394 0.339550 0.741732
vn -0.585408 0.312261 0.748192
vn -0.578350 0.307694 0.755536
vn -0.596141 0.243668 0.765011
vn -0.628442 0.134878 0.766074
vn -0.646063 0.039831 0.762244
vn -0.651786 -0.097808 0.752070
vn -0.657096 -0.169932 0.734403
vn -0.651528 -0.182788 0.736274
vn -0.648043 -0.169782 0.742438
vn -0.651818 -0.131407 0.746904
vn -0.623763 -0.167516 0.763452
vn -0.582693 -0.263130 0.768916
vn -0.529450 -0.366155 0.765254
vn -0.464983 -0.465432 0.753103
vn -0.410488 -0.537775 0.736408
vn -0.369173 -0.565096 0.737819
vn -0.369246 -0.561704 0.740369
vn -0.358606 -0.565852 0.742437
vn -0.374909 -0.553388 0.743777
vn -0.317634 -0.574046 0.754705
vn -0.207354 -0.612616 0.762696
vn -0.107267 -0.634181 0.765708
vn 0.006086 -0.645167 0.764017
vn 0.117275 -0.645598 0.754619
vn 0.140384 -0.649568 0.747230
vn 0.119837 -0.655338 0.745769
vn 0.086531 -0.662310 0.744217
vn 0.107790 -0.649881 0.752353
vn 0.222624 -0.606686 0.763132
vn 0.352857 -0.542177 0.762585
vn 0.484619 -0.452575 0.748546
vn 0.519205 -0.430771 0.738148
vn 0.485751 -0.459318 0.743689
vn 0.443854 -0.493636 0.747875
vn 0.461074 -0.458432 0.759770
vn 0.538767 -0.349281 0.766637
vn 0.611354 -0.226058 0.758383
vn 0.656326 -0.135205 0.742264
vn 0.661238 -0.104519 0.742859
vn 0.650556 -0.140011 0.746440
vn 0.640335 -0.177331 0.747345
vn 0.565136 -0.086486 0.820452
vn 0.565151 0.029541 0.824458
vn 0.554724 0.125394 0.822531
vn 0.527653 0.237991 0.815440
vn 0.515578 0.283538 0.808570
vn 0.519958 0.272694 0.809495
vn 0.514837 0.280274 0.810179
vn 0.521748 0.266016 0.810564
vn 0.492247 0.300231 0.817040
vn 0.423405 0.379583 0.822585
vn 0.350763 0.445438 0.823742
vn 0.252249 0.516121 0.818529
vn 0.210451 0.545812 0.811048
vn 0.225672 0.540162 0.810739
vn 0.225816 0.539817 0.810929
vn 0.242159 0.532867 0.810809
vn 0.176740 0.544884 0.819673
vn 0.060062 0.562447 0.824649
vn -0.036094 0.565830 0.823731
vn -0.145412 0.556924 0.817736
vn -0.177007 0.556313 0.811901
vn -0.165153 0.560526 0.811502
vn -0.172405 0.558341 0.811500
vn -0.161524 0.560464 0.812275
vn -0.221109 0.526533 0.820898
vn -0.315836 0.471240 0.823517
vn -0.387005 0.419023 0.821369
vn -0.467118 0.342992 0.814958
vn -0.501162 0.311301 0.807420
vn -0.500552 0.312291 0.807417
vn -0.511544 0.290514 0.808656
vn -0.522863 0.262473 0.811001
vn -0.519569 0.263648 0.812735
vn -0.531963 0.217647 0.818318
vn -0.556470 0.127074 0.821093
vn -0.570379 0.043400 0.820234
vn -0.578238 -0.061140 0.813574
vn -0.579296 -0.142335 0.802594
vn -0.569823 -0.177143 0.802447
vn -0.570559 -0.160545 0.805411
vn -0.568957 -0.144398 0.809591
vn -0.553933 -0.159504 0.817139
vn -0.525688 -0.222665 0.821019
vn -0.473608 -0.313980 0.822868
vn -0.419867 -0.388074 0.820433
vn -0.351089 -0.462979 0.813871
vn -0.316630 -0.493226 0.810231
vn -0.317746 -0.490761 0.811290
vn -0.309996 -0.495588 0.811354
vn -0.321030 -0.488148 0.811574
vn -0.271622 -0.505837 0.818749
vn -0.179387 -0.537506 0.823959
vn -0.092024 -0.556957 0.825427
vn 0.001691 -0.569014 0.822326
vn 0.096008 -0.571985 0.814626
vn 0.117557 -0.574330 0.810139
vn 0.103875 -0.576145 0.810720
vn 0.082502 -0.580561 0.810026
vn 0.102664 -0.570721 0.814701
vn 0.197673 -0.532867 0.822787
vn 0.304433 -0.478549 0.823597
vn 0.418095 -0.401782 0.814720
vn 0.452712 -0.379217 0.806998
vn 0.432503 -0.397542 0.809260
vn 0.401755 -0.430140 0.808439
vn 0.415846 -0.405202 0.814177
vn 0.477313 -0.316264 0.819847
vn 0.531953 -0.216568 0.818611
vn 0.571647 -0.115613 0.812313
vn 0.580393 -0.087275 0.809647
vn 0.572662 -0.117400 0.811342
vn 0.565597 -0.144983 0.811837
vn 0.478550 -0.070261 0.875245
vn 0.476031 0.023579 0.879112
vn 0.466243 0.100977 0.878875
vn 0.443325 0.195390 0.874806
vn 0.432558 0.235630 0.870271
vn 0.435084 0.229326 0.870696
vn 0.430130 0.237670 0.870919
vn 0.437272 0.227148 0.870171
vn 0.412784 0.256132 0.874075
vn 0.353888 0.321506 0.878292
vn 0.295314 0.375020 0.878720
vn 0.215198 0.433424 0.875119
vn 0.182163 0.457389 0.870409
vn 0.189190 0.454248 0.870555
vn 0.186250 0.454718 0.870944
vn 0.197765 0.449854 0.870931
vn 0.143040 0.459553 0.876556
vn 0.050437 0.473241 0.879488
vn -0.031542 0.476016 0.878871
vn -0.119986 0.469569 0.874705
vn -0.142730 0.469439 0.871353
vn -0.136371 0.471647 0.871179
vn -0.147146 0.468494 0.871126
vn -0.143105 0.469234 0.871401
vn -0.188641 0.443612 0.876141
vn -0.262880 0.399101 0.878415
vn -0.322558 0.353738 0.877967
vn -0.386867 0.293465 0.874192
vn -0.416444 0.266264 0.869297
vn -0.421707 0.258713 0.869040
vn -0.432286 0.239087 0.869463
vn -0.443267 0.216921 0.869747
vn -0.442472 0.218766 0.869690
vn -0.451760 0.182857 0.873199
vn -0.469569 0.110373 0.875970
vn -0.479872 0.041480 0.876357
vn -0.483958 -0.035208 0.874383
vn -0.479746 -0.119281 0.869262
vn -0.476252 -0.151938 0.866082
vn -0.477946 -0.140924 0.867011
vn -0.475937 -0.140145 0.868242
vn -0.472334 -0.140580 0.870136
vn -0.444885 -0.189785 0.875248
vn -0.399500 -0.263532 0.878038
vn -0.355181 -0.320987 0.877960
vn -0.293549 -0.386120 0.874494
vn -0.266245 -0.413421 0.870745
vn -0.267812 -0.412489 0.870707
vn -0.260101 -0.417945 0.870442
vn -0.264669 -0.414606 0.870662
vn -0.224440 -0.428724 0.875113
vn -0.149738 -0.453661 0.878504
vn -0.078907 -0.469657 0.879316
vn -0.004003 -0.479590 0.877484
vn 0.076320 -0.481971 0.872857
vn 0.096760 -0.483280 0.870102
vn 0.088522 -0.484066 0.870542
vn 0.072551 -0.488072 0.869783
vn 0.093213 -0.479082 0.872807
vn 0.170277 -0.446470 0.878448
vn 0.253737 -0.402783 0.879422
vn 0.346581 -0.340560 0.874014
vn 0.377169 -0.321019 0.868729
vn 0.363144 -0.335856 0.869096
vn 0.341491 -0.361202 0.867708
vn 0.354445 -0.340195 0.870997
vn 0.402397 -0.266982 0.875670
vn 0.445628 -0.183307 0.876250
vn 0.479482 -0.094315 0.872469
vn 0.488051 -0.073513 0.869714
vn 0.482790 -0.094753 0.870595
vn 0.478960 -0.114552 0.870331
vn 0.432948 -0.056456 0.899649
vn 0.429679 0.023883 0.902666
vn 0.421210 0.089368 0.902550
vn 0.400443 0.174074 0.899635
vn 0.391128 0.209793 0.896106
vn 0.391737 0.207865 0.896289
vn 0.388274 0.214259 0.896290
vn 0.394138 0.205854 0.895700
vn 0.368274 0.236092 0.899241
vn 0.316787 0.292577 0.902244
vn 0.266560 0.338397 0.902460
vn 0.196861 0.389533 0.899727
vn 0.169111 0.409851 0.896339
vn 0.169897 0.409595 0.896307
vn 0.165105 0.411429 0.896363
vn 0.173023 0.408281 0.896309
vn 0.123255 0.416891 0.900561
vn 0.043274 0.427642 0.902912
vn -0.030780 0.429547 0.902520
vn -0.105139 0.425031 0.899052
vn -0.123318 0.425249 0.896636
vn -0.122256 0.425299 0.896757
vn -0.133980 0.421629 0.896816
vn -0.132386 0.422467 0.896658
vn -0.172350 0.400089 0.900125
vn -0.237951 0.358966 0.902509
vn -0.288974 0.320053 0.902253
vn -0.342334 0.271050 0.899633
vn -0.370049 0.245170 0.896078
vn -0.381799 0.229269 0.895358
vn -0.390074 0.214805 0.895378
vn -0.400624 0.193858 0.895500
vn -0.400550 0.194005 0.895501
vn -0.408847 0.161036 0.898282
vn -0.423138 0.099257 0.900612
vn -0.431225 0.037816 0.901452
vn -0.433800 -0.026676 0.900614
vn -0.429165 -0.104307 0.897183
vn -0.427387 -0.133640 0.894137
vn -0.428611 -0.128664 0.894281
vn -0.425115 -0.135499 0.894940
vn -0.424246 -0.133515 0.895650
vn -0.399707 -0.176154 0.899558
vn -0.359264 -0.240596 0.901689
vn -0.322276 -0.288447 0.901630
vn -0.266983 -0.346870 0.899111
vn -0.244779 -0.370778 0.895883
vn -0.244009 -0.371945 0.895610
vn -0.232336 -0.379019 0.895748
vn -0.233483 -0.377533 0.896077
vn -0.198656 -0.389582 0.899312
vn -0.133107 -0.410703 0.902001
vn -0.071488 -0.424227 0.902730
vn -0.005066 -0.432158 0.901784
vn 0.067064 -0.433548 0.898632
vn 0.081600 -0.435499 0.896483
vn 0.078485 -0.436614 0.896219
vn 0.067588 -0.439441 0.895725
vn 0.092583 -0.429220 0.898442
vn 0.159551 -0.400462 0.902316
vn 0.229682 -0.362751 0.903138
vn 0.309153 -0.309397 0.899277
vn 0.333999 -0.294330 0.895441
vn 0.323181 -0.306746 0.895244
vn 0.308731 -0.323702 0.894373
vn 0.322247 -0.302432 0.897046
vn 0.364023 -0.236134 0.900960
vn 0.401091 -0.163727 0.901287
vn 0.431725 -0.086125 0.897884
vn 0.439836 -0.068761 0.895442
vn 0.436325 -0.083054 0.895948
vn 0.433922 -0.099896 0.895395
vn 0.626682 -0.071990 0.775943
vn 0.625991 0.030986 0.779214
vn 0.613813 0.127598 0.779072
vn 0.584104 0.245339 0.773713
vn 0.568506 0.297871 0.766860
vn 0.565384 0.302356 0.767412
vn 0.559088 0.310541 0.768755
vn 0.563569 0.300419 0.769505
vn 0.529911 0.344336 0.775001
vn 0.460403 0.425575 0.779047
vn 0.387080 0.492551 0.779463
vn 0.291546 0.561198 0.774634
vn 0.250463 0.588507 0.768718
vn 0.248714 0.589656 0.768406
vn 0.239161 0.594106 0.768010
vn 0.241578 0.591744 0.769077
vn 0.169731 0.606234 0.776963
vn 0.056839 0.622332 0.780687
vn -0.042133 0.625424 0.779146
vn -0.140677 0.619181 0.772545
vn -0.171647 0.616895 0.768100
vn -0.174729 0.615757 0.768318
vn -0.193040 0.610111 0.768440
vn -0.194870 0.608257 0.769447
vn -0.254537 0.576118 0.776724
vn -0.343483 0.523235 0.779900
vn -0.413960 0.471671 0.778565
vn -0.481500 0.413075 0.772999
vn -0.530117 0.362979 0.766304
vn -0.555703 0.325608 0.764967
vn -0.564127 0.308270 0.765983
vn -0.579612 0.275047 0.767071
vn -0.579522 0.273235 0.767787
vn -0.592082 0.229687 0.772452
vn -0.613640 0.142576 0.776607
vn -0.625404 0.055428 0.778330
vn -0.629046 -0.032400 0.776692
vn -0.621510 -0.141195 0.770577
vn -0.617725 -0.183810 0.764611
vn -0.615767 -0.188397 0.765074
vn -0.608276 -0.205477 0.766668
vn -0.608298 -0.199991 0.768100
vn -0.576692 -0.258890 0.774856
vn -0.522444 -0.349819 0.777611
vn -0.471931 -0.416454 0.777076
vn -0.398527 -0.494713 0.772292
vn -0.365132 -0.529465 0.765732
vn -0.353911 -0.537407 0.765468
vn -0.329879 -0.551248 0.766359
vn -0.326826 -0.550670 0.768080
vn -0.281203 -0.566849 0.774343
vn -0.190507 -0.597354 0.779022
vn -0.104472 -0.616740 0.780204
vn -0.002695 -0.626931 0.779070
vn 0.089749 -0.627252 0.773628
vn 0.100698 -0.631104 0.769134
vn 0.108533 -0.631254 0.767945
vn 0.101166 -0.632458 0.767960
vn 0.144260 -0.617047 0.773591
vn 0.241862 -0.576803 0.780257
vn 0.336698 -0.524934 0.781715
vn 0.437842 -0.456485 0.774542
vn 0.468987 -0.438007 0.766942
vn 0.459229 -0.449995 0.765907
vn 0.447399 -0.462146 0.765673
vn 0.470475 -0.428266 0.771519
vn 0.530253 -0.337600 0.777727
vn 0.580439 -0.243312 0.777104
vn 0.623014 -0.135353 0.770411
vn 0.635191 -0.105767 0.765078
vn 0.631476 -0.118573 0.766276
vn 0.626681 -0.130613 0.768252
vn 0.971036 -0.109908 0.212155
vn 0.974965 0.045939 0.217561
vn 0.956152 0.194823 0.218673
vn 0.907476 0.361061 0.214762
vn 0.868983 0.449167 0.207647
vn 0.860684 0.465397 0.206470
vn 0.853761 0.477931 0.206578
vn 0.862178 0.462784 0.206107
vn 0.820267 0.531243 0.211996
vn 0.717281 0.662042 0.217272
vn 0.604537 0.766000 0.218586
vn 0.463562 0.859573 0.215043
vn 0.394601 0.895139 0.207406
vn 0.389486 0.898256 0.203561
vn 0.365622 0.908454 0.202566
vn 0.356627 0.911558 0.204642
vn 0.255719 0.943041 0.212797
vn 0.087945 0.972151 0.217229
vn -0.055710 0.974709 0.216423
vn -0.201065 0.956277 0.212387
vn -0.251216 0.945962 0.205051
vn -0.261267 0.943819 0.202349
vn -0.298075 0.932674 0.203154
vn -0.315710 0.925829 0.207767
vn -0.400072 0.890401 0.217091
vn -0.523960 0.823105 0.219009
vn -0.628336 0.747297 0.216195
vn -0.719561 0.661813 0.210322
vn -0.806438 0.554630 0.205045
vn -0.846010 0.493162 0.202628
vn -0.860814 0.466690 0.202975
vn -0.883781 0.421885 0.202347
vn -0.888313 0.412232 0.202398
vn -0.914108 0.347892 0.208271
vn -0.952794 0.214348 0.215032
vn -0.971912 0.090460 0.217266
vn -0.975481 -0.041182 0.216196
vn -0.956814 -0.198757 0.212139
vn -0.941339 -0.268213 0.204800
vn -0.936313 -0.287070 0.202260
vn -0.926692 -0.317463 0.201144
vn -0.925408 -0.319303 0.204123
vn -0.890218 -0.402980 0.212414
vn -0.815205 -0.537841 0.214866
vn -0.736899 -0.641057 0.214535
vn -0.631059 -0.746498 0.210964
vn -0.565981 -0.798800 0.203922
vn -0.541854 -0.815943 0.201572
vn -0.500601 -0.841988 0.201137
vn -0.484856 -0.850524 0.203772
vn -0.425375 -0.880195 0.210507
vn -0.292040 -0.931459 0.217019
vn -0.160944 -0.962004 0.220557
vn 0.002308 -0.975107 0.221723
vn 0.112884 -0.969684 0.216725
vn 0.130238 -0.969533 0.207468
vn 0.160029 -0.965954 0.203283
vn 0.162674 -0.965413 0.203751
vn 0.239018 -0.947744 0.211309
vn 0.391130 -0.893592 0.220250
vn 0.522775 -0.822883 0.222645
vn 0.654149 -0.724847 0.216069
vn 0.698738 -0.685012 0.206214
vn 0.693595 -0.691301 0.202556
vn 0.686773 -0.698268 0.201903
vn 0.731296 -0.649515 0.208174
vn 0.823286 -0.525527 0.214526
vn 0.895889 -0.388818 0.214949
vn 0.950728 -0.228273 0.209779
vn 0.964551 -0.168829 0.202826
vn 0.963627 -0.173700 0.203106
vn 0.962139 -0.179159 0.205404
vn 0.960187 -0.098055 0.261585
vn 0.961862 0.053123 0.268326
vn 0.943870 0.190930 0.269547
vn 0.900485 0.345521 0.264088
vn 0.864350 0.433681 0.254596
vn 0.853491 0.457292 0.249873
vn 0.845721 0.472491 0.248008
vn 0.847187 0.468098 0.251315
vn 0.802359 0.536403 0.261711
vn 0.703610 0.657723 0.268949
vn 0.598002 0.754956 0.269138
vn 0.468253 0.843419 0.263408
vn 0.403568 0.878830 0.254539
vn 0.391080 0.885531 0.250783
vn 0.361241 0.898558 0.249198
vn 0.343387 0.905293 0.250059
vn 0.236138 0.936212 0.260281
vn 0.083747 0.960427 0.265642
vn -0.052921 0.962933 0.264497
vn -0.185495 0.948132 0.258142
vn -0.235418 0.939172 0.250068
vn -0.259145 0.933180 0.249036
vn -0.301756 0.919718 0.251122
vn -0.329544 0.908828 0.255797
vn -0.404358 0.875726 0.263815
vn -0.516820 0.812891 0.268525
vn -0.612993 0.742877 0.269023
vn -0.701405 0.661540 0.265322
vn -0.792083 0.552379 0.259773
vn -0.834292 0.488961 0.254703
vn -0.850633 0.460063 0.254491
vn -0.872843 0.416387 0.254495
vn -0.880114 0.399576 0.256395
vn -0.906443 0.329802 0.263802
vn -0.941061 0.206628 0.267787
vn -0.959053 0.088521 0.269038
vn -0.962179 -0.040893 0.269332
vn -0.946614 -0.184213 0.264551
vn -0.933278 -0.252158 0.255752
vn -0.927182 -0.277539 0.251606
vn -0.915031 -0.316260 0.250396
vn -0.909294 -0.330134 0.253368
vn -0.874387 -0.408093 0.262503
vn -0.803969 -0.531384 0.266955
vn -0.730060 -0.629323 0.266391
vn -0.633356 -0.728439 0.261220
vn -0.566197 -0.784138 0.254065
vn -0.535178 -0.805788 0.253557
vn -0.491211 -0.833015 0.254554
vn -0.472916 -0.843454 0.254825
vn -0.409374 -0.874560 0.259919
vn -0.278270 -0.922867 0.266236
vn -0.152101 -0.950964 0.269321
vn 0.004510 -0.963214 0.268698
vn 0.092244 -0.960636 0.262049
vn 0.111712 -0.960421 0.255170
vn 0.155225 -0.955122 0.252283
vn 0.168542 -0.952654 0.253067
vn 0.253770 -0.931344 0.261149
vn 0.396305 -0.878488 0.266836
vn 0.514845 -0.814638 0.267019
vn 0.635489 -0.726279 0.262056
vn 0.680137 -0.687589 0.254236
vn 0.683146 -0.685310 0.252312
vn 0.684127 -0.683776 0.253813
vn 0.730573 -0.631052 0.260836
vn 0.815162 -0.514424 0.266230
vn 0.883547 -0.384046 0.268054
vn 0.934965 -0.237182 0.263789
vn 0.950562 -0.175540 0.256160
vn 0.952039 -0.169192 0.254944
vn 0.951998 -0.168103 0.255816
vn 0.945315 -0.082486 0.315556
vn 0.944834 0.060196 0.321972
vn 0.928782 0.183759 0.321864
vn 0.890288 0.326928 0.317027
vn 0.857694 0.411835 0.307820
vn 0.845091 0.441131 0.302035
vn 0.831470 0.467745 0.299788
vn 0.823751 0.478402 0.304247
vn 0.777929 0.543710 0.314971
vn 0.687779 0.650742 0.321705
vn 0.592605 0.738654 0.321263
vn 0.473728 0.822253 0.315409
vn 0.410197 0.858708 0.307179
vn 0.390955 0.868743 0.304038
vn 0.359259 0.882905 0.302345
vn 0.325134 0.895343 0.304382
vn 0.213404 0.925062 0.314195
vn 0.078631 0.944850 0.317924
vn -0.046698 0.947377 0.316697
vn -0.165760 0.936106 0.310209
vn -0.221890 0.926908 0.302665
vn -0.257798 0.918121 0.300989
vn -0.305536 0.902772 0.302739
vn -0.338748 0.889219 0.307472
vn -0.411193 0.854597 0.317149
vn -0.510784 0.797140 0.321975
vn -0.598795 0.733192 0.322295
vn -0.683533 0.655565 0.320964
vn -0.772714 0.550260 0.316427
vn -0.817745 0.484923 0.310068
vn -0.836680 0.452460 0.308619
vn -0.859871 0.406309 0.309086
vn -0.870243 0.381237 0.311986
vn -0.893864 0.316320 0.317725
vn -0.925366 0.201354 0.321177
vn -0.942509 0.083069 0.323691
vn -0.945317 -0.039744 0.323722
vn -0.933240 -0.166510 0.318336
vn -0.922234 -0.231763 0.309469
vn -0.914733 -0.265491 0.304595
vn -0.899421 -0.314132 0.303912
vn -0.889019 -0.339630 0.307077
vn -0.853638 -0.414435 0.315510
vn -0.789171 -0.524473 0.319589
vn -0.722683 -0.613289 0.318756
vn -0.633534 -0.706922 0.314477
vn -0.562800 -0.767313 0.307387
vn -0.521971 -0.795626 0.307450
vn -0.482427 -0.819705 0.308784
vn -0.463198 -0.830863 0.308406
vn -0.392355 -0.864674 0.313683
vn -0.265259 -0.910041 0.318533
vn -0.143665 -0.936229 0.320680
vn 0.001367 -0.947711 0.319127
vn 0.072721 -0.947419 0.311624
vn 0.099708 -0.946433 0.307120
vn 0.151849 -0.939811 0.306101
vn 0.174413 -0.935675 0.306745
vn 0.263308 -0.911995 0.314538
vn 0.392776 -0.862800 0.318280
vn 0.505003 -0.802576 0.317559
vn 0.618064 -0.720768 0.313831
vn 0.661609 -0.683960 0.307363
vn 0.673247 -0.673052 0.306168
vn 0.680010 -0.665457 0.307821
vn 0.725096 -0.612745 0.314293
vn 0.804950 -0.499630 0.320039
vn 0.868896 -0.375837 0.322128
vn 0.915964 -0.245123 0.317686
vn 0.932866 -0.182921 0.310324
vn 0.936443 -0.167867 0.308049
vn 0.937714 -0.160628 0.308043
vn 0.925100 -0.065694 0.373997
vn 0.923718 0.061697 0.378073
vn 0.908361 0.177818 0.378499
vn 0.873631 0.309891 0.375148
vn 0.845659 0.387670 0.366841
vn 0.831752 0.421184 0.361652
vn 0.812181 0.459521 0.359447
vn 0.796889 0.483249 0.362544
vn 0.750799 0.546299 0.371294
vn 0.669805 0.639936 0.376622
vn 0.583620 0.719381 0.376668
vn 0.473374 0.798225 0.372498
vn 0.410541 0.835208 0.365902
vn 0.386142 0.847703 0.363724
vn 0.352594 0.862394 0.363255
vn 0.306331 0.878836 0.365800
vn 0.197356 0.906876 0.372326
vn 0.073543 0.924216 0.374721
vn -0.041483 0.926583 0.373796
vn -0.146124 0.918226 0.368116
vn -0.205253 0.909701 0.360993
vn -0.252026 0.898872 0.358485
vn -0.308983 0.880111 0.360464
vn -0.350363 0.862192 0.365883
vn -0.416415 0.828088 0.375325
vn -0.497661 0.780996 0.377331
vn -0.585880 0.716526 0.378596
vn -0.665931 0.642561 0.379015
vn -0.748531 0.547047 0.374754
vn -0.795462 0.481755 0.367631
vn -0.818683 0.442814 0.365614
vn -0.843440 0.393021 0.366255
vn -0.855178 0.365366 0.367665
vn -0.877181 0.302739 0.372696
vn -0.906130 0.189796 0.378029
vn -0.921678 0.077607 0.380114
vn -0.924607 -0.036106 0.379208
vn -0.915168 -0.149069 0.374494
vn -0.906267 -0.210200 0.366737
vn -0.896598 -0.253947 0.362798
vn -0.878409 -0.311072 0.362811
vn -0.865272 -0.343616 0.365011
vn -0.830582 -0.415018 0.371340
vn -0.771506 -0.514277 0.374564
vn -0.709477 -0.596747 0.374880
vn -0.628919 -0.682634 0.372119
vn -0.554632 -0.747252 0.366057
vn -0.505554 -0.781601 0.365397
vn -0.471952 -0.802111 0.365895
vn -0.450305 -0.814302 0.366248
vn -0.376092 -0.848815 0.371574
vn -0.253983 -0.891401 0.375361
vn -0.134976 -0.916275 0.377124
vn -0.005749 -0.927207 0.374504
vn 0.056203 -0.928404 0.367298
vn 0.093473 -0.926486 0.364537
vn 0.146379 -0.920095 0.363315
vn 0.178643 -0.914314 0.363478
vn 0.270788 -0.888011 0.371633
vn 0.385244 -0.843088 0.375219
vn 0.493843 -0.784579 0.374906
vn 0.599152 -0.709033 0.371873
vn 0.639114 -0.676961 0.365045
vn 0.659387 -0.658489 0.362769
vn 0.671816 -0.645208 0.363827
vn 0.716876 -0.590409 0.370817
vn 0.791388 -0.481527 0.376612
vn 0.849678 -0.368258 0.377403
vn 0.893140 -0.250699 0.373431
vn 0.910731 -0.190003 0.366699
vn 0.916208 -0.167029 0.364232
vn 0.918883 -0.147596 0.365881
vn 0.898268 -0.052774 0.436269
vn 0.895585 0.063554 0.440328
vn 0.880807 0.172395 0.440975
vn 0.850901 0.290943 0.437401
vn 0.826562 0.363172 0.430000
vn 0.810992 0.400854 0.426156
vn 0.786522 0.447638 0.425444
vn 0.766415 0.479520 0.427397
vn 0.720674 0.540906 0.433647
vn 0.647489 0.623982 0.437497
vn 0.567700 0.696835 0.438336
vn 0.466433 0.769963 0.435428
vn 0.406521 0.806478 0.429340
vn 0.377314 0.821637 0.427254
vn 0.340932 0.837366 0.427298
vn 0.288500 0.855196 0.430588
vn 0.183618 0.880909 0.436216
vn 0.069671 0.896558 0.437413
vn -0.035760 0.899321 0.435825
vn -0.128823 0.893085 0.431050
vn -0.189647 0.884508 0.426238
vn -0.245411 0.871293 0.424997
vn -0.306888 0.851131 0.425905
vn -0.358966 0.828665 0.429486
vn -0.411542 0.801066 0.434657
vn -0.483401 0.758226 0.437511
vn -0.571030 0.693072 0.439973
vn -0.644070 0.625911 0.439784
vn -0.719690 0.540260 0.436080
vn -0.767361 0.476025 0.429601
vn -0.795412 0.429302 0.427808
vn -0.820371 0.379612 0.427651
vn -0.833136 0.349519 0.428627
vn -0.855016 0.283802 0.434055
vn -0.880926 0.178184 0.438429
vn -0.895098 0.073899 0.439702
vn -0.898183 -0.032244 0.438438
vn -0.890976 -0.132719 0.434220
vn -0.883123 -0.191021 0.428491
vn -0.870916 -0.244184 0.426472
vn -0.851902 -0.304236 0.426267
vn -0.836476 -0.342403 0.427865
vn -0.801920 -0.410996 0.433597
vn -0.747549 -0.500642 0.436496
vn -0.689098 -0.578114 0.436953
vn -0.617061 -0.655373 0.435571
vn -0.540808 -0.722138 0.431328
vn -0.490612 -0.758734 0.428511
vn -0.458225 -0.779055 0.427906
vn -0.431560 -0.793432 0.429210
vn -0.356706 -0.826430 0.435631
vn -0.240316 -0.865437 0.439622
vn -0.127975 -0.888735 0.440197
vn -0.014432 -0.899237 0.437225
vn 0.041544 -0.901644 0.430480
vn 0.086716 -0.899810 0.427578
vn 0.137826 -0.894052 0.426234
vn 0.182929 -0.885455 0.427208
vn 0.277009 -0.856714 0.435095
vn 0.375761 -0.816398 0.438517
vn 0.481205 -0.758864 0.438826
vn 0.573494 -0.694455 0.434553
vn 0.610689 -0.666641 0.427374
vn 0.639846 -0.640159 0.425199
vn 0.658392 -0.620491 0.426042
vn 0.703938 -0.563360 0.432547
vn 0.771518 -0.461497 0.437928
vn 0.824221 -0.358474 0.438356
vn 0.864406 -0.252612 0.434729
vn 0.882001 -0.194558 0.429211
vn 0.889146 -0.162827 0.427676
vn 0.893441 -0.131461 0.429513
vn 0.862479 -0.039866 0.504521
vn 0.858608 0.066253 0.508333
vn 0.845352 0.163653 0.508526
vn 0.820182 0.268726 0.505062
vn 0.797948 0.338037 0.499010
vn 0.779714 0.381412 0.496559
vn 0.753480 0.431118 0.496393
vn 0.731771 0.466167 0.497192
vn 0.686147 0.526587 0.501905
vn 0.618170 0.602335 0.505033
vn 0.543976 0.669263 0.506139
vn 0.454386 0.734784 0.503613
vn 0.398550 0.770117 0.498074
vn 0.364120 0.788095 0.496310
vn 0.323880 0.805115 0.496882
vn 0.267354 0.823340 0.500633
vn 0.170153 0.845968 0.505357
vn 0.067313 0.859936 0.505945
vn -0.028911 0.863143 0.504132
vn -0.114170 0.858384 0.500143
vn -0.177815 0.849307 0.497050
vn -0.236197 0.835441 0.496236
vn -0.297417 0.815671 0.496210
vn -0.354389 0.791810 0.497438
vn -0.400946 0.767487 0.500206
vn -0.470330 0.723657 0.505084
vn -0.549248 0.664315 0.506964
vn -0.615562 0.603890 0.506360
vn -0.684690 0.526832 0.503634
vn -0.732728 0.463476 0.498297
vn -0.763961 0.412007 0.496602
vn -0.788291 0.364215 0.495929
vn -0.803014 0.328765 0.497073
vn -0.823859 0.262901 0.502135
vn -0.846529 0.167400 0.505337
vn -0.859507 0.070792 0.506198
vn -0.862732 -0.027630 0.504906
vn -0.857127 -0.118201 0.501360
vn -0.849221 -0.176602 0.497630
vn -0.836034 -0.233295 0.496610
vn -0.817583 -0.292437 0.496022
vn -0.799411 -0.336794 0.497506
vn -0.765770 -0.401650 0.502268
vn -0.716490 -0.481671 0.504614
vn -0.660786 -0.554996 0.505314
vn -0.594949 -0.625487 0.504779
vn -0.523007 -0.689130 0.501561
vn -0.474759 -0.725795 0.497820
vn -0.439301 -0.748322 0.497019
vn -0.405379 -0.765920 0.499033
vn -0.331989 -0.796546 0.505269
vn -0.226144 -0.830843 0.508487
vn -0.121408 -0.852575 0.508308
vn -0.023969 -0.862808 0.504964
vn 0.027140 -0.866052 0.499217
vn 0.079479 -0.864062 0.497071
vn 0.129002 -0.858494 0.496333
vn 0.187596 -0.845956 0.499165
vn 0.277728 -0.817250 0.504946
vn 0.363471 -0.781443 0.507184
vn 0.462006 -0.727784 0.506834
vn 0.539531 -0.676278 0.501553
vn 0.578423 -0.647487 0.496174
vn 0.613341 -0.615966 0.494366
vn 0.637671 -0.590017 0.495234
vn 0.683780 -0.530160 0.501374
vn 0.743478 -0.437584 0.505727
vn 0.790423 -0.345823 0.505606
vn 0.827647 -0.249838 0.502575
vn 0.845096 -0.193900 0.498213
vn 0.853512 -0.155815 0.497231
vn 0.858837 -0.116654 0.498789
vn 0.814698 -0.027057 0.579255
vn 0.810589 0.066747 0.581800
vn 0.798904 0.152392 0.581833
vn 0.777289 0.245076 0.579448
vn 0.756809 0.310972 0.574922
vn 0.736923 0.358676 0.572972
vn 0.711452 0.407432 0.572569
vn 0.687718 0.445107 0.573519
vn 0.642904 0.503122 0.577532
vn 0.580140 0.571929 0.579944
vn 0.513255 0.632260 0.580359
vn 0.435638 0.689939 0.578103
vn 0.383383 0.723778 0.573728
vn 0.344689 0.743941 0.572486
vn 0.301081 0.762027 0.573293
vn 0.243245 0.779904 0.576699
vn 0.156078 0.799336 0.580259
vn 0.064489 0.811589 0.580659
vn -0.021684 0.814947 0.579130
vn -0.101127 0.811061 0.576154
vn -0.165399 0.802178 0.573719
vn -0.222635 0.788950 0.572705
vn -0.282590 0.769591 0.572602
vn -0.339087 0.745778 0.573441
vn -0.386454 0.720691 0.575550
vn -0.449949 0.679658 0.579319
vn -0.519219 0.626995 0.580766
vn -0.579374 0.572040 0.580599
vn -0.640728 0.504493 0.578752
vn -0.688411 0.442521 0.574687
vn -0.720990 0.389899 0.572847
vn -0.744709 0.343640 0.572119
vn -0.761308 0.303318 0.573069
vn -0.780535 0.240350 0.577059
vn -0.799981 0.154351 0.579833
vn -0.811416 0.066699 0.580651
vn -0.814601 -0.022686 0.579578
vn -0.810365 -0.104327 0.576563
vn -0.802649 -0.163079 0.573725
vn -0.789949 -0.218805 0.572804
vn -0.771601 -0.277054 0.572602
vn -0.751494 -0.325359 0.573933
vn -0.719809 -0.385149 0.577524
vn -0.674977 -0.456384 0.579758
vn -0.622825 -0.524508 0.580500
vn -0.563541 -0.588360 0.579874
vn -0.498648 -0.646629 0.577254
vn -0.452613 -0.682372 0.574029
vn -0.412896 -0.707441 0.573623
vn -0.374262 -0.727353 0.575227
vn -0.304129 -0.755658 0.580074
vn -0.211148 -0.785111 0.582252
vn -0.114831 -0.805240 0.581723
vn -0.033413 -0.815193 0.578224
vn 0.017228 -0.818242 0.574616
vn 0.073106 -0.815906 0.573545
vn 0.123362 -0.809617 0.573849
vn 0.188003 -0.794817 0.576993
vn 0.268865 -0.768997 0.579961
vn 0.345842 -0.736497 0.581348
vn 0.433298 -0.689333 0.580580
vn 0.499930 -0.646685 0.576080
vn 0.540672 -0.616262 0.572621
vn 0.578237 -0.582297 0.571465
vn 0.607304 -0.550659 0.572676
vn 0.652442 -0.490571 0.577632
vn 0.703781 -0.409743 0.580347
vn 0.745588 -0.327895 0.580159
vn 0.779581 -0.242318 0.577525
vn 0.796889 -0.189312 0.573697
vn 0.806422 -0.146008 0.573032
vn 0.812103 -0.101893 0.574550
vn 0.750479 -0.016552 0.660687
vn 0.746611 0.064265 0.662150
vn 0.736298 0.139305 0.662163
vn 0.717862 0.219514 0.660673
vn 0.699466 0.279991 0.657535
vn 0.679469 0.328544 0.656034
vn 0.654891 0.375789 0.655667
vn 0.629537 0.415142 0.656765
vn 0.587272 0.468655 0.659905
vn 0.531695 0.528830 0.661543
vn 0.473273 0.581785 0.661467
vn 0.406828 0.631916 0.659677
vn 0.358323 0.663758 0.656529
vn 0.317281 0.685085 0.655737
vn 0.271945 0.703555 0.656549
vn 0.216038 0.720284 0.659180
vn 0.140140 0.736597 0.661653
vn 0.060079 0.747110 0.661979
vn -0.015747 0.750216 0.661006
vn -0.088438 0.746850 0.659085
vn -0.149261 0.738908 0.657067
vn -0.204319 0.726492 0.656097
vn -0.261890 0.707879 0.655988
vn -0.315824 0.685032 0.656496
vn -0.362280 0.660258 0.657884
vn -0.419026 0.623107 0.660420
vn -0.479299 0.576701 0.661580
vn -0.532887 0.527402 0.661724
vn -0.585492 0.469736 0.660717
vn -0.630801 0.410918 0.658207
vn -0.662582 0.360984 0.656259
vn -0.685820 0.316033 0.655571
vn -0.703326 0.273308 0.656228
vn -0.720938 0.214088 0.659102
vn -0.737338 0.137958 0.661287
vn -0.747106 0.060985 0.661902
vn -0.750138 -0.017420 0.661052
vn -0.746953 -0.090027 0.658754
vn -0.739776 -0.146886 0.656624
vn -0.727752 -0.200548 0.655864
vn -0.709836 -0.256735 0.655912
vn -0.689233 -0.305681 0.656900
vn -0.659731 -0.360369 0.659461
vn -0.619533 -0.422751 0.661408
vn -0.572876 -0.483266 0.662018
vn -0.520786 -0.539719 0.661426
vn -0.463525 -0.591772 0.659508
vn -0.419728 -0.626092 0.657144
vn -0.378231 -0.652190 0.656955
vn -0.337745 -0.673004 0.658023
vn -0.272618 -0.698690 0.661446
vn -0.192576 -0.723577 0.662836
vn -0.108213 -0.741467 0.662205
vn -0.039095 -0.750834 0.659333
vn 0.011670 -0.753502 0.657342
vn 0.066940 -0.751007 0.656892
vn 0.117633 -0.744359 0.657337
vn 0.180238 -0.729588 0.659709
vn 0.252277 -0.706253 0.661485
vn 0.320346 -0.677401 0.662198
vn 0.395438 -0.637254 0.661465
vn 0.453320 -0.600980 0.658273
vn 0.494071 -0.570397 0.656157
vn 0.532390 -0.535483 0.655606
vn 0.563965 -0.500521 0.656827
vn 0.605633 -0.444160 0.660251
vn 0.649210 -0.374929 0.661782
vn 0.685883 -0.303043 0.661612
vn 0.715783 -0.229867 0.659406
vn 0.732660 -0.179726 0.656436
vn 0.742949 -0.132489 0.656105
vn 0.748654 -0.086128 0.657343
vn 0.664171 -0.008419 0.747533
vn 0.660683 0.059057 0.748338
vn 0.651862 0.122975 0.748300
vn 0.636725 0.189822 0.747361
vn 0.620675 0.243080 0.745436
vn 0.601689 0.289211 0.744532
vn 0.578492 0.333597 0.744352
vn 0.553384 0.372150 0.745165
vn 0.515555 0.419383 0.747209
vn 0.468817 0.469497 0.748187
vn 0.419527 0.514201 0.748060
vn 0.364308 0.556276 0.746885
vn 0.320686 0.585067 0.744887
vn 0.279900 0.606205 0.744427
vn 0.235457 0.624101 0.745022
vn 0.184721 0.639041 0.746662
vn 0.120702 0.652325 0.748267
vn 0.053168 0.660916 0.748574
vn -0.011552 0.663551 0.748042
vn -0.074659 0.660769 0.746867
vn -0.129100 0.653917 0.745470
vn -0.180260 0.642491 0.744790
vn -0.232829 0.625582 0.744605
vn -0.282051 0.604791 0.744765
vn -0.325387 0.581629 0.745541
vn -0.374887 0.548840 0.747151
vn -0.425712 0.509251 0.747953
vn -0.471704 0.466680 0.748134
vn -0.515679 0.418332 0.747712
vn -0.555628 0.366344 0.746371
vn -0.584562 0.321804 0.744801
vn -0.606702 0.279092 0.744325
vn -0.623868 0.236892 0.744762
vn -0.639631 0.182962 0.746590
vn -0.653134 0.118325 0.747941
vn -0.661234 0.053508 0.748269
vn -0.663878 -0.012552 0.747735
vn -0.661326 -0.075192 0.746320
vn -0.654868 -0.127228 0.744957
vn -0.643695 -0.177178 0.744490
vn -0.627153 -0.228719 0.744558
vn -0.607404 -0.275241 0.745186
vn -0.580839 -0.324057 0.746735
vn -0.546280 -0.376881 0.748023
vn -0.506395 -0.428163 0.748492
vn -0.462076 -0.476148 0.748177
vn -0.413455 -0.520630 0.746994
vn -0.373159 -0.552307 0.745460
vn -0.333049 -0.577557 0.745323
vn -0.293037 -0.597946 0.746049
vn -0.235281 -0.620363 0.748193
vn -0.168797 -0.640754 0.748960
vn -0.098798 -0.655766 0.748472
vn -0.039993 -0.664058 0.746611
vn 0.008271 -0.666467 0.745489
vn 0.059778 -0.664018 0.745323
vn 0.108069 -0.657417 0.745737
vn 0.164912 -0.643741 0.747263
vn 0.226389 -0.623672 0.748185
vn 0.284690 -0.598955 0.748468
vn 0.346977 -0.565903 0.747904
vn 0.396263 -0.535308 0.745936
vn 0.434831 -0.506161 0.744797
vn 0.471694 -0.472276 0.744620
vn 0.502997 -0.437351 0.745465
vn 0.539461 -0.387544 0.747524
vn 0.575528 -0.329813 0.748326
vn 0.606450 -0.269318 0.748121
vn 0.631404 -0.209329 0.746666
vn 0.647067 -0.162508 0.744913
vn 0.657359 -0.115168 0.744725
vn 0.662849 -0.069722 0.745500
vn 0.549998 -0.002281 0.835163
vn 0.547111 0.050777 0.835518
vn 0.540005 0.101937 0.835466
vn 0.528191 0.154363 0.834977
vn 0.514767 0.198457 0.834044
vn 0.498024 0.238819 0.833629
vn 0.477666 0.277460 0.833577
vn 0.454976 0.312079 0.834029
vn 0.423614 0.351045 0.835056
vn 0.386858 0.390195 0.835517
vn 0.347731 0.425574 0.835446
vn 0.304476 0.458608 0.834849
vn 0.267547 0.482815 0.833852
vn 0.230497 0.501914 0.833639
vn 0.190775 0.517849 0.833929
vn 0.147902 0.530459 0.834708
vn 0.096623 0.540811 0.835576
vn 0.043339 0.547375 0.835764
vn -0.008430 0.549416 0.835506
vn -0.059402 0.547172 0.834910
vn -0.104929 0.541422 0.834178
vn -0.149071 0.531515 0.833828
vn -0.193462 0.517256 0.833678
vn -0.235299 0.499579 0.833699
vn -0.273102 0.479334 0.834059
vn -0.313861 0.452212 0.834863
vn -0.354269 0.420461 0.835288
vn -0.391293 0.385963 0.835418
vn -0.426244 0.347376 0.835252
vn -0.458314 0.305545 0.834620
vn -0.482698 0.267985 0.833778
vn -0.502226 0.230144 0.833548
vn -0.517608 0.192001 0.833797
vn -0.530894 0.146349 0.834705
vn -0.541475 0.095018 0.835330
vn -0.547797 0.043593 0.835475
vn -0.549824 -0.008869 0.835234
vn -0.547709 -0.059499 0.834550
vn -0.542126 -0.103762 0.833866
vn -0.532342 -0.147022 0.833665
vn -0.518151 -0.190866 0.833721
vn -0.500835 -0.231449 0.834024
vn -0.478553 -0.272373 0.834746
vn -0.450601 -0.314756 0.835397
vn -0.418637 -0.355564 0.835654
vn -0.383213 -0.393763 0.835523
vn -0.344467 -0.429186 0.834950
vn -0.309862 -0.456223 0.834174
vn -0.274157 -0.478657 0.834101
vn -0.237844 -0.497015 0.834510
vn -0.190276 -0.515388 0.835566
vn -0.138418 -0.531148 0.835896
vn -0.083960 -0.542853 0.835621
vn -0.036367 -0.549538 0.834677
vn 0.006131 -0.551508 0.834147
vn 0.050660 -0.549270 0.834108
vn 0.093094 -0.543295 0.834365
vn 0.140649 -0.531768 0.835129
vn 0.189790 -0.515628 0.835528
vn 0.236706 -0.495714 0.835606
vn 0.285358 -0.469990 0.835272
vn 0.325228 -0.445164 0.834300
vn 0.359045 -0.419312 0.833825
vn 0.391456 -0.389239 0.833820
vn 0.419474 -0.357904 0.834234
vn 0.449392 -0.316995 0.835201
vn 0.477592 -0.271668 0.835525
vn 0.502098 -0.223682 0.835382
vn 0.521536 -0.177183 0.834630
vn 0.534901 -0.136045 0.833890
vn 0.544078 -0.093568 0.833801
vn 0.548964 -0.052706 0.834183
vn 0.404959 0.001805 0.914333
vn 0.402833 0.039199 0.914434
vn 0.397647 0.075762 0.914405
vn 0.389209 0.112644 0.914236
vn 0.378992 0.145202 0.913937
vn 0.365948 0.176143 0.913814
vn 0.350218 0.205672 0.913809
vn 0.332383 0.232763 0.913971
vn 0.309440 0.261321 0.914307
vn 0.283554 0.288763 0.914447
vn 0.255727 0.313753 0.914419
vn 0.225289 0.336823 0.914218
vn 0.197363 0.354750 0.913893
vn 0.168140 0.369650 0.913832
vn 0.137315 0.381948 0.913926
vn 0.104958 0.391492 0.914176
vn 0.068161 0.398861 0.914475
vn 0.030671 0.403341 0.914536
vn -0.006276 0.404654 0.914448
vn -0.042920 0.402874 0.914248
vn -0.076786 0.398375 0.914003
vn -0.110228 0.390712 0.913890
vn -0.143294 0.379977 0.913830
vn -0.174735 0.366586 0.913829
vn -0.203813 0.350946 0.913946
vn -0.233774 0.331015 0.914209
vn -0.262594 0.308232 0.914351
vn -0.289186 0.283276 0.914399
vn -0.314012 0.255655 0.914351
vn -0.336706 0.225758 0.914146
vn -0.354764 0.197488 0.913860
vn -0.369804 0.168015 0.913792
vn -0.381803 0.137994 0.913884
vn -0.391744 0.103993 0.914178
vn -0.399210 0.067494 0.914372
vn -0.403602 0.030854 0.914415
vn -0.404896 -0.006460 0.914340
vn -0.403170 -0.042898 0.914119
vn -0.398730 -0.076230 0.913895
vn -0.391110 -0.109227 0.913839
vn -0.380347 -0.142091 0.913863
vn -0.367059 -0.173037 0.913962
vn -0.350461 -0.203561 0.914188
vn -0.330249 -0.234102 0.914402
vn -0.307354 -0.263151 0.914486
vn -0.282001 -0.290287 0.914445
vn -0.254345 -0.315345 0.914257
vn -0.227991 -0.335588 0.914003
vn -0.200093 -0.352979 0.913985
vn -0.171412 -0.367388 0.914136
vn -0.136767 -0.380823 0.914477
vn -0.100484 -0.391750 0.914568
vn -0.062524 -0.399803 0.914466
vn -0.027914 -0.404408 0.914153
vn 0.004984 -0.405711 0.913988
vn 0.038897 -0.403873 0.913988
vn 0.071586 -0.399153 0.914086
vn 0.106688 -0.390649 0.914336
vn 0.141747 -0.379058 0.914452
vn 0.175429 -0.364668 0.914463
vn 0.209443 -0.346585 0.914337
vn 0.238425 -0.328211 0.914019
vn 0.264492 -0.307979 0.913889
vn 0.289247 -0.284798 0.913907
vn 0.310996 -0.260392 0.914045
vn 0.332850 -0.230604 0.914348
vn 0.352621 -0.198677 0.914432
vn 0.369901 -0.164689 0.914358
vn 0.383462 -0.131830 0.914099
vn 0.393438 -0.099828 0.913915
vn 0.400385 -0.067098 0.913887
vn 0.404157 -0.035025 0.914019
vn 0.238944 0.003879 0.971026
vn 0.237587 0.025252 0.971038
vn 0.234415 0.046340 0.971031
vn 0.229378 0.067367 0.971003
vn 0.223015 0.086626 0.970958
vn 0.214895 0.105318 0.970942
vn 0.205205 0.123124 0.970943
vn 0.194142 0.139726 0.970971
vn 0.180672 0.156438 0.971022
vn 0.165811 0.172007 0.971041
vn 0.149721 0.186212 0.971035
vn 0.132257 0.199157 0.971002
vn 0.115304 0.209654 0.970953
vn 0.097230 0.218653 0.970946
vn 0.078400 0.226022 0.970962
vn 0.058860 0.231714 0.971002
vn 0.037568 0.235915 0.971047
vn 0.016186 0.238310 0.971054
vn -0.005124 0.238864 0.971040
vn -0.026347 0.237591 0.971008
vn -0.046494 0.234638 0.970970
vn -0.066541 0.229828 0.970954
vn -0.086148 0.223261 0.970944
vn -0.104918 0.215079 0.970945
vn -0.122567 0.205440 0.970964
vn -0.140180 0.193648 0.971005
vn -0.156764 0.180374 0.971025
vn -0.172102 0.165762 0.971032
vn -0.186278 0.149709 0.971024
vn -0.199109 0.132406 0.970991
vn -0.209674 0.115313 0.970948
vn -0.218700 0.097193 0.970940
vn -0.225964 0.078641 0.970956
vn -0.231818 0.058464 0.971001
vn -0.236013 0.037419 0.971029
vn -0.238386 0.016272 0.971034
vn -0.238934 -0.005199 0.971022
vn -0.237678 -0.026318 0.970987
vn -0.234743 -0.046307 0.970954
vn -0.229950 -0.066214 0.970947
vn -0.223369 -0.085781 0.970952
vn -0.215223 -0.104405 0.970968
vn -0.205262 -0.122562 0.971003
vn -0.193422 -0.140282 0.971035
vn -0.180103 -0.156945 0.971046
vn -0.165359 -0.172454 0.971039
vn -0.149309 -0.186680 0.971008
vn -0.133257 -0.198642 0.970971
vn -0.116047 -0.209164 0.970970
vn -0.098268 -0.217963 0.970997
vn -0.078050 -0.225772 0.971048
vn -0.057383 -0.231845 0.971059
vn -0.035866 -0.236211 0.971040
vn -0.015520 -0.238611 0.970991
vn 0.004590 -0.239163 0.970969
vn 0.025050 -0.237883 0.970971
vn 0.044927 -0.234868 0.970988
vn 0.065587 -0.229795 0.971027
vn 0.085766 -0.222984 0.971042
vn 0.105226 -0.214491 0.971041
vn 0.124457 -0.204042 0.971019
vn 0.141407 -0.192926 0.970970
vn 0.157211 -0.180368 0.970954
vn 0.172049 -0.166242 0.970960
vn 0.185260 -0.151231 0.970983
vn 0.197989 -0.133812 0.971028
vn 0.209156 -0.115502 0.971037
vn 0.218846 -0.096035 0.971022
vn 0.226480 -0.076816 0.970982
vn 0.232280 -0.057327 0.970958
vn 0.236313 -0.037440 0.970955
vn 0.238514 -0.017665 0.970978
vn 0.000000 0.000000 1.000000
usemtl SeedMaterial
s 1
f 1/1/1 3/3/3 2/2/2
f 1/1/1 4/4/4 3/3/3
f 1/1/1 5/5/5 4/4/4
f 1/1/1 6/6/6 5/5/5
f 1/1/1 7/7/7 6/6/6
f 1/1/1 8/8/8 7/7/7
f 1/1/1 9/9/9 8/8/8
f 1/1/1 10/10/10 9/9/9
f 1/1/1 11/11/11 10/10/10
f 1/1/1 12/12/12 11/11/11
f 1/1/1 13/13/13 12/12/12
f 1/1/1 14/14/14 13/13/13
f 1/1/1 15/15/15 14/14/14
f 1/1/1 16/16/16 15/15/15
f 1/1/1 17/17/17 16/16/16
f 1/1/1 18/18/18 17/17/17
f 1/1/1 19/19/19 18/18/18
f 1/1/1 20/20/20 19/19/19
f 1/1/1 21/21/21 20/20/20
f 1/1/1 22/22/22 21/21/21
f 1/1/1 23/23/23 22/22/22
f 1/1/1 24/24/24 23/23/23
f 1/1/1 25/25/25 24/24/24
f 1/1/1 26/26/26 25/25/25
f 1/1/1 27/27/27 26/26/26
f 1/1/1 28/28/28 27/27/27
f 1/1/1 29/29/29 28/28/28
f 1/1/1 30/30/30 29/29/29
f 1/1/1 31/31/31 30/30/30
f 1/1/1 32/32/32 31/31/31
f 1/1/1 33/33/33 32/32/32
f 1/1/1 34/34/34 33/33/33
f 1/1/1 35/35/35 34/34/34
f 1/1/1 36/36/36 35/35/35
f 1/1/1 37/37/37 36/36/36
f 1/1/1 38/38/38 37/37/37
f 1/1/1 39/39/39 38/38/38
f 1/1/1 40/40/40 39/39/39
f 1/1/1 41/41/41 40/40/40
f 1/1/1 42/42/42 41/41/41
f 1/1/1 43/43/43 42/42/42
f 1/1/1 44/44/44 43/43/43
f 1/1/1 45/45/45 44/44/44
f 1/1/1 46/46/46 45/45/45
f 1/1/1 47/47/47 46/46/46
f 1/1/1 48/48/48 47/47/47
f 1/1/1 49/49/49 48/48/48
f 1/1/1 50/50/50 49/49/49
f 1/1/1 51/51/51 50/50/50
f 1/1/1 52/52/52 51/51/51
f 1/1/1 53/53/53 52/52/52
f 1/1/1 54/54/54 53/53/53
f 1/1/1 55/55/55 54/54/54
f 1/1/1 56/56/56 55/55/55
f 1/1/1 57/57/57 56/56/56
f 1/1/1 58/58/58 57/57/57
f 1/1/1 59/59/59 58/58/58
f 1/1/1 60/60/60 59/59/59
f 1/1/1 61/61/61 60/60/60
f 1/1/1 62/62/62 61/61/61
f 1/1/1 63/63/63 62/62/62
f 1/1/1 64/64/64 63/63/63
f 1/1/1 65/65/65 64/64/64
f 1/1/1 66/66/66 65/65/65
f 1/1/1 67/67/67 66/66/66
f 1/1/1 68/68/68 67/67/67
f 1/1/1 69/69/69 68/68/68
f 1/1/1 70/70/70 69/69/69
f 1/1/1 71/71/71 70/70/70
f 1/1/1 72/72/72 71/71/71
f 1/1/1 73/73/73 72/72/72
f 1/1/1 2/74/2 73/73/73
f 2/2/2 3/3/3 74/75/74
f 3/3/3 75/76/75 74/75/74
f 3/3/3 4/4/4 75/76/75
f 4/4/4 76/77/76 75/76/75
f 4/4/4 5/5/5 76/77/76
f 5/5/5 77/78/77 76/77/76
f 5/5/5 6/6/6 77/78/77
f 6/6/6 78/79/78 77/78/77
f 6/6/6 7/7/7 78/79/78
f 7/7/7 79/80/79 78/79/78
f 7/7/7 8/8/8 79/80/79
f 8/8/8 80/81/80 79/80/79
f 8/8/8 9/9/9 80/81/80
f 9/9/9 81/82/81 80/81/80
f 9/9/9 10/10/10 81/82/81
f 10/10/10 82/83/82 81/82/81
f 10/10/10 11/11/11 82/83/82
f 11/11/11 83/84/83 82/83/82
f 11/11/11 12/12/12 83/84/83
f 12/12/12 84/85/84 83/84/83
f 12/12/12 13/13/13 84/85/84
f 13/13/13 85/86/85 84/85/84
f 13/13/13 14/14/14 85/86/85
f 14/14/14 86/87/86 85/86/85
f 14/14/14 15/15/15 86/87/86
f 15/15/15 87/88/87 86/87/86
f 15/15/15 16/16/16 87/88/87
f 16/16/16 88/89/88 87/88/87
f 16/16/16 17/17/17 88/89/88
f 17/17/17 89/90/89 88/89/88
f 17/17/17 18/18/18 89/90/89
f 18/18/18 90/91/90 89/90/89
f 18/18/18 19/19/19 90/91/90
f 19/19/19 91/92/91 90/91/90
f 19/19/19 20/20/20 91/92/91
f 20/20/20 92/93/92 91/92/91
f 20/20/20 21/21/21 92/93/92
f 21/21/21 93/94/93 92/93/92
f 21/21/21 22/22/22 93/94/93
f 22/22/22 94/95/94 93/94/93
f 22/22/22 23/23/23 94/95/94
f 23/23/23 95/96/95 94/95/94
f 23/23/23 24/24/24 95/96/95
f 24/24/24 96/97/96 95/96/95
f 24/24/24 25/25/25 96/97/96
f 25/25/25 97/98/97 96/97/96
f 25/25/25 26/26/26 97/98/97
f 26/26/26 98/99/98 97/98/97
f 26/26/26 27/27/27 98/99/98
f 27/27/27 99/100/99 98/99/98
f 27/27/27 28/28/28 99/100/99
f 28/28/28 100/101/100 99/100/99
f 28/28/28 29/29/29 100/101/100
f 29/29/29 101/102/101 100/101/100
f 29/29/29 30/30/30 101/102/101
f 30/30/30 102/103/102 101/102/101
f 30/30/30 31/31/31 102/103/102
f 31/31/31 103/104/103 102/103/102
f 31/31/31 32/32/32 103/104/103
f 32/32/32 104/105/104 103/104/103
f 32/32/32 33/33/33 104/105/104
f 33/33/33 105/106/105 104/105/104
f 33/33/33 34/34/34 105/106/105
f 34/34/34 106/107/106 105/106/105
f 34/34/34 35/35/35 106/107/106
f 35/35/35 107/108/107 106/107/106
f 35/35/35 36/36/36 107/108/107
f 36/36/36 108/109/108 107/108/107
f 36/36/36 37/37/37 108/109/108
f 37/37/37 109/110/109 108/109/108
f 37/37/37 38/38/38 109/110/109
f 38/38/38 110/111/110 109/110/109
f 38/38/38 39/39/39 110/111/110
f 39/39/39 111/112/111 110/111/110
f 39/39/39 40/40/40 111/112/111
f 40/40/40 112/113/112 111/112/111
f 40/40/40 41/41/41 112/113/112
f 41/41/41 113/114/113 112/113/112
f 41/41/41 42/42/42 113/114/113
f 42/42/42 114/115/114 113/114/113
f 42/42/42 43/43/43 114/115/114
f 43/43/43 115/116/115 114/115/114
f 43/43/43 44/44/44 115/116/115
f 44/44/44 116/117/116 115/116/115
f 44/44/44 45/45/45 116/117/116
f 45/45/45 117/118/117 116/117/116
f 45/45/45 46/46/46 117/118/117
f 46/46/46 118/119/118 117/118/117
f 46/46/46 47/47/47 118/119/118
f 47/47/47 119/120/119 118/119/118
f 47/47/47 48/48/48 119/120/119
f 48/48/48 120/121/120 119/120/119
f 48/48/48 49/49/49 120/121/120
f 49/49/49 121/122/121 120/121/120
f 49/49/49 50/50/50 121/122/121
f 50/50/50 122/123/122 121/122/121
f 50/50/50 51/51/51 122/123/122
f 51/51/51 123/124/123 122/123/122
f 51/51/51 52/52/52 123/124/123
f 52/52/52 124/125/124 123/124/123
f 52/52/52 53/53/53 124/125/124
f 53/53/53 125/126/125 124/125/124
f 53/53/53 54/54/54 125/126/125
f 54/54/54 126/127/126 125/126/125
f 54/54/54 55/55/55 126/127/126
f 55/55/55 127/128/127 126/127/126
f 55/55/55 56/56/56 127/128/127
f 56/56/56 128/129/128 127/128/127
f 56/56/56 57/57/57 128/129/128
f 57/57/57 129/130/129 128/129/128
f 57/57/57 58/58/58 129/130/129
f 58/58/58 130/131/130 129/130/129
f 58/58/58 59/59/59 130/131/130
f 59/59/59 131/132/131 130/131/130
f 59/59/59 60/60/60 131/132/131
f 60/60/60 132/133/132 131/132/131
f 60/60/60 61/61/61 132/133/132
f 61/61/61 133/134/133 132/133/132
f 61/61/61 62/62/62 133/134/133
f 62/62/62 134/135/134 133/134/133
f 62/62/62 63/63/63 134/135/134
f 63/63/63 135/136/135 134/135/134
f 63/63/63 64/64/64 135/136/135
f 64/64/64 136/137/136 135/136/135
f 64/64/64 65/65/65 136/137/136
f 65/65/65 137/138/137 136/137/136
f 65/65/65 66/66/66 137/138/137
f 66/66/66 138/139/138 137/138/137
f 66/66/66 67/67/67 138/139/138
f 67/67/67 139/140/139 138/139/138
f 67/67/67 68/68/68 139/140/139
f 68/68/68 140/141/140 139/140/139
f 68/68/68 69/69/69 140/141/140
f 69/69/69 141/142/141 140/141/140
f 69/69/69 70/70/70 141/142/141
f 70/70/70 142/143/142 141/142/141
f 70/70/70 71/71/71 142/143/142
f 71/71/71 143/144/143 142/143/142
f 71/71/71 72/72/72 143/144/143
f 72/72/72 144/145/144 143/144/143
f 72/72/72 73/73/73 144/145/144
f 73/73/73 145/146/145 144/145/144
f 73/73/73 2/74/2 145/146/145
f 2/74/2 74/147/74 145/146/145
f 74/75/74 75/76/75 146/148/146
f 75/76/75 147/149/147 146/148/146
f 75/76/75 76/77/76 147/149/147
f 76/77/76 148/150/148 147/149/147
f 76/77/76 77/78/77 148/150/148
f 77/78/77 149/151/149 148/150/148
f 77/78/77 78/79/78 149/151/149
f 78/79/78 150/152/150 149/151/149
f 78/79/78 79/80/79 150/152/150
f 79/80/79 151/153/151 150/152/150
f 79/80/79 80/81/80 151/153/151
f 80/81/80 152/154/152 151/153/151
f 80/81/80 81/82/81 152/154/152
f 81/82/81 153/155/153 152/154/152
f 81/82/81 82/83/82 153/155/153
f 82/83/82 154/156/154 153/155/153
f 82/83/82 83/84/83 154/156/154
f 83/84/83 155/157/155 154/156/154
f 83/84/83 84/85/84 155/157/155
f 84/85/84 156/158/156 155/157/155
f 84/85/84 85/86/85 156/158/156
f 85/86/85 157/159/157 156/158/156
f 85/86/85 86/87/86 157/159/157
f 86/87/86 158/160/158 157/159/157
f 86/87/86 87/88/87 158/160/158
f 87/88/87 159/161/159 158/160/158
f 87/88/87 88/89/88 159/161/159
f 88/89/88 160/162/160 159/161/159
f 88/89/88 89/90/89 160/162/160
f 89/90/89 161/163/161 160/162/160
f 89/90/89 90/91/90 161/163/161
f 90/91/90 162/164/162 161/163/161
f 90/91/90 91/92/91 162/164/162
f 91/92/91 163/165/163 162/164/162
f 91/92/91 92/93/92 163/165/163
f 92/93/92 164/166/164 163/165/163
f 92/93/92 93/94/93 164/166/164
f 93/94/93 165/167/165 164/166/164
f 93/94/93 94/95/94 165/167/165
f 94/95/94 166/168/166 165/167/165
f 94/95/94 95/96/95 166/168/166
f 95/96/95 167/169/167 166/168/166
f 95/96/95 96/97/96 167/169/167
f 96/97/96 168/170/168 167/169/167
f 96/97/96 97/98/97 168/170/168
f 97/98/97 169/171/169 168/170/168
f 97/98/97 98/99/98 169/171/169
f 98/99/98 170/172/170 169/171/169
f 98/99/98 99/100/99 170/172/170
f 99/100/99 171/173/171 170/172/170
f 99/100/99 100/101/100 171/173/171
f 100/101/100 172/174/172 171/173/171
f 100/101/100 101/102/101 172/174/172
f 101/102/101 173/175/173 172/174/172
f 101/102/101 102/103/102 173/175/173
f 102/103/102 174/176/174 173/175/173
f 102/103/102 103/104/103 174/176/174
f 103/104/103 175/177/175 174/176/174
f 103/104/103 104/105/104 175/177/175
f 104/105/104 176/178/176 175/177/175
f 104/105/104 105/106/105 176/178/176
f 105/106/105 177/179/177 176/178/176
f 105/106/105 106/107/106 177/179/177
f 106/107/106 178/180/178 177/179/177
f 106/107/106 107/108/107 178/180/178
f 107/108/107 179/181/179 178/180/178
f 107/108/107 108/109/108 179/181/179
f 108/109/108 180/182/180 179/181/179
f 108/109/108 109/110/109 180/182/180
f 109/110/109 181/183/181 180/182/180
f 109/110/109 110/111/110 181/183/181
f 110/111/110 182/184/182 181/183/181
f 110/111/110 111/112/111 182/184/182
f 111/112/111 183/185/183 182/184/182
f 111/112/111 112/113/112 183/185/183
f 112/113/112 184/186/184 183/185/183
f 112/113/112 113/114/113 184/186/184
f 113/114/113 185/187/185 184/186/184
f 113/114/113 114/115/114 185/187/185
f 114/115/114 186/188/186 185/187/185
f 114/115/114 115/116/115 186/188/186
f 115/116/115 187/189/187 186/188/186
f 115/116/115 116/117/116 187/189/187
f 116/117/116 188/190/188 187/189/187
f 116/117/116 117/118/117 188/190/188
f 117/118/117 189/191/189 188/190/188
f 117/118/117 118/119/118 189/191/189
f 118/119/118 190/192/190 189/191/189
f 118/119/118 119/120/119 190/192/190
f 119/120/119 191/193/191 190/192/190
f 119/120/119 120/121/120 191/193/191
f 120/121/120 192/194/192 191/193/191
f 120/121/120 121/122/121 192/194/192
f 121/122/121 193/195/193 192/194/192
f 121/122/121 122/123/122 193/195/193
f 122/123/122 194/196/194 193/195/193
f 122/123/122 123/124/123 194/196/194
f 123/124/123 195/197/195 194/196/194
f 123/124/123 124/125/124 195/197/195
f 124/125/124 196/198/196 195/197/195
f 124/125/124 125/126/125 196/198/196
f 125/126/125 197/199/197 196/198/196
f 125/126/125 126/127/126 197/199/197
f 126/127/126 198/200/198 197/199/197
f 126/127/126 127/128/127 198/200/198
f 127/128/127 199/201/199 198/200/198
f 127/128/127 128/129/128 199/201/199
f 128/129/128 200/202/200 199/201/199
f 128/129/128 129/130/129 200/202/200
f 129/130/129 201/203/201 200/202/200
f 129/130/129 130/131/130 201/203/201
f 130/131/130 202/204/202 201/203/201
f 130/131/130 131/132/131 202/204/202
f 131/132/131 203/205/203 202/204/202
f 131/132/131 132/133/132 203/205/203
f 132/133/132 204/206/204 203/205/203
f 132/133/132 133/134/133 204/206/204
f 133/134/133 205/207/205 204/206/204
f 133/134/133 134/135/134 205/207/205
f 134/135/134 206/208/206 205/207/205
f 134/135/134 135/136/135 206/208/206
f 135/136/135 207/209/207 206/208/206
f 135/136/135 136/137/136 207/209/207
f 136/137/136 208/210/208 207/209/207
f 136/137/136 137/138/137 208/210/208
f 137/138/137 209/211/209 208/210/208
f 137/138/137 138/139/138 209/211/209
f 138/139/138 210/212/210 209/211/209
f 138/139/138 139/140/139 210/212/210
f 139/140/139 211/213/211 210/212/210
f 139/140/139 140/141/140 211/213/211
f 140/141/140 212/214/212 211/213/211
f 140/141/140 141/142/141 212/214/212
f 141/142/141 213/215/213 212/214/212
f 141/142/141 142/143/142 213/215/213
f 142/143/142 214/216/214 213/215/213
f 142/143/142 143/144/143 214/216/214
f 143/144/143 215/217/215 214/216/214
f 143/144/143 144/145/144 215/217/215
f 144/145/144 216/218/216 215/217/215
f 144/145/144 145/146/145 216/218/216
f 145/146/145 217/219/217 216/218/216
f 145/146/145 74/147/74 217/219/217
f 74/147/74 146/220/146 217/219/217
f 146/148/146 147/149/147 218/221/218
f 147/149/147 219/222/219 218/221/218
f 147/149/147 148/150/148 219/222/219
f 148/150/148 220/223/220 219/222/219
f 148/150/148 149/151/149 220/223/220
f 149/151/149 221/224/221 220/223/220
f 149/151/149 150/152/150 221/224/221
f 150/152/150 222/225/222 221/224/221
f 150/152/150 151/153/151 222/225/222
f 151/153/151 223/226/223 222/225/222
f 151/153/151 152/154/152 223/226/223
f 152/154/152 224/227/224 223/226/223
f 152/154/152 153/155/153 224/227/224
f 153/155/153 225/228/225 224/227/224
f 153/155/153 154/156/154 225/228/225
f 154/156/154 226/229/226 225/228/225
f 154/156/154 155/157/155 226/229/226
f 155/157/155 227/230/227 226/229/226
f 155/157/155 156/158/156 227/230/227
f 156/158/156 228/231/228 227/230/227
f 156/158/156 157/159/157 228/231/228
f 157/159/157 229/232/229 228/231/228
f 157/159/157 158/160/158 229/232/229
f 158/160/158 230/233/230 229/232/229
f 158/160/158 159/161/159 230/233/230
f 159/161/159 231/234/231 230/233/230
f 159/161/159 160/162/160 231/234/231
f 160/162/160 232/235/232 231/234/231
f 160/162/160 161/163/161 232/235/232
f 161/163/161 233/236/233 232/235/232
f 161/163/161 162/164/162 233/236/233
f 162/164/162 234/237/234 233/236/233
f 162/164/162 163/165/163 234/237/234
f 163/165/163 235/238/235 234/237/234
f 163/165/163 164/166/164 235/238/235
f 164/166/164 236/239/236 235/238/235
f 164/166/164 165/167/165 236/239/236
f 165/167/165 237/240/237 236/239/236
f 165/167/165 166/168/166 237/240/237
f 166/168/166 238/241/238 237/240/237
f 166/168/166 167/169/167 238/241/238
f 167/169/167 239/242/239 238/241/238
f 167/169/167 168/170/168 239/242/239
f 168/170/168 240/243/240 239/242/239
f 168/170/168 169/171/169 240/243/240
f 169/171/169 241/244/241 240/243/240
f 169/171/169 170/172/170 241/244/241
f 170/172/170 242/245/242 241/244/241
f 170/172/170 171/173/171 242/245/242
f 171/173/171 243/246/243 242/245/242
f 171/173/171 172/174/172 243/246/243
f 172/174/172 244/247/244 243/246/243
f 172/174/172 173/175/173 244/247/244
f 173/175/173 245/248/245 244/247/244
f 173/175/173 174/176/174 245/248/245
f 174/176/174 246/249/246 245/248/245
f 174/176/174 175/177/175 246/249/246
f 175/177/175 247/250/247 246/249/246
f 175/177/175 176/178/176 247/250/247
f 176/178/176 248/251/248 247/250/247
f 176/178/176 177/179/177 248/251/248
f 177/179/177 249/252/249 248/251/248
f 177/179/177 178/180/178 249/252/249
f 178/180/178 250/253/250 249/252/249
f 178/180/178 179/181/179 250/253/250
f 179/181/179 251/254/251 250/253/250
f 179/181/179 180/182/180 251/254/251
f 180/182/180 252/255/252 251/254/251
f 180/182/180 181/183/181 252/255/252
f 181/183/181 253/256/253 252/255/252
f 181/183/181 182/184/182 253/256/253
f 182/184/182 254/257/254 253/256/253
f 182/184/182 183/185/183 254/257/254
f 183/185/183 255/258/255 254/257/254
f 183/185/183 184/186/184 255/258/255
f 184/186/184 256/259/256 255/258/255
f 184/186/184 185/187/185 256/259/256
f 185/187/185 257/260/257 256/259/256
f 185/187/185 186/188/186 257/260/257
f 186/188/186 258/261/258 257/260/257
f 186/188/186 187/189/187 258/261/258
f 187/189/187 259/262/259 258/261/258
f 187/189/187 188/190/188 259/262/259
f 188/190/188 260/263/260 259/262/259
f 188/190/188 189/191/189 260/263/260
f 189/191/189 261/264/261 260/263/260
f 189/191/189 190/192/190 261/264/261
f 190/192/190 262/265/262 261/264/261
f 190/192/190 191/193/191 262/265/262
f 191/193/191 263/266/263 262/265/262
f 191/193/191 192/194/192 263/266/263
f 192/194/192 264/267/264 263/266/263
f 192/194/192 193/195/193 264/267/264
f 193/195/193 265/268/265 264/267/264
f 193/195/193 194/196/194 265/268/265
f 194/196/194 266/269/266 265/268/265
f 194/196/194 195/197/195 266/269/266
f 195/197/195 267/270/267 266/269/266
f 195/197/195 196/198/196 267/270/267
f 196/198/196 268/271/268 267/270/267
f 196/198/196 197/199/197 268/271/268
f 197/199/197 269/272/269 268/271/268
f 197/199/197 198/200/198 269/272/269
f 198/200/198 270/273/270 269/272/269
f 198/200/198 199/201/199 270/273/270
f 199/201/199 271/274/271 270/273/270
f 199/201/199 200/202/200 271/274/271
f 200/202/200 272/275/272 271/274/271
f 200/202/200 201/203/201 272/275/272
f 201/203/201 273/276/273 272/275/272
f 201/203/201 202/204/202 273/276/273
f 202/204/202 274/277/274 273/276/273
f 202/204/202 203/205/203 274/277/274
f 203/205/203 275/278/275 274/277/274
f 203/205/203 204/206/204 275/278/275
f 204/206/204 276/279/276 275/278/275
f 204/206/204 205/207/205 276/279/276
f 205/207/205 277/280/277 276/279/276
f 205/207/205 206/208/206 277/280/277
f 206/208/206 278/281/278 277/280/277
f 206/208/206 207/209/207 278/281/278
f 207/209/207 279/282/279 278/281/278
f 207/209/207 208/210/208 279/282/279
f 208/210/208 280/283/280 279/282/279
f 208/210/208 209/211/209 280/283/280
f 209/211/209 281/284/281 280/283/280
f 209/211/209 210/212/210 281/284/281
f 210/212/210 282/285/282 281/284/281
f 210/212/210 211/213/211 282/285/282
f 211/213/211 283/286/283 282/285/282
f 211/213/211 212/214/212 283/286/283
f 212/214/212 284/287/284 283/286/283
f 212/214/212 213/215/213 284/287/284
f 213/215/213 285/288/285 284/287/284
f 213/215/213 214/216/214 285/288/285
f 214/216/214 286/289/286 285/288/285
f 214/216/214 215/217/215 286/289/286
f 215/217/215 287/290/287 286/289/286
f 215/217/215 216/218/216 287/290/287
f 216/218/216 288/291/288 287/290/287
f 216/218/216 217/219/217 288/291/288
f 217/219/217 289/292/289 288/291/288
f 217/219/217 146/220/146 289/292/289
f 146/220/146 218/293/218 289/292/289
f 218/221/218 219/222/219 290/294/290
f 219/222/219 291/295/291 290/294/290
f 219/222/219 220/223/220 291/295/291
f 220/223/220 292/296/292 291/295/291
f 220/223/220 221/224/221 292/296/292
f 221/224/221 293/297/293 292/296/292
f 221/224/221 222/225/222 293/297/293
f 222/225/222 294/298/294 293/297/293
f 222/225/222 223/226/223 294/298/294
f 223/226/223 295/299/295 294/298/294
f 223/226/223 224/227/224 295/299/295
f 224/227/224 296/300/296 295/299/295
f 224/227/224 225/228/225 296/300/296
f 225/228/225 297/301/297 296/300/296
f 225/228/225 226/229/226 297/301/297
f 226/229/226 298/302/298 297/301/297
f 226/229/226 227/230/227 298/302/298
f 227/230/227 299/303/299 298/302/298
f 227/230/227 228/231/228 299/303/299
f 228/231/228 300/304/300 299/303/299
f 228/231/228 229/232/229 300/304/300
f 229/232/229 301/305/301 300/304/300
f 229/232/229 230/233/230 301/305/301
f 230/233/230 302/306/302 301/305/301
f 230/233/230 231/234/231 302/306/302
f 231/234/231 303/307/303 302/306/302
f 231/234/231 232/235/232 303/307/303
f 232/235/232 304/308/304 303/307/303
f 232/235/232 233/236/233 304/308/304
f 233/236/233 305/309/305 304/308/304
f 233/236/233 234/237/234 305/309/305
f 234/237/234 306/310/306 305/309/305
f 234/237/234 235/238/235 306/310/306
f 235/238/235 307/311/307 306/310/306
f 235/238/235 236/239/236 307/311/307
f 236/239/236 308/312/308 307/311/307
f 236/239/236 237/240/237 308/312/308
f 237/240/237 309/313/309 308/312/308
f 237/240/237 238/241/238 309/313/309
f 238/241/238 310/314/310 309/313/309
f 238/241/238 239/242/239 310/314/310
f 239/242/239 311/315/311 310/314/310
f 239/242/239 240/243/240 311/315/311
f 240/243/240 312/316/312 311/315/311
f 240/243/240 241/244/241 312/316/312
f 241/244/241 313/317/313 312/316/312
f 241/244/241 242/245/242 313/317/313
f 242/245/242 314/318/314 313/317/313
f 242/245/242 243/246/243 314/318/314
f 243/246/243 315/319/315 314/318/314
f 243/246/243 244/247/244 315/319/315
f 244/247/244 316/320/316 315/319/315
f 244/247/244 245/248/245 316/320/316
f 245/248/245 317/321/317 316/320/316
f 245/248/245 246/249/246 317/321/317
f 246/249/246 318/322/318 317/321/317
f 246/249/246 247/250/247 318/322/318
f 247/250/247 319/323/319 318/322/318
f 247/250/247 248/251/248 319/323/319
f 248/251/248 320/324/320 319/323/319
f 248/251/248 249/252/249 320/324/320
f 249/252/249 321/325/321 320/324/320
f 249/252/249 250/253/250 321/325/321
f 250/253/250 322/326/322 321/325/321
f 250/253/250 251/254/251 322/326/322
f 251/254/251 323/327/323 322/326/322
f 251/254/251 252/255/252 323/327/323
f 252/255/252 324/328/324 323/327/323
f 252/255/252 253/256/253 324/328/324
f 253/256/253 325/329/325 324/328/324
f 253/256/253 254/257/254 325/329/325
f 254/257/254 326/330/326 325/329/325
f 254/257/254 255/258/255 326/330/326
f 255/258/255 327/331/327 326/330/326
f 255/258/255 256/259/256 327/331/327
f 256/259/256 328/332/328 327/331/327
f 256/259/256 257/260/257 328/332/328
f 257/260/257 329/333/329 328/332/328
f 257/260/257 258/261/258 329/333/329
f 258/261/258 330/334/330 329/333/329
f 258/261/258 259/262/259 330/334/330
f 259/262/259 331/335/331 330/334/330
f 259/262/259 260/263/260 331/335/331
f 260/263/260 332/336/332 331/335/331
f 260/263/260 261/264/261 332/336/332
f 261/264/261 333/337/333 332/336/332
f 261/264/261 262/265/262 333/337/333
f 262/265/262 334/338/334 333/337/333
f 262/265/262 263/266/263 334/338/334
f 263/266/263 335/339/335 334/338/334
f 263/266/263 264/267/264 335/339/335
f 264/267/264 336/340/336 335/339/335
f 264/267/264 265/268/265 336/340/336
f 265/268/265 337/341/337 336/340/336
f 265/268/265 266/269/266 337/341/337
f 266/269/266 338/342/338 337/341/337
f 266/269/266 267/270/267 338/342/338
f 267/270/267 339/343/339 338/342/338
f 267/270/267 268/271/268 339/343/339
f 268/271/268 340/344/340 339/343/339
f 268/271/268 269/272/269 340/344/340
f 269/272/269 341/345/341 340/344/340
f 269/272/269 270/273/270 341/345/341
f 270/273/270 342/346/342 341/345/341
f 270/273/270 271/274/271 342/346/342
f 271/274/271 343/347/343 342/346/342
f 271/274/271 272/275/272 343/347/343
f 272/275/272 344/348/344 343/347/343
f 272/275/272 273/276/273 344/348/344
f 273/276/273 345/349/345 344/348/344
f 273/276/273 274/277/274 345/349/345
f 274/277/274 346/350/346 345/349/345
f 274/277/274 275/278/275 346/350/346
f 275/278/275 347/351/347 346/350/346
f 275/278/275 276/279/276 347/351/347
f 276/279/276 348/352/348 347/351/347
f 276/279/276 277/280/277 348/352/348
f 277/280/277 349/353/349 348/352/348
f 277/280/277 278/281/278 349/353/349
f 278/281/278 350/354/350 349/353/349
f 278/281/278 279/282/279 350/354/350
f 279/282/279 351/355/351 350/354/350
f 279/282/279 280/283/280 351/355/351
f 280/283/280 352/356/352 351/355/351
f 280/283/280 281/284/281 352/356/352
f 281/284/281 353/357/353 352/356/352
f 281/284/281 282/285/282 353/357/353
f 282/285/282 354/358/354 353/357/353
f 282/285/282 283/286/283 354/358/354
f 283/286/283 355/359/355 354/358/354
f 283/286/283 284/287/284 355/359/355
f 284/287/284 356/360/356 355/359/355
f 284/287/284 285/288/285 356/360/356
f 285/288/285 357/361/357 356/360/356
f 285/288/285 286/289/286 357/361/357
f 286/289/286 358/362/358 357/361/357
f 286/289/286 287/290/287 358/362/358
f 287/290/287 359/363/359 358/362/358
f 287/290/287 288/291/288 359/363/359
f 288/291/288 360/364/360 359/363/359
f 288/291/288 289/292/289 360/364/360
f 289/292/289 361/365/361 360/364/360
f 289/292/289 218/293/218 361/365/361
f 218/293/218 290/366/290 361/365/361
f 290/294/290 291/295/291 362/367/362
f 291/295/291 363/368/363 362/367/362
f 291/295/291 292/296/292 363/368/363
f 292/296/292 364/369/364 363/368/363
f 292/296/292 293/297/293 364/369/364
f 293/297/293 365/370/365 364/369/364
f 293/297/293 294/298/294 365/370/365
f 294/298/294 366/371/366 365/370/365
f 294/298/294 295/299/295 366/371/366
f 295/299/295 367/372/367 366/371/366
f 295/299/295 296/300/296 367/372/367
f 296/300/296 368/373/368 367/372/367
f 296/300/296 297/301/297 368/373/368
f 297/301/297 369/374/369 368/373/368
f 297/301/297 298/302/298 369/374/369
f 298/302/298 370/375/370 369/374/369
f 298/302/298 299/303/299 370/375/370
f 299/303/299 371/376/371 370/375/370
f 299/303/299 300/304/300 371/376/371
f 300/304/300 372/377/372 371/376/371
f 300/304/300 301/305/301 372/377/372
f 301/305/301 373/378/373 372/377/372
f 301/305/301 302/306/302 373/378/373
f 302/306/302 374/379/374 373/378/373
f 302/306/302 303/307/303 374/379/374
f 303/307/303 375/380/375 374/379/374
f 303/307/303 304/308/304 375/380/375
f 304/308/304 376/381/376 375/380/375
f 304/308/304 305/309/305 376/381/376
f 305/309/305 377/382/377 376/381/376
f 305/309/305 306/310/306 377/382/377
f 306/310/306 378/383/378 377/382/377
f 306/310/306 307/311/307 378/383/378
f 307/311/307 379/384/379 378/383/378
f 307/311/307 308/312/308 379/384/379
f 308/312/308 380/385/380 379/384/379
f 308/312/308 309/313/309 380/385/380
f 309/313/309 381/386/381 380/385/380
f 309/313/309 310/314/310 381/386/381
f 310/314/310 382/387/382 381/386/381
f 310/314/310 311/315/311 382/387/382
f 311/315/311 383/388/383 382/387/382
f 311/315/311 312/316/312 383/388/383
f 312/316/312 384/389/384 383/388/383
f 312/316/312 313/317/313 384/389/384
f 313/317/313 385/390/385 384/389/384
f 313/317/313 314/318/314 385/390/385
f 314/318/314 386/391/386 385/390/385
f 314/318/314 315/319/315 386/391/386
f 315/319/315 387/392/387 386/391/386
f 315/319/315 316/320/316 387/392/387
f 316/320/316 388/393/388 387/392/387
f 316/320/316 317/321/317 388/393/388
f 317/321/317 389/394/389 388/393/388
f 317/321/317 318/322/318 389/394/389
f 318/322/318 390/395/390 389/394/389
f 318/322/318 319/323/319 390/395/390
f 319/323/319 391/396/391 390/395/390
f 319/323/319 320/324/320 391/396/391
f 320/324/320 392/397/392 391/396/391
f 320/324/320 321/325/321 392/397/392
f 321/325/321 393/398/393 392/397/392
f 321/325/321 322/326/322 393/398/393
f 322/326/322 394/399/394 393/398/393
f 322/326/322 323/327/323 394/399/394
f 323/327/323 395/400/395 394/399/394
f 323/327/323 324/328/324 395/400/395
f 324/328/324 396/401/396 395/400/395
f 324/328/324 325/329/325 396/401/396
f 325/329/325 397/402/397 396/401/396
f 325/329/325 326/330/326 397/402/397
f 326/330/326 398/403/398 397/402/397
f 326/330/326 327/331/327 398/403/398
f 327/331/327 399/404/399 398/403/398
f 327/331/327 328/332/328 399/404/399
f 328/332/328 400/405/400 399/404/399
f 328/332/328 329/333/329 400/405/400
f 329/333/329 401/406/401 400/405/400
f 329/333/329 330/334/330 401/406/401
f 330/334/330 402/407/402 401/406/401
f 330/334/330 331/335/331 402/407/402
f 331/335/331 403/408/403 402/407/402
f 331/335/331 332/336/332 403/408/403
f 332/336/332 404/409/404 403/408/403
f 332/336/332 333/337/333 404/409/404
f 333/337/333 405/410/405 404/409/404
f 333/337/333 334/338/334 405/410/405
f 334/338/334 406/411/406 405/410/405
f 334/338/334 335/339/335 406/411/406
f 335/339/335 407/412/407 406/411/406
f 335/339/335 336/340/336 407/412/407
f 336/340/336 408/413/408 407/412/407
f 336/340/336 337/341/337 408/413/408
f 337/341/337 409/414/409 408/413/408
f 337/341/337 338/342/338 409/414/409
f 338/342/338 410/415/410 409/414/409
f 338/342/338 339/343/339 410/415/410
f 339/343/339 411/416/411 410/415/410
f 339/343/339 340/344/340 411/416/411
f 340/344/340 412/417/412 411/416/411
f 340/344/340 341/345/341 412/417/412
f 341/345/341 413/418/413 412/417/412
f 341/345/341 342/346/342 413/418/413
f 342/346/342 414/419/414 413/418/413
f 342/346/342 343/347/343 414/419/414
f 343/347/343 415/420/415 414/419/414
f 343/347/343 344/348/344 415/420/415
f 344/348/344 416/421/416 415/420/415
f 344/348/344 345/349/345 416/421/416
f 345/349/345 417/422/417 416/421/416
f 345/349/345 346/350/346 417/422/417
f 346/350/346 418/423/418 417/422/417
f 346/350/346 347/351/347 418/423/418
f 347/351/347 419/424/419 418/423/418
f 347/351/347 348/352/348 419/424/419
f 348/352/348 420/425/420 419/424/419
f 348/352/348 349/353/349 420/425/420
f 349/353/349 421/426/421 420/425/420
f 349/353/349 350/354/350 421/426/421
f 350/354/350 422/427/422 421/426/421
f 350/354/350 351/355/351 422/427/422
f 351/355/351 423/428/423 422/427/422
f 351/355/351 352/356/352 423/428/423
f 352/356/352 424/429/424 423/428/423
f 352/356/352 353/357/353 424/429/424
f 353/357/353 425/430/425 424/429/424
f 353/357/353 354/358/354 425/430/425
f 354/358/354 426/431/426 425/430/425
f 354/358/354 355/359/355 426/431/426
f 355/359/355 427/432/427 426/431/426
f 355/359/355 356/360/356 427/432/427
f 356/360/356 428/433/428 427/432/427
f 356/360/356 357/361/357 428/433/428
f 357/361/357 429/434/429 428/433/428
f 357/361/357 358/362/358 429/434/429
f 358/362/358 430/435/430 429/434/429
f 358/362/358 359/363/359 430/435/430
f 359/363/359 431/436/431 430/435/430
f 359/363/359 360/364/360 431/436/431
f 360/364/360 432/437/432 431/436/431
f 360/364/360 361/365/361 432/437/432
f 361/365/361 433/438/433 432/437/432
f 361/365/361 290/366/290 433/438/433
f 290/366/290 362/439/362 433/438/433
f 362/367/362 363/368/363 434/440/434
f 363/368/363 435/441/435 434/440/434
f 363/368/363 364/369/364 435/441/435
f 364/369/364 436/442/436 435/441/435
f 364/369/364 365/370/365 436/442/436
f 365/370/365 437/443/437 436/442/436
f 365/370/365 366/371/366 437/443/437
f 366/371/366 438/444/438 437/443/437
f 366/371/366 367/372/367 438/444/438
f 367/372/367 439/445/439 438/444/438
f 367/372/367 368/373/368 439/445/439
f 368/373/368 440/446/440 439/445/439
f 368/373/368 369/374/369 440/446/440
f 369/374/369 441/447/441 440/446/440
f 369/374/369 370/375/370 441/447/441
f 370/375/370 442/448/442 441/447/441
f 370/375/370 371/376/371 442/448/442
f 371/376/371 443/449/443 442/448/442
f 371/376/371 372/377/372 443/449/443
f 372/377/372 444/450/444 443/449/443
f 372/377/372 373/378/373 444/450/444
f 373/378/373 445/451/445 444/450/444
f 373/378/373 374/379/374 445/451/445
f 374/379/374 446/452/446 445/451/445
f 374/379/374 375/380/375 446/452/446
f 375/380/375 447/453/447 446/452/446
f 375/380/375 376/381/376 447/453/447
f 376/381/376 448/454/448 447/453/447
f 376/381/376 377/382/377 448/454/448
f 377/382/377 449/455/449 448/454/448
f 377/382/377 378/383/378 449/455/449
f 378/383/378 450/456/450 449/455/449
f 378/383/378 379/384/379 450/456/450
f 379/384/379 451/457/451 450/456/450
f 379/384/379 380/385/380 451/457/451
f 380/385/380 452/458/452 451/457/451
f 380/385/380 381/386/381 452/458/452
f 381/386/381 453/459/453 452/458/452
f 381/386/381 382/387/382 453/459/453
f 382/387/382 454/460/454 453/459/453
f 382/387/382 383/388/383 454/460/454
f 383/388/383 455/461/455 454/460/454
f 383/388/383 384/389/384 455/461/455
f 384/389/384 456/462/456 455/461/455
f 384/389/384 385/390/385 456/462/456
f 385/390/385 457/463/457 456/462/456
f 385/390/385 386/391/386 457/463/457
f 386/391/386 458/464/458 457/463/457
f 386/391/386 387/392/387 458/464/458
f 387/392/387 459/465/459 458/464/458
f 387/392/387 388/393/388 459/465/459
f 388/393/388 460/466/460 459/465/459
f 388/393/388 389/394/389 460/466/460
f 389/394/389 461/467/461 460/466/460
f 389/394/389 390/395/390 461/467/461
f 390/395/390 462/468/462 461/467/461
f 390/395/390 391/396/391 462/468/462
f 391/396/391 463/469/463 462/468/462
f 391/396/391 392/397/392 463/469/463
f 392/397/392 464/470/464 463/469/463
f 392/397/392 393/398/393 464/470/464
f 393/398/393 465/471/465 464/470/464
f 393/398/393 394/399/394 465/471/465
f 394/399/394 466/472/466 465/471/465
f 394/399/394 395/400/395 466/472/466
f 395/400/395 467/473/467 466/472/466
f 395/400/395 396/401/396 467/473/467
f 396/401/396 468/474/468 467/473/467
f 396/401/396 397/402/397 468/474/468
f 397/402/397 469/475/469 468/474/468
f 397/402/397 398/403/398 469/475/469
f 398/403/398 470/476/470 469/475/469
f 398/403/398 399/404/399 470/476/470
f 399/404/399 471/477/471 470/476/470
f 399/404/399 400/405/400 471/477/471
f 400/405/400 472/478/472 471/477/471
f 400/405/400 401/406/401 472/478/472
f 401/406/401 473/479/473 472/478/472
f 401/406/401 402/407/402 473/479/473
f 402/407/402 474/480/474 473/479/473
f 402/407/402 403/408/403 474/480/474
f 403/408/403 475/481/475 474/480/474
f 403/408/403 404/409/404 475/481/475
f 404/409/404 476/482/476 475/481/475
f 404/409/404 405/410/405 476/482/476
f 405/410/405 477/483/477 476/482/476
f 405/410/405 406/411/406 477/483/477
f 406/411/406 478/484/478 477/483/477
f 406/411/406 407/412/407 478/484/478
f 407/412/407 479/485/479 478/484/478
f 407/412/407 408/413/408 479/485/479
f 408/413/408 480/486/480 479/485/479
f 408/413/408 409/414/409 480/486/480
f 409/414/409 481/487/481 480/486/480
f 409/414/409 410/415/410 481/487/481
f 410/415/410 482/488/482 481/487/481
f 410/415/410 411/416/411 482/488/482
f 411/416/411 483/489/483 482/488/482
f 411/416/411 412/417/412 483/489/483
f 412/417/412 484/490/484 483/489/483
f 412/417/412 413/418/413 484/490/484
f 413/418/413 485/491/485 484/490/484
f 413/418/413 414/419/414 485/491/485
f 414/419/414 486/492/486 485/491/485
f 414/419/414 415/420/415 486/492/486
f 415/420/415 487/493/487 486/492/486
f 415/420/415 416/421/416 487/493/487
f 416/421/416 488/494/488 487/493/487
f 416/421/416 417/422/417 488/494/488
f 417/422/417 489/495/489 488/494/488
f 417/422/417 418/423/418 489/495/489
f 418/423/418 490/496/490 489/495/489
f 418/423/418 419/424/419 490/496/490
f 419/424/419 491/497/491 490/496/490
f 419/424/419 420/425/420 491/497/491
f 420/425/420 492/498/492 491/497/491
f 420/425/420 421/426/421 492/498/492
f 421/426/421 493/499/493 492/498/492
f 421/426/421 422/427/422 493/499/493
f 422/427/422 494/500/494 493/499/493
f 422/427/422 423/428/423 494/500/494
f 423/428/423 495/501/495 494/500/494
f 423/428/423 424/429/424 495/501/495
f 424/429/424 496/502/496 495/501/495
f 424/429/424 425/430/425 496/502/496
f 425/430/425 497/503/497 496/502/496
f 425/430/425 426/431/426 497/503/497
f 426/431/426 498/504/498 497/503/497
f 426/431/426 427/432/427 498/504/498
f 427/432/427 499/505/499 498/504/498
f 427/432/427 428/433/428 499/505/499
f 428/433/428 500/506/500 499/505/499
f 428/433/428 429/434/429 500/506/500
f 429/434/429 501/507/501 500/506/500
f 429/434/429 430/435/430 501/507/501
f 430/435/430 502/508/502 501/507/501
f 430/435/430 431/436/431 502/508/502
f 431/436/431 503/509/503 502/508/502
f 431/436/431 432/437/432 503/509/503
f 432/437/432 504/510/504 503/509/503
f 432/437/432 433/438/433 504/510/504
f 433/438/433 505/511/505 504/510/504
f 433/438/433 362/439/362 505/511/505
f 362/439/362 434/512/434 505/511/505
f 434/440/434 435/441/435 506/513/506
f 435/441/435 507/514/507 506/513/506
f 435/441/435 436/442/436 507/514/507
f 436/442/436 508/515/508 507/514/507
f 436/442/436 437/443/437 508/515/508
f 437/443/437 509/516/509 508/515/508
f 437/443/437 438/444/438 509/516/509
f 438/444/438 510/517/510 509/516/509
f 438/444/438 439/445/439 510/517/510
f 439/445/439 511/518/511 510/517/510
f 439/445/439 440/446/440 511/518/511
f 440/446/440 512/519/512 511/518/511
f 440/446/440 441/447/441 512/519/512
f 441/447/441 513/520/513 512/519/512
f 441/447/441 442/448/442 513/520/513
f 442/448/442 514/521/514 513/520/513
f 442/448/442 443/449/443 514/521/514
f 443/449/443 515/522/515 514/521/514
f 443/449/443 444/450/444 515/522/515
f 444/450/444 516/523/516 515/522/515
f 444/450/444 445/451/445 516/523/516
f 445/451/445 517/524/517 516/523/516
f 445/451/445 446/452/446 517/524/517
f 446/452/446 518/525/518 517/524/517
f 446/452/446 447/453/447 518/525/518
f 447/453/447 519/526/519 518/525/518
f 447/453/447 448/454/448 519/526/519
f 448/454/448 520/527/520 519/526/519
f 448/454/448 449/455/449 520/527/520
f 449/455/449 521/528/521 520/527/520
f 449/455/449 450/456/450 521/528/521
f 450/456/450 522/529/522 521/528/521
f 450/456/450 451/457/451 522/529/522
f 451/457/451 523/530/523 522/529/522
f 451/457/451 452/458/452 523/530/523
f 452/458/452 524/531/524 523/530/523
f 452/458/452 453/459/453 524/531/524
f 453/459/453 525/532/525 524/531/524
f 453/459/453 454/460/454 525/532/525
f 454/460/454 526/533/526 525/532/525
f 454/460/454 455/461/455 526/533/526
f 455/461/455 527/534/527 526/533/526
f 455/461/455 456/462/456 527/534/527
f 456/462/456 528/535/528 527/534/527
f 456/462/456 457/463/457 528/535/528
f 457/463/457 529/536/529 528/535/528
f 457/463/457 458/464/458 529/536/529
f 458/464/458 530/537/530 529/536/529
f 458/464/458 459/465/459 530/537/530
f 459/465/459 531/538/531 530/537/530
f 459/465/459 460/466/460 531/538/531
f 460/466/460 532/539/532 531/538/531
f 460/466/460 461/467/461 532/539/532
f 461/467/461 533/540/533 532/539/532
f 461/467/461 462/468/462 533/540/533
f 462/468/462 534/541/534 533/540/533
f 462/468/462 463/469/463 534/541/534
f 463/469/463 535/542/535 534/541/534
f 463/469/463 464/470/464 535/542/535
f 464/470/464 536/543/536 535/542/535
f 464/470/464 465/471/465 536/543/536
f 465/471/465 537/544/537 536/543/536
f 465/471/465 466/472/466 537/544/537
f 466/472/466 538/545/538 537/544/537
f 466/472/466 467/473/467 538/545/538
f 467/473/467 539/546/539 538/545/538
f 467/473/467 468/474/468 539/546/539
f 468/474/468 540/547/540 539/546/539
f 468/474/468 469/475/469 540/547/540
f 469/475/469 541/548/541 540/547/540
f 469/475/469 470/476/470 541/548/541
f 470/476/470 542/549/542 541/548/541
f 470/476/470 471/477/471 542/549/542
f 471/477/471 543/550/543 542/549/542
f 471/477/471 472/478/472 543/550/543
f 472/478/472 544/551/544 543/550/543
f 472/478/472 473/479/473 544/551/544
f 473/479/473 545/552/545 544/551/544
f 473/479/473 474/480/474 545/552/545
f 474/480/474 546/553/546 545/552/545
f 474/480/474 475/481/475 546/553/546
f 475/481/475 547/554/547 546/553/546
f 475/481/475 476/482/476 547/554/547
f 476/482/476 548/555/548 547/554/547
f 476/482/476 477/483/477 548/555/548
f 477/483/477 549/556/549 548/555/548
f 477/483/477 478/484/478 549/556/549
f 478/484/478 550/557/550 549/556/549
f 478/484/478 479/485/479 550/557/550
f 479/485/479 551/558/551 550/557/550
f 479/485/479 480/486/480 551/558/551
f 480/486/480 552/559/552 551/558/551
f 480/486/480 481/487/481 552/559/552
f 481/487/481 553/560/553 552/559/552
f 481/487/481 482/488/482 553/560/553
f 482/488/482 554/561/554 553/560/553
f 482/488/482 483/489/483 554/561/554
f 483/489/483 555/562/555 554/561/554
f 483/489/483 484/490/484 555/562/555
f 484/490/484 556/563/556 555/562/555
f 484/490/484 485/491/485 556/563/556
f 485/491/485 557/564/557 556/563/556
f 485/491/485 486/492/486 557/564/557
f 486/492/486 558/565/558 557/564/557
f 486/492/486 487/493/487 558/565/558
f 487/493/487 559/566/559 558/565/558
f 487/493/487 488/494/488 559/566/559
f 488/494/488 560/567/560 559/566/559
f 488/494/488 489/495/489 560/567/560
f 489/495/489 561/568/561 560/567/560
f 489/495/489 490/496/490 561/568/561
f 490/496/490 562/569/562 561/568/561
f 490/496/490 491/497/491 562/569/562
f 491/497/491 563/570/563 562/569/562
f 491/497/491 492/498/492 563/570/563
f 492/498/492 564/571/564 563/570/563
f 492/498/492 493/499/493 564/571/564
f 493/499/493 565/572/565 564/571/564
f 493/499/493 494/500/494 565/572/565
f 494/500/494 566/573/566 565/572/565
f 494/500/494 495/501/495 566/573/566
f 495/501/495 567/574/567 566/573/566
f 495/501/495 496/502/496 567/574/567
f 496/502/496 568/575/568 567/574/567
f 496/502/496 497/503/497 568/575/568
f 497/503/497 569/576/569 568/575/568
f 497/503/497 498/504/498 569/576/569
f 498/504/498 570/577/570 569/576/569
f 498/504/498 499/505/499 570/577/570
f 499/505/499 571/578/571 570/577/570
f 499/505/499 500/506/500 571/578/571
f 500/506/500 572/579/572 571/578/571
f 500/506/500 501/507/501 572/579/572
f 501/507/501 573/580/573 572/579/572
f 501/507/501 502/508/502 573/580/573
f 502/508/502 574/581/574 573/580/573
f 502/508/502 503/509/503 574/581/574
f 503/509/503 575/582/575 574/581/574
f 503/509/503 504/510/504 575/582/575
f 504/510/504 576/583/576 575/582/575
f 504/510/504 505/511/505 576/583/576
f 505/511/505 577/584/577 576/583/576
f 505/511/505 434/512/434 577/584/577
f 434/512/434 506/585/506 577/584/577
f 506/513/506 507/514/507 578/586/578
f 507/514/507 579/587/579 578/586/578
f 507/514/507 508/515/508 579/587/579
f 508/515/508 580/588/580 579/587/579
f 508/515/508 509/516/509 580/588/580
f 509/516/509 581/589/581 580/588/580
f 509/516/509 510/517/510 581/589/581
f 510/517/510 582/590/582 581/589/581
f 510/517/510 511/518/511 582/590/582
f 511/518/511 583/591/583 582/590/582
f 511/518/511 512/519/512 583/591/583
f 512/519/512 584/592/584 583/591/583
f 512/519/512 513/520/513 584/592/584
f 513/520/513 585/593/585 584/592/584
f 513/520/513 514/521/514 585/593/585
f 514/521/514 586/594/586 585/593/585
f 514/521/514 515/522/515 586/594/586
f 515/522/515 587/595/587 586/594/586
f 515/522/515 516/523/516 587/595/587
f 516/523/516 588/596/588 587/595/587
f 516/523/516 517/524/517 588/596/588
f 517/524/517 589/597/589 588/596/588
f 517/524/517 518/525/518 589/597/589
f 518/525/518 590/598/590 589/597/589
f 518/525/518 519/526/519 590/598/590
f 519/526/519 591/599/591 590/598/590
f 519/526/519 520/527/520 591/599/591
f 520/527/520 592/600/592 591/599/591
f 520/527/520 521/528/521 592/600/592
f 521/528/521 593/601/593 592/600/592
f 521/528/521 522/529/522 593/601/593
f 522/529/522 594/602/594 593/601/593
f 522/529/522 523/530/523 594/602/594
f 523/530/523 595/603/595 594/602/594
f 523/530/523 524/531/524 595/603/595
f 524/531/524 596/604/596 595/603/595
f 524/531/524 525/532/525 596/604/596
f 525/532/525 597/605/597 596/604/596
f 525/532/525 526/533/526 597/605/597
f 526/533/526 598/606/598 597/605/597
f 526/533/526 527/534/527 598/606/598
f 527/534/527 599/607/599 598/606/598
f 527/534/527 528/535/528 599/607/599
f 528/535/528 600/608/600 599/607/599
f 528/535/528 529/536/529 600/608/600
f 529/536/529 601/609/601 600/608/600
f 529/536/529 530/537/530 601/609/601
f 530/537/530 602/610/602 601/609/601
f 530/537/530 531/538/531 602/610/602
f 531/538/531 603/611/603 602/610/602
f 531/538/531 532/539/532 603/611/603
f 532/539/532 604/612/604 603/611/603
f 532/539/532 533/540/533 604/612/604
f 533/540/533 605/613/605 604/612/604
f 533/540/533 534/541/534 605/613/605
f 534/541/534 606/614/606 605/613/605
f 534/541/534 535/542/535 606/614/606
f 535/542/535 607/615/607 606/614/606
f 535/542/535 536/543/536 607/615/607
f 536/543/536 608/616/608 607/615/607
f 536/543/536 537/544/537 608/616/608
f 537/544/537 609/617/609 608/616/608
f 537/544/537 538/545/538 609/617/609
f 538/545/538 610/618/610 609/617/609
f 538/545/538 539/546/539 610/618/610
f 539/546/539 611/619/611 610/618/610
f 539/546/539 540/547/540 611/619/611
f 540/547/540 612/620/612 611/619/611
f 540/547/540 541/548/541 612/620/612
f 541/548/541 613/621/613 612/620/612
f 541/548/541 542/549/542 613/621/613
f 542/549/542 614/622/614 613/621/613
f 542/549/542 543/550/543 614/622/614
f 543/550/543 615/623/615 614/622/614
f 543/550/543 544/551/544 615/623/615
f 544/551/544 616/624/616 615/623/615
f 544/551/544 545/552/545 616/624/616
f 545/552/545 617/625/617 616/624/616
f 545/552/545 546/553/546 617/625/617
f 546/553/546 618/626/618 617/625/617
f 546/553/546 547/554/547 618/626/618
f 547/554/547 619/627/619 618/626/618
f 547/554/547 548/555/548 619/627/619
f 548/555/548 620/628/620 619/627/619
f 548/555/548 549/556/549 620/628/620
f 549/556/549 621/629/621 620/628/620
f 549/556/549 550/557/550 621/629/621
f 550/557/550 622/630/622 621/629/621
f 550/557/550 551/558/551 622/630/622
f 551/558/551 623/631/623 622/630/622
f 551/558/551 552/559/552 623/631/623
f 552/559/552 624/632/624 623/631/623
f 552/559/552 553/560/553 624/632/624
f 553/560/553 625/633/625 624/632/624
f 553/560/553 554/561/554 625/633/625
f 554/561/554 626/634/626 625/633/625
f 554/561/554 555/562/555 626/634/626
f 555/562/555 627/635/627 626/634/626
f 555/562/555 556/563/556 627/635/627
f 556/563/556 628/636/628 627/635/627
f 556/563/556 557/564/557 628/636/628
f 557/564/557 629/637/629 628/636/628
f 557/564/557 558/565/558 629/637/629
f 558/565/558 630/638/630 629/637/629
f 558/565/558 559/566/559 630/638/630
f 559/566/559 631/639/631 630/638/630
f 559/566/559 560/567/560 631/639/631
f 560/567/560 632/640/632 631/639/631
f 560/567/560 561/568/561 632/640/632
f 561/568/561 633/641/633 632/640/632
f 561/568/561 562/569/562 633/641/633
f 562/569/562 634/642/634 633/641/633
f 562/569/562 563/570/563 634/642/634
f 563/570/563 635/643/635 634/642/634
f 563/570/563 564/571/564 635/643/635
f 564/571/564 636/644/636 635/643/635
f 564/571/564 565/572/565 636/644/636
f 565/572/565 637/645/637 636/644/636
f 565/572/565 566/573/566 637/645/637
f 566/573/566 638/646/638 637/645/637
f 566/573/566 567/574/567 638/646/638
f 567/574/567 639/647/639 638/646/638
f 567/574/567 568/575/568 639/647/639
f 568/575/568 640/648/640 639/647/639
f 568/575/568 569/576/569 640/648/640
f 569/576/569 641/649/641 640/648/640
f 569/576/569 570/577/570 641/649/641
f 570/577/570 642/650/642 641/649/641
f 570/577/570 571/578/571 642/650/642
f 571/578/571 643/651/643 642/650/642
f 571/578/571 572/579/572 643/651/643
f 572/579/572 644/652/644 643/651/643
f 572/579/572 573/580/573 644/652/644
f 573/580/573 645/653/645 644/652/644
f 573/580/573 574/581/574 645/653/645
f 574/581/574 646/654/646 645/653/645
f 574/581/574 575/582/575 646/654/646
f 575/582/575 647/655/647 646/654/646
f 575/582/575 576/583/576 647/655/647
f 576/583/576 648/656/648 647/655/647
f 576/583/576 577/584/577 648/656/648
f 577/584/577 649/657/649 648/656/648
f 577/584/577 506/585/506 649/657/649
f 506/585/506 578/658/578 649/657/649
f 578/586/578 579/587/579 650/659/650
f 579/587/579 651/660/651 650/659/650
f 579/587/579 580/588/580 651/660/651
f 580/588/580 652/661/652 651/660/651
f 580/588/580 581/589/581 652/661/652
f 581/589/581 653/662/653 652/661/652
f 581/589/581 582/590/582 653/662/653
f 582/590/582 654/663/654 653/662/653
f 582/590/582 583/591/583 654/663/654
f 583/591/583 655/664/655 654/663/654
f 583/591/583 584/592/584 655/664/655
f 584/592/584 656/665/656 655/664/655
f 584/592/584 585/593/585 656/665/656
f 585/593/585 657/666/657 656/665/656
f 585/593/585 586/594/586 657/666/657
f 586/594/586 658/667/658 657/666/657
f 586/594/586 587/595/587 658/667/658
f 587/595/587 659/668/659 658/667/658
f 587/595/587 588/596/588 659/668/659
f 588/596/588 660/669/660 659/668/659
f 588/596/588 589/597/589 660/669/660
f 589/597/589 661/670/661 660/669/660
f 589/597/589 590/598/590 661/670/661
f 590/598/590 662/671/662 661/670/661
f 590/598/590 591/599/591 662/671/662
f 591/599/591 663/672/663 662/671/662
f 591/599/591 592/600/592 663/672/663
f 592/600/592 664/673/664 663/672/663
f 592/600/592 593/601/593 664/673/664
f 593/601/593 665/674/665 664/673/664
f 593/601/593 594/602/594 665/674/665
f 594/602/594 666/675/666 665/674/665
f 594/602/594 595/603/595 666/675/666
f 595/603/595 667/676/667 666/675/666
f 595/603/595 596/604/596 667/676/667
f 596/604/596 668/677/668 667/676/667
f 596/604/596 597/605/597 668/677/668
f 597/605/597 669/678/669 668/677/668
f 597/605/597 598/606/598 669/678/669
f 598/606/598 670/679/670 669/678/669
f 598/606/598 599/607/599 670/679/670
f 599/607/599 671/680/671 670/679/670
f 599/607/599 600/608/600 671/680/671
f 600/608/600 672/681/672 671/680/671
f 600/608/600 601/609/601 672/681/672
f 601/609/601 673/682/673 672/681/672
f 601/609/601 602/610/602 673/682/673
f 602/610/602 674/683/674 673/682/673
f 602/610/602 603/611/603 674/683/674
f 603/611/603 675/684/675 674/683/674
f 603/611/603 604/612/604 675/684/675
f 604/612/604 676/685/676 675/684/675
f 604/612/604 605/613/605 676/685/676
f 605/613/605 677/686/677 676/685/676
f 605/613/605 606/614/606 677/686/677
f 606/614/606 678/687/678 677/686/677
f 606/614/606 607/615/607 678/687/678
f 607/615/607 679/688/679 678/687/678
f 607/615/607 608/616/608 679/688/679
f 608/616/608 680/689/680 679/688/679
f 608/616/608 609/617/609 680/689/680
f 609/617/609 681/690/681 680/689/680
f 609/617/609 610/618/610 681/690/681
f 610/618/610 682/691/682 681/690/681
f 610/618/610 611/619/611 682/691/682
f 611/619/611 683/692/683 682/691/682
f 611/619/611 612/620/612 683/692/683
f 612/620/612 684/693/684 683/692/683
f 612/620/612 613/621/613 684/693/684
f 613/621/613 685/694/685 684/693/684
f 613/621/613 614/622/614 685/694/685
f 614/622/614 686/695/686 685/694/685
f 614/622/614 615/623/615 686/695/686
f 615/623/615 687/696/687 686/695/686
f 615/623/615 616/624/616 687/696/687
f 616/624/616 688/697/688 687/696/687
f 616/624/616 617/625/617 688/697/688
f 617/625/617 689/698/689 688/697/688
f 617/625/617 618/626/618 689/698/689
f 618/626/618 690/699/690 689/698/689
f 618/626/618 619/627/619 690/699/690
f 619/627/619 691/700/691 690/699/690
f 619/627/619 620/628/620 691/700/691
f 620/628/620 692/701/692 691/700/691
f 620/628/620 621/629/621 692/701/692
f 621/629/621 693/702/693 692/701/692
f 621/629/621 622/630/622 693/702/693
f 622/630/622 694/703/694 693/702/693
f 622/630/622 623/631/623 694/703/694
f 623/631/623 695/704/695 694/703/694
f 623/631/623 624/632/624 695/704/695
f 624/632/624 696/705/696 695/704/695
f 624/632/624 625/633/625 696/705/696
f 625/633/625 697/706/697 696/705/696
f 625/633/625 626/634/626 697/706/697
f 626/634/626 698/707/698 697/706/697
f 626/634/626 627/635/627 698/707/698
f 627/635/627 699/708/699 698/707/698
f 627/635/627 628/636/628 699/708/699
f 628/636/628 700/709/700 699/708/699
f 628/636/628 629/637/629 700/709/700
f 629/637/629 701/710/701 700/709/700
f 629/637/629 630/638/630 701/710/701
f 630/638/630 702/711/702 701/710/701
f 630/638/630 631/639/631 702/711/702
f 631/639/631 703/712/703 702/711/702
f 631/639/631 632/640/632 703/712/703
f 632/640/632 704/713/704 703/712/703
f 632/640/632 633/641/633 704/713/704
f 633/641/633 705/714/705 704/713/704
f 633/641/633 634/642/634 705/714/705
f 634/642/634 706/715/706 705/714/705
f 634/642/634 635/643/635 706/715/706
f 635/643/635 707/716/707 706/715/706
f 635/643/635 636/644/636 707/716/707
f 636/644/636 708/717/708 707/716/707
f 636/644/636 637/645/637 708/717/708
f 637/645/637 709/718/709 708/717/708
f 637/645/637 638/646/638 709/718/709
f 638/646/638 710/719/710 709/718/709
f 638/646/638 639/647/639 710/719/710
f 639/647/639 711/720/711 710/719/710
f 639/647/639 640/648/640 711/720/711
f 640/648/640 712/721/712 711/720/711
f 640/648/640 641/649/641 712/721/712
f 641/649/641 713/722/713 712/721/712
f 641/649/641 642/650/642 713/722/713
f 642/650/642 714/723/714 713/722/713
f 642/650/642 643/651/643 714/723/714
f 643/651/643 715/724/715 714/723/714
f 643/651/643 644/652/644 715/724/715
f 644/652/644 716/725/716 715/724/715
f 644/652/644 645/653/645 716/725/716
f 645/653/645 717/726/717 716/725/716
f 645/653/645 646/654/646 717/726/717
f 646/654/646 718/727/718 717/726/717
f 646/654/646 647/655/647 718/727/718
f 647/655/647 719/728/719 718/727/718
f 647/655/647 648/656/648 719/728/719
f 648/656/648 720/729/720 719/728/719
f 648/656/648 649/657/649 720/729/720
f 649/657/649 721/730/721 720/729/720
f 649/657/649 578/658/578 721/730/721
f 578/658/578 650/731/650 721/730/721
f 650/659/650 651/660/651 722/732/722
f 651/660/651 723/733/723 722/732/722
f 651/660/651 652/661/652 723/733/723
f 652/661/652 724/734/724 723/733/723
f 652/661/652 653/662/653 724/734/724
f 653/662/653 725/735/725 724/734/724
f 653/662/653 654/663/654 725/735/725
f 654/663/654 726/736/726 725/735/725
f 654/663/654 655/664/655 726/736/726
f 655/664/655 727/737/727 726/736/726
f 655/664/655 656/665/656 727/737/727
f 656/665/656 728/738/728 727/737/727
f 656/665/656 657/666/657 728/738/728
f 657/666/657 729/739/729 728/738/728
f 657/666/657 658/667/658 729/739/729
f 658/667/658 730/740/730 729/739/729
f 658/667/658 659/668/659 730/740/730
f 659/668/659 731/741/731 730/740/730
f 659/668/659 660/669/660 731/741/731
f 660/669/660 732/742/732 731/741/731
f 660/669/660 661/670/661 732/742/732
f 661/670/661 733/743/733 732/742/732
f 661/670/661 662/671/662 733/743/733
f 662/671/662 734/744/734 733/743/733
f 662/671/662 663/672/663 734/744/734
f 663/672/663 735/745/735 734/744/734
f 663/672/663 664/673/664 735/745/735
f 664/673/664 736/746/736 735/745/735
f 664/673/664 665/674/665 736/746/736
f 665/674/665 737/747/737 736/746/736
f 665/674/665 666/675/666 737/747/737
f 666/675/666 738/748/738 737/747/737
f 666/675/666 667/676/667 738/748/738
f 667/676/667 739/749/739 738/748/738
f 667/676/667 668/677/668 739/749/739
f 668/677/668 740/750/740 739/749/739
f 668/677/668 669/678/669 740/750/740
f 669/678/669 741/751/741 740/750/740
f 669/678/669 670/679/670 741/751/741
f 670/679/670 742/752/742 741/751/741
f 670/679/670 671/680/671 742/752/742
f 671/680/671 743/753/743 742/752/742
f 671/680/671 672/681/672 743/753/743
f 672/681/672 744/754/744 743/753/743
f 672/681/672 673/682/673 744/754/744
f 673/682/673 745/755/745 744/754/744
f 673/682/673 674/683/674 745/755/745
f 674/683/674 746/756/746 745/755/745
f 674/683/674 675/684/675 746/756/746
f 675/684/675 747/757/747 746/756/746
f 675/684/675 676/685/676 747/757/747
f 676/685/676 748/758/748 747/757/747
f 676/685/676 677/686/677 748/758/748
f 677/686/677 749/759/749 748/758/748
f 677/686/677 678/687/678 749/759/749
f 678/687/678 750/760/750 749/759/749
f 678/687/678 679/688/679 750/760/750
f 679/688/679 751/761/751 750/760/750
f 679/688/679 680/689/680 751/761/751
f 680/689/680 752/762/752 751/761/751
f 680/689/680 681/690/681 752/762/752
f 681/690/681 753/763/753 752/762/752
f 681/690/681 682/691/682 753/763/753
f 682/691/682 754/764/754 753/763/753
f 682/691/682 683/692/683 754/764/754
f 683/692/683 755/765/755 754/764/754
f 683/692/683 684/693/684 755/765/755
f 684/693/684 756/766/756 755/765/755
f 684/693/684 685/694/685 756/766/756
f 685/694/685 757/767/757 756/766/756
f 685/694/685 686/695/686 757/767/757
f 686/695/686 758/768/758 757/767/757
f 686/695/686 687/696/687 758/768/758
f 687/696/687 759/769/759 758/768/758
f 687/696/687 688/697/688 759/769/759
f 688/697/688 760/770/760 759/769/759
f 688/697/688 689/698/689 760/770/760
f 689/698/689 761/771/761 760/770/760
f 689/698/689 690/699/690 761/771/761
f 690/699/690 762/772/762 761/771/761
f 690/699/690 691/700/691 762/772/762
f 691/700/691 763/773/763 762/772/762
f 691/700/691 692/701/692 763/773/763
f 692/701/692 764/774/764 763/773/763
f 692/701/692 693/702/693 764/774/764
f 693/702/693 765/775/765 764/774/764
f 693/702/693 694/703/694 765/775/765
f 694/703/694 766/776/766 765/775/765
f 694/703/694 695/704/695 766/776/766
f 695/704/695 767/777/767 766/776/766
f 695/704/695 696/705/696 767/777/767
f 696/705/696 768/778/768 767/777/767
f 696/705/696 697/706/697 768/778/768
f 697/706/697 769/779/769 768/778/768
f 697/706/697 698/707/698 769/779/769
f 698/707/698 770/780/770 769/779/769
f 698/707/698 699/708/699 770/780/770
f 699/708/699 771/781/771 770/780/770
f 699/708/699 700/709/700 771/781/771
f 700/709/700 772/782/772 771/781/771
f 700/709/700 701/710/701 772/782/772
f 701/710/701 773/783/773 772/782/772
f 701/710/701 702/711/702 773/783/773
f 702/711/702 774/784/774 773/783/773
f 702/711/702 703/712/703 774/784/774
f 703/712/703 775/785/775 774/784/774
f 703/712/703 704/713/704 775/785/775
f 704/713/704 776/786/776 775/785/775
f 704/713/704 705/714/705 776/786/776
f 705/714/705 777/787/777 776/786/776
f 705/714/705 706/715/706 777/787/777
f 706/715/706 778/788/778 777/787/777
f 706/715/706 707/716/707 778/788/778
f 707/716/707 779/789/779 778/788/778
f 707/716/707 708/717/708 779/789/779
f 708/717/708 780/790/780 779/789/779
f 708/717/708 709/718/709 780/790/780
f 709/718/709 781/791/781 780/790/780
f 709/718/709 710/719/710 781/791/781
f 710/719/710 782/792/782 781/791/781
f 710/719/710 711/720/711 782/792/782
f 711/720/711 783/793/783 782/792/782
f 711/720/711 712/721/712 783/793/783
f 712/721/712 784/794/784 783/793/783
f 712/721/712 713/722/713 784/794/784
f 713/722/713 785/795/785 784/794/784
f 713/722/713 714/723/714 785/795/785
f 714/723/714 786/796/786 785/795/785
f 714/723/714 715/724/715 786/796/786
f 715/724/715 787/797/787 786/796/786
f 715/724/715 716/725/716 787/797/787
f 716/725/716 788/798/788 787/797/787
f 716/725/716 717/726/717 788/798/788
f 717/726/717 789/799/789 788/798/788
f 717/726/717 718/727/718 789/799/789
f 718/727/718 790/800/790 789/799/789
f 718/727/718 719/728/719 790/800/790
f 719/728/719 791/801/791 790/800/790
f 719/728/719 720/729/720 791/801/791
f 720/729/720 792/802/792 791/801/791
f 720/729/720 721/730/721 792/802/792
f 721/730/721 793/803/793 792/802/792
f 721/730/721 650/731/650 793/803/793
f 650/731/650 722/804/722 793/803/793
f 722/732/722 723/733/723 794/805/794
f 723/733/723 795/806/795 794/805/794
f 723/733/723 724/734/724 795/806/795
f 724/734/724 796/807/796 795/806/795
f 724/734/724 725/735/725 796/807/796
f 725/735/725 797/808/797 796/807/796
f 725/735/725 726/736/726 797/808/797
f 726/736/726 798/809/798 797/808/797
f 726/736/726 727/737/727 798/809/798
f 727/737/727 799/810/799 798/809/798
f 727/737/727 728/738/728 799/810/799
f 728/738/728 800/811/800 799/810/799
f 728/738/728 729/739/729 800/811/800
f 729/739/729 801/812/801 800/811/800
f 729/739/729 730/740/730 801/812/801
f 730/740/730 802/813/802 801/812/801
f 730/740/730 731/741/731 802/813/802
f 731/741/731 803/814/803 802/813/802
f 731/741/731 732/742/732 803/814/803
f 732/742/732 804/815/804 803/814/803
f 732/742/732 733/743/733 804/815/804
f 733/743/733 805/816/805 804/815/804
f 733/743/733 734/744/734 805/816/805
f 734/744/734 806/817/806 805/816/805
f 734/744/734 735/745/735 806/817/806
f 735/745/735 807/818/807 806/817/806
f 735/745/735 736/746/736 807/818/807
f 736/746/736 808/819/808 807/818/807
f 736/746/736 737/747/737 808/819/808
f 737/747/737 809/820/809 808/819/808
f 737/747/737 738/748/738 809/820/809
f 738/748/738 810/821/810 809/820/809
f 738/748/738 739/749/739 810/821/810
f 739/749/739 811/822/811 810/821/810
f 739/749/739 740/750/740 811/822/811
f 740/750/740 812/823/812 811/822/811
f 740/750/740 741/751/741 812/823/812
f 741/751/741 813/824/813 812/823/812
f 741/751/741 742/752/742 813/824/813
f 742/752/742 814/825/814 813/824/813
f 742/752/742 743/753/743 814/825/814
f 743/753/743 815/826/815 814/825/814
f 743/753/743 744/754/744 815/826/815
f 744/754/744 816/827/816 815/826/815
f 744/754/744 745/755/745 816/827/816
f 745/755/745 817/828/817 816/827/816
f 745/755/745 746/756/746 817/828/817
f 746/756/746 818/829/818 817/828/817
f 746/756/746 747/757/747 818/829/818
f 747/757/747 819/830/819 818/829/818
f 747/757/747 748/758/748 819/830/819
f 748/758/748 820/831/820 819/830/819
f 748/758/748 749/759/749 820/831/820
f 749/759/749 821/832/821 820/831/820
f 749/759/749 750/760/750 821/832/821
f 750/760/750 822/833/822 821/832/821
f 750/760/750 751/761/751 822/833/822
f 751/761/751 823/834/823 822/833/822
f 751/761/751 752/762/752 823/834/823
f 752/762/752 824/835/824 823/834/823
f 752/762/752 753/763/753 824/835/824
f 753/763/753 825/836/825 824/835/824
f 753/763/753 754/764/754 825/836/825
f 754/764/754 826/837/826 825/836/825
f 754/764/754 755/765/755 826/837/826
f 755/765/755 827/838/827 826/837/826
f 755/765/755 756/766/756 827/838/827
f 756/766/756 828/839/828 827/838/827
f 756/766/756 757/767/757 828/839/828
f 757/767/757 829/840/829 828/839/828
f 757/767/757 758/768/758 829/840/829
f 758/768/758 830/841/830 829/840/829
f 758/768/758 759/769/759 830/841/830
f 759/769/759 831/842/831 830/841/830
f 759/769/759 760/770/760 831/842/831
f 760/770/760 832/843/832 831/842/831
f 760/770/760 761/771/761 832/843/832
f 761/771/761 833/844/833 832/843/832
f 761/771/761 762/772/762 833/844/833
f 762/772/762 834/845/834 833/844/833
f 762/772/762 763/773/763 834/845/834
f 763/773/763 835/846/835 834/845/834
f 763/773/763 764/774/764 835/846/835
f 764/774/764 836/847/836 835/846/835
f 764/774/764 765/775/765 836/847/836
f 765/775/765 837/848/837 836/847/836
f 765/775/765 766/776/766 837/848/837
f 766/776/766 838/849/838 837/848/837
f 766/776/766 767/777/767 838/849/838
f 767/777/767 839/850/839 838/849/838
f 767/777/767 768/778/768 839/850/839
f 768/778/768 840/851/840 839/850/839
f 768/778/768 769/779/769 840/851/840
f 769/779/769 841/852/841 840/851/840
f 769/779/769 770/780/770 841/852/841
f 770/780/770 842/853/842 841/852/841
f 770/780/770 771/781/771 842/853/842
f 771/781/771 843/854/843 842/853/842
f 771/781/771 772/782/772 843/854/843
f 772/782/772 844/855/844 843/854/843
f 772/782/772 773/783/773 844/855/844
f 773/783/773 845/856/845 844/855/844
f 773/783/773 774/784/774 845/856/845
f 774/784/774 846/857/846 845/856/845
f 774/784/774 775/785/775 846/857/846
f 775/785/775 847/858/847 846/857/846
f 775/785/775 776/786/776 847/858/847
f 776/786/776 848/859/848 847/858/847
f 776/786/776 777/787/777 848/859/848
f 777/787/777 849/860/849 848/859/848
f 777/787/777 778/788/778 849/860/849
f 778/788/778 850/861/850 849/860/849
f 778/788/778 779/789/779 850/861/850
f 779/789/779 851/862/851 850/861/850
f 779/789/779 780/790/780 851/862/851
f 780/790/780 852/863/852 851/862/851
f 780/790/780 781/791/781 852/863/852
f 781/791/781 853/864/853 852/863/852
f 781/791/781 782/792/782 853/864/853
f 782/792/782 854/865/854 853/864/853
f 782/792/782 783/793/783 854/865/854
f 783/793/783 855/866/855 854/865/854
f 783/793/783 784/794/784 855/866/855
f 784/794/784 856/867/856 855/866/855
f 784/794/784 785/795/785 856/867/856
f 785/795/785 857/868/857 856/867/856
f 785/795/785 786/796/786 857/868/857
f 786/796/786 858/869/858 857/868/857
f 786/796/786 787/797/787 858/869/858
f 787/797/787 859/870/859 858/869/858
f 787/797/787 788/798/788 859/870/859
f 788/798/788 860/871/860 859/870/859
f 788/798/788 789/799/789 860/871/860
f 789/799/789 861/872/861 860/871/860
f 789/799/789 790/800/790 861/872/861
f 790/800/790 862/873/862 861/872/861
f 790/800/790 791/801/791 862/873/862
f 791/801/791 863/874/863 862/873/862
f 791/801/791 792/802/792 863/874/863
f 792/802/792 864/875/864 863/874/863
f 792/802/792 793/803/793 864/875/864
f 793/803/793 865/876/865 864/875/864
f 793/803/793 722/804/722 865/876/865
f 722/804/722 794/877/794 865/876/865
f 794/805/794 795/806/795 866/878/866
f 795/806/795 867/879/867 866/878/866
f 795/806/795 796/807/796 867/879/867
f 796/807/796 868/880/868 867/879/867
f 796/807/796 797/808/797 868/880/868
f 797/808/797 869/881/869 868/880/868
f 797/808/797 798/809/798 869/881/869
f 798/809/798 870/882/870 869/881/869
f 798/809/798 799/810/799 870/882/870
f 799/810/799 871/883/871 870/882/870
f 799/810/799 800/811/800 871/883/871
f 800/811/800 872/884/872 871/883/871
f 800/811/800 801/812/801 872/884/872
f 801/812/801 873/885/873 872/884/872
f 801/812/801 802/813/802 873/885/873
f 802/813/802 874/886/874 873/885/873
f 802/813/802 803/814/803 874/886/874
f 803/814/803 875/887/875 874/886/874
f 803/814/803 804/815/804 875/887/875
f 804/815/804 876/888/876 875/887/875
f 804/815/804 805/816/805 876/888/876
f 805/816/805 877/889/877 876/888/876
f 805/816/805 806/817/806 877/889/877
f 806/817/806 878/890/878 877/889/877
f 806/817/806 807/818/807 878/890/878
f 807/818/807 879/891/879 878/890/878
f 807/818/807 808/819/808 879/891/879
f 808/819/808 880/892/880 879/891/879
f 808/819/808 809/820/809 880/892/880
f 809/820/809 881/893/881 880/892/880
f 809/820/809 810/821/810 881/893/881
f 810/821/810 882/894/882 881/893/881
f 810/821/810 811/822/811 882/894/882
f 811/822/811 883/895/883 882/894/882
f 811/822/811 812/823/812 883/895/883
f 812/823/812 884/896/884 883/895/883
f 812/823/812 813/824/813 884/896/884
f 813/824/813 885/897/885 884/896/884
f 813/824/813 814/825/814 885/897/885
f 814/825/814 886/898/886 885/897/885
f 814/825/814 815/826/815 886/898/886
f 815/826/815 887/899/887 886/898/886
f 815/826/815 816/827/816 887/899/887
f 816/827/816 888/900/888 887/899/887
f 816/827/816 817/828/817 888/900/888
f 817/828/817 889/901/889 888/900/888
f 817/828/817 818/829/818 889/901/889
f 818/829/818 890/902/890 889/901/889
f 818/829/818 819/830/819 890/902/890
f 819/830/819 891/903/891 890/902/890
f 819/830/819 820/831/820 891/903/891
f 820/831/820 892/904/892 891/903/891
f 820/831/820 821/832/821 892/904/892
f 821/832/821 893/905/893 892/904/892
f 821/832/821 822/833/822 893/905/893
f 822/833/822 894/906/894 893/905/893
f 822/833/822 823/834/823 894/906/894
f 823/834/823 895/907/895 894/906/894
f 823/834/823 824/835/824 895/907/895
f 824/835/824 896/908/896 895/907/895
f 824/835/824 825/836/825 896/908/896
f 825/836/825 897/909/897 896/908/896
f 825/836/825 826/837/826 897/909/897
f 826/837/826 898/910/898 897/909/897
f 826/837/826 827/838/827 898/910/898
f 827/838/827 899/911/899 898/910/898
f 827/838/827 828/839/828 899/911/899
f 828/839/828 900/912/900 899/911/899
f 828/839/828 829/840/829 900/912/900
f 829/840/829 901/913/901 900/912/900
f 829/840/829 830/841/830 901/913/901
f 830/841/830 902/914/902 901/913/901
f 830/841/830 831/842/831 902/914/902
f 831/842/831 903/915/903 902/914/902
f 831/842/831 832/843/832 903/915/903
f 832/843/832 904/916/904 903/915/903
f 832/843/832 833/844/833 904/916/904
f 833/844/833 905/917/905 904/916/904
f 833/844/833 834/845/834 905/917/905
f 834/845/834 906/918/906 905/917/905
f 834/845/834 835/846/835 906/918/906
f 835/846/835 907/919/907 906/918/906
f 835/846/835 836/847/836 907/919/907
f 836/847/836 908/920/908 907/919/907
f 836/847/836 837/848/837 908/920/908
f 837/848/837 909/921/909 908/920/908
f 837/848/837 838/849/838 909/921/909
f 838/849/838 910/922/910 909/921/909
f 838/849/838 839/850/839 910/922/910
f 839/850/839 911/923/911 910/922/910
f 839/850/839 840/851/840 911/923/911
f 840/851/840 912/924/912 911/923/911
f 840/851/840 841/852/841 912/924/912
f 841/852/841 913/925/913 912/924/912
f 841/852/841 842/853/842 913/925/913
f 842/853/842 914/926/914 913/925/913
f 842/853/842 843/854/843 914/926/914
f 843/854/843 915/927/915 914/926/914
f 843/854/843 844/855/844 915/927/915
f 844/855/844 916/928/916 915/927/915
f 844/855/844 845/856/845 916/928/916
f 845/856/845 917/929/917 916/928/916
f 845/856/845 846/857/846 917/929/917
f 846/857/846 918/930/918 917/929/917
f 846/857/846 847/858/847 918/930/918
f 847/858/847 919/931/919 918/930/918
f 847/858/847 848/859/848 919/931/919
f 848/859/848 920/932/920 919/931/919
f 848/859/848 849/860/849 920/932/920
f 849/860/849 921/933/921 920/932/920
f 849/860/849 850/861/850 921/933/921
f 850/861/850 922/934/922 921/933/921
f 850/861/850 851/862/851 922/934/922
f 851/862/851 923/935/923 922/934/922
f 851/862/851 852/863/852 923/935/923
f 852/863/852 924/936/924 923/935/923
f 852/863/852 853/864/853 924/936/924
f 853/864/853 925/937/925 924/936/924
f 853/864/853 854/865/854 925/937/925
f 854/865/854 926/938/926 925/937/925
f 854/865/854 855/866/855 926/938/926
f 855/866/855 927/939/927 926/938/926
f 855/866/855 856/867/856 927/939/927
f 856/867/856 928/940/928 927/939/927
f 856/867/856 857/868/857 928/940/928
f 857/868/857 929/941/929 928/940/928
f 857/868/857 858/869/858 929/941/929
f 858/869/858 930/942/930 929/941/929
f 858/869/858 859/870/859 930/942/930
f 859/870/859 931/943/931 930/942/930
f 859/870/859 860/871/860 931/943/931
f 860/871/860 932/944/932 931/943/931
f 860/871/860 861/872/861 932/944/932
f 861/872/861 933/945/933 932/944/932
f 861/872/861 862/873/862 933/945/933
f 862/873/862 934/946/934 933/945/933
f 862/873/862 863/874/863 934/946/934
f 863/874/863 935/947/935 934/946/934
f 863/874/863 864/875/864 935/947/935
f 864/875/864 936/948/936 935/947/935
f 864/875/864 865/876/865 936/948/936
f 865/876/865 937/949/937 936/948/936
f 865/876/865 794/877/794 937/949/937
f 794/877/794 866/950/866 937/949/937
f 866/878/866 867/879/867 938/951/938
f 867/879/867 939/952/939 938/951/938
f 867/879/867 868/880/868 939/952/939
f 868/880/868 940/953/940 939/952/939
f 868/880/868 869/881/869 940/953/940
f 869/881/869 941/954/941 940/953/940
f 869/881/869 870/882/870 941/954/941
f 870/882/870 942/955/942 941/954/941
f 870/882/870 871/883/871 942/955/942
f 871/883/871 943/956/943 942/955/942
f 871/883/871 872/884/872 943/956/943
f 872/884/872 944/957/944 943/956/943
f 872/884/872 873/885/873 944/957/944
f 873/885/873 945/958/945 944/957/944
f 873/885/873 874/886/874 945/958/945
f 874/886/874 946/959/946 945/958/945
f 874/886/874 875/887/875 946/959/946
f 875/887/875 947/960/947 946/959/946
f 875/887/875 876/888/876 947/960/947
f 876/888/876 948/961/948 947/960/947
f 876/888/876 877/889/877 948/961/948
f 877/889/877 949/962/949 948/961/948
f 877/889/877 878/890/878 949/962/949
f 878/890/878 950/963/950 949/962/949
f 878/890/878 879/891/879 950/963/950
f 879/891/879 951/964/951 950/963/950
f 879/891/879 880/892/880 951/964/951
f 880/892/880 952/965/952 951/964/951
f 880/892/880 881/893/881 952/965/952
f 881/893/881 953/966/953 952/965/952
f 881/893/881 882/894/882 953/966/953
f 882/894/882 954/967/954 953/966/953
f 882/894/882 883/895/883 954/967/954
f 883/895/883 955/968/955 954/967/954
f 883/895/883 884/896/884 955/968/955
f 884/896/884 956/969/956 955/968/955
f 884/896/884 885/897/885 956/969/956
f 885/897/885 957/970/957 956/969/956
f 885/897/885 886/898/886 957/970/957
f 886/898/886 958/971/958 957/970/957
f 886/898/886 887/899/887 958/971/958
f 887/899/887 959/972/959 958/971/958
f 887/899/887 888/900/888 959/972/959
f 888/900/888 960/973/960 959/972/959
f 888/900/888 889/901/889 960/973/960
f 889/901/889 961/974/961 960/973/960
f 889/901/889 890/902/890 961/974/961
f 890/902/890 962/975/962 961/974/961
f 890/902/890 891/903/891 962/975/962
f 891/903/891 963/976/963 962/975/962
f 891/903/891 892/904/892 963/976/963
f 892/904/892 964/977/964 963/976/963
f 892/904/892 893/905/893 964/977/964
f 893/905/893 965/978/965 964/977/964
f 893/905/893 894/906/894 965/978/965
f 894/906/894 966/979/966 965/978/965
f 894/906/894 895/907/895 966/979/966
f 895/907/895 967/980/967 966/979/966
f 895/907/895 896/908/896 967/980/967
f 896/908/896 968/981/968 967/980/967
f 896/908/896 897/909/897 968/981/968
f 897/909/897 969/982/969 968/981/968
f 897/909/897 898/910/898 969/982/969
f 898/910/898 970/983/970 969/982/969
f 898/910/898 899/911/899 970/983/970
f 899/911/899 971/984/971 970/983/970
f 899/911/899 900/912/900 971/984/971
f 900/912/900 972/985/972 971/984/971
f 900/912/900 901/913/901 972/985/972
f 901/913/901 973/986/973 972/985/972
f 901/913/901 902/914/902 973/986/973
f 902/914/902 974/987/974 973/986/973
f 902/914/902 903/915/903 974/987/974
f 903/915/903 975/988/975 974/987/974
f 903/915/903 904/916/904 975/988/975
f 904/916/904 976/989/976 975/988/975
f 904/916/904 905/917/905 976/989/976
f 905/917/905 977/990/977 976/989/976
f 905/917/905 906/918/906 977/990/977
f 906/918/906 978/991/978 977/990/977
f 906/918/906 907/919/907 978/991/978
f 907/919/907 979/992/979 978/991/978
f 907/919/907 908/920/908 979/992/979
f 908/920/908 980/993/980 979/992/979
f 908/920/908 909/921/909 980/993/980
f 909/921/909 981/994/981 980/993/980
f 909/921/909 910/922/910 981/994/981
f 910/922/910 982/995/982 981/994/981
f 910/922/910 911/923/911 982/995/982
f 911/923/911 983/996/983 982/995/982
f 911/923/911 912/924/912 983/996/983
f 912/924/912 984/997/984 983/996/983
f 912/924/912 913/925/913 984/997/984
f 913/925/913 985/998/985 984/997/984
f 913/925/913 914/926/914 985/998/985
f 914/926/914 986/999/986 985/998/985
f 914/926/914 915/927/915 986/999/986
f 915/927/915 987/1000/987 986/999/986
f 915/927/915 916/928/916 987/1000/987
f 916/928/916 988/1001/988 987/1000/987
f 916/928/916 917/929/917 988/1001/988
f 917/929/917 989/1002/989 988/1001/988
f 917/929/917 918/930/918 989/1002/989
f 918/930/918 990/1003/990 989/1002/989
f 918/930/918 919/931/919 990/1003/990
f 919/931/919 991/1004/991 990/1003/990
f 919/931/919 920/932/920 991/1004/991
f 920/932/920 992/1005/992 991/1004/991
f 920/932/920 921/933/921 992/1005/992
f 921/933/921 993/1006/993 992/1005/992
f 921/933/921 922/934/922 993/1006/993
f 922/934/922 994/1007/994 993/1006/993
f 922/934/922 923/935/923 994/1007/994
f 923/935/923 995/1008/995 994/1007/994
f 923/935/923 924/936/924 995/1008/995
f 924/936/924 996/1009/996 995/1008/995
f 924/936/924 925/937/925 996/1009/996
f 925/937/925 997/1010/997 996/1009/996
f 925/937/925 926/938/926 997/1010/997
f 926/938/926 998/1011/998 997/1010/997
f 926/938/926 927/939/927 998/1011/998
f 927/939/927 999/1012/999 998/1011/998
f 927/939/927 928/940/928 999/1012/999
f 928/940/928 1000/1013/1000 999/1012/999
f 928/940/928 929/941/929 1000/1013/1000
f 929/941/929 1001/1014/1001 1000/1013/1000
f 929/941/929 930/942/930 1001/1014/1001
f 930/942/930 1002/1015/1002 1001/1014/1001
f 930/942/930 931/943/931 1002/1015/1002
f 931/943/931 1003/1016/1003 1002/1015/1002
f 931/943/931 932/944/932 1003/1016/1003
f 932/944/932 1004/1017/1004 1003/1016/1003
f 932/944/932 933/945/933 1004/1017/1004
f 933/945/933 1005/1018/1005 1004/1017/1004
f 933/945/933 934/946/934 1005/1018/1005
f 934/946/934 1006/1019/1006 1005/1018/1005
f 934/946/934 935/947/935 1006/1019/1006
f 935/947/935 1007/1020/1007 1006/1019/1006
f 935/947/935 936/948/936 1007/1020/1007
f 936/948/936 1008/1021/1008 1007/1020/1007
f 936/948/936 937/949/937 1008/1021/1008
f 937/949/937 1009/1022/1009 1008/1021/1008
f 937/949/937 866/950/866 1009/1022/1009
f 866/950/866 938/1023/938 1009/1022/1009
f 938/951/938 939/952/939 1010/1024/1010
f 939/952/939 1011/1025/1011 1010/1024/1010
f 939/952/939 940/953/940 1011/1025/1011
f 940/953/940 1012/1026/1012 1011/1025/1011
f 940/953/940 941/954/941 1012/1026/1012
f 941/954/941 1013/1027/1013 1012/1026/1012
f 941/954/941 942/955/942 1013/1027/1013
f 942/955/942 1014/1028/1014 1013/1027/1013
f 942/955/942 943/956/943 1014/1028/1014
f 943/956/943 1015/1029/1015 1014/1028/1014
f 943/956/943 944/957/944 1015/1029/1015
f 944/957/944 1016/1030/1016 1015/1029/1015
f 944/957/944 945/958/945 1016/1030/1016
f 945/958/945 1017/1031/1017 1016/1030/1016
f 945/958/945 946/959/946 1017/1031/1017
f 946/959/946 1018/1032/1018 1017/1031/1017
f 946/959/946 947/960/947 1018/1032/1018
f 947/960/947 1019/1033/1019 1018/1032/1018
f 947/960/947 948/961/948 1019/1033/1019
f 948/961/948 1020/1034/1020 1019/1033/1019
f 948/961/948 949/962/949 1020/1034/1020
f 949/962/949 1021/1035/1021 1020/1034/1020
f 949/962/949 950/963/950 1021/1035/1021
f 950/963/950 1022/1036/1022 1021/1035/1021
f 950/963/950 951/964/951 1022/1036/1022
f 951/964/951 1023/1037/1023 1022/1036/1022
f 951/964/951 952/965/952 1023/1037/1023
f 952/965/952 1024/1038/1024 1023/1037/1023
f 952/965/952 953/966/953 1024/1038/1024
f 953/966/953 1025/1039/1025 1024/1038/1024
f 953/966/953 954/967/954 1025/1039/1025
f 954/967/954 1026/1040/1026 1025/1039/1025
f 954/967/954 955/968/955 1026/1040/1026
f 955/968/955 1027/1041/1027 1026/1040/1026
f 955/968/955 956/969/956 1027/1041/1027
f 956/969/956 1028/1042/1028 1027/1041/1027
f 956/969/956 957/970/957 1028/1042/1028
f 957/970/957 1029/1043/1029 1028/1042/1028
f 957/970/957 958/971/958 1029/1043/1029
f 958/971/958 1030/1044/1030 1029/1043/1029
f 958/971/958 959/972/959 1030/1044/1030
f 959/972/959 1031/1045/1031 1030/1044/1030
f 959/972/959 960/973/960 1031/1045/1031
f 960/973/960 1032/1046/1032 1031/1045/1031
f 960/973/960 961/974/961 1032/1046/1032
f 961/974/961 1033/1047/1033 1032/1046/1032
f 961/974/961 962/975/962 1033/1047/1033
f 962/975/962 1034/1048/1034 1033/1047/1033
f 962/975/962 963/976/963 1034/1048/1034
f 963/976/963 1035/1049/1035 1034/1048/1034
f 963/976/963 964/977/964 1035/1049/1035
f 964/977/964 1036/1050/1036 1035/1049/1035
f 964/977/964 965/978/965 1036/1050/1036
f 965/978/965 1037/1051/1037 1036/1050/1036
f 965/978/965 966/979/966 1037/1051/1037
f 966/979/966 1038/1052/1038 1037/1051/1037
f 966/979/966 967/980/967 1038/1052/1038
f 967/980/967 1039/1053/1039 1038/1052/1038
f 967/980/967 968/981/968 1039/1053/1039
f 968/981/968 1040/1054/1040 1039/1053/1039
f 968/981/968 969/982/969 1040/1054/1040
f 969/982/969 1041/1055/1041 1040/1054/1040
f 969/982/969 970/983/970 1041/1055/1041
f 970/983/970 1042/1056/1042 1041/1055/1041
f 970/983/970 971/984/971 1042/1056/1042
f 971/984/971 1043/1057/1043 1042/1056/1042
f 971/984/971 972/985/972 1043/1057/1043
f 972/985/972 1044/1058/1044 1043/1057/1043
f 972/985/972 973/986/973 1044/1058/1044
f 973/986/973 1045/1059/1045 1044/1058/1044
f 973/986/973 974/987/974 1045/1059/1045
f 974/987/974 1046/1060/1046 1045/1059/1045
f 974/987/974 975/988/975 1046/1060/1046
f 975/988/975 1047/1061/1047 1046/1060/1046
f 975/988/975 976/989/976 1047/1061/1047
f 976/989/976 1048/1062/1048 1047/1061/1047
f 976/989/976 977/990/977 1048/1062/1048
f 977/990/977 1049/1063/1049 1048/1062/1048
f 977/990/977 978/991/978 1049/1063/1049
f 978/991/978 1050/1064/1050 1049/1063/1049
f 978/991/978 979/992/979 1050/1064/1050
f 979/992/979 1051/1065/1051 1050/1064/1050
f 979/992/979 980/993/980 1051/1065/1051
f 980/993/980 1052/1066/1052 1051/1065/1051
f 980/993/980 981/994/981 1052/1066/1052
f 981/994/981 1053/1067/1053 1052/1066/1052
f 981/994/981 982/995/982 1053/1067/1053
f 982/995/982 1054/1068/1054 1053/1067/1053
f 982/995/982 983/996/983 1054/1068/1054
f 983/996/983 1055/1069/1055 1054/1068/1054
f 983/996/983 984/997/984 1055/1069/1055
f 984/997/984 1056/1070/1056 1055/1069/1055
f 984/997/984 985/998/985 1056/1070/1056
f 985/998/985 1057/1071/1057 1056/1070/1056
f 985/998/985 986/999/986 1057/1071/1057
f 986/999/986 1058/1072/1058 1057/1071/1057
f 986/999/986 987/1000/987 1058/1072/1058
f 987/1000/987 1059/1073/1059 1058/1072/1058
f 987/1000/987 988/1001/988 1059/1073/1059
f 988/1001/988 1060/1074/1060 1059/1073/1059
f 988/1001/988 989/1002/989 1060/1074/1060
f 989/1002/989 1061/1075/1061 1060/1074/1060
f 989/1002/989 990/1003/990 1061/1075/1061
f 990/1003/990 1062/1076/1062 1061/1075/1061
f 990/1003/990 991/1004/991 1062/1076/1062
f 991/1004/991 1063/1077/1063 1062/1076/1062
f 991/1004/991 992/1005/992 1063/1077/1063
f 992/1005/992 1064/1078/1064 1063/1077/1063
f 992/1005/992 993/1006/993 1064/1078/1064
f 993/1006/993 1065/1079/1065 1064/1078/1064
f 993/1006/993 994/1007/994 1065/1079/1065
f 994/1007/994 1066/1080/1066 1065/1079/1065
f 994/1007/994 995/1008/995 1066/1080/1066
f 995/1008/995 1067/1081/1067 1066/1080/1066
f 995/1008/995 996/1009/996 1067/1081/1067
f 996/1009/996 1068/1082/1068 1067/1081/1067
f 996/1009/996 997/1010/997 1068/1082/1068
f 997/1010/997 1069/1083/1069 1068/1082/1068
f 997/1010/997 998/1011/998 1069/1083/1069
f 998/1011/998 1070/1084/1070 1069/1083/1069
f 998/1011/998 999/1012/999 1070/1084/1070
f 999/1012/999 1071/1085/1071 1070/1084/1070
f 999/1012/999 1000/1013/1000 1071/1085/1071
f 1000/1013/1000 1072/1086/1072 1071/1085/1071
f 1000/1013/1000 1001/1014/1001 1072/1086/1072
f 1001/1014/1001 1073/1087/1073 1072/1086/1072
f 1001/1014/1001 1002/1015/1002 1073/1087/1073
f 1002/1015/1002 1074/1088/1074 1073/1087/1073
f 1002/1015/1002 1003/1016/1003 1074/1088/1074
f 1003/1016/1003 1075/1089/1075 1074/1088/1074
f 1003/1016/1003 1004/1017/1004 1075/1089/1075
f 1004/1017/1004 1076/1090/1076 1075/1089/1075
f 1004/1017/1004 1005/1018/1005 1076/1090/1076
f 1005/1018/1005 1077/1091/1077 1076/1090/1076
f 1005/1018/1005 1006/1019/1006 1077/1091/1077
f 1006/1019/1006 1078/1092/1078 1077/1091/1077
f 1006/1019/1006 1007/1020/1007 1078/1092/1078
f 1007/1020/1007 1079/1093/1079 1078/1092/1078
f 1007/1020/1007 1008/1021/1008 1079/1093/1079
f 1008/1021/1008 1080/1094/1080 1079/1093/1079
f 1008/1021/1008 1009/1022/1009 1080/1094/1080
f 1009/1022/1009 1081/1095/1081 1080/1094/1080
f 1009/1022/1009 938/1023/938 1081/1095/1081
f 938/1023/938 1010/1096/1010 1081/1095/1081
f 1010/1024/1010 1011/1025/1011 1082/1097/1082
f 1011/1025/1011 1083/1098/1083 1082/1097/1082
f 1011/1025/1011 1012/1026/1012 1083/1098/1083
f 1012/1026/1012 1084/1099/1084 1083/1098/1083
f 1012/1026/1012 1013/1027/1013 1084/1099/1084
f 1013/1027/1013 1085/1100/1085 1084/1099/1084
f 1013/1027/1013 1014/1028/1014 1085/1100/1085
f 1014/1028/1014 1086/1101/1086 1085/1100/1085
f 1014/1028/1014 1015/1029/1015 1086/1101/1086
f 1015/1029/1015 1087/1102/1087 1086/1101/1086
f 1015/1029/1015 1016/1030/1016 1087/1102/1087
f 1016/1030/1016 1088/1103/1088 1087/1102/1087
f 1016/1030/1016 1017/1031/1017 1088/1103/1088
f 1017/1031/1017 1089/1104/1089 1088/1103/1088
f 1017/1031/1017 1018/1032/1018 1089/1104/1089
f 1018/1032/1018 1090/1105/1090 1089/1104/1089
f 1018/1032/1018 1019/1033/1019 1090/1105/1090
f 1019/1033/1019 1091/1106/1091 1090/1105/1090
f 1019/1033/1019 1020/1034/1020 1091/1106/1091
f 1020/1034/1020 1092/1107/1092 1091/1106/1091
f 1020/1034/1020 1021/1035/1021 1092/1107/1092
f 1021/1035/1021 1093/1108/1093 1092/1107/1092
f 1021/1035/1021 1022/1036/1022 1093/1108/1093
f 1022/1036/1022 1094/1109/1094 1093/1108/1093
f 1022/1036/1022 1023/1037/1023 1094/1109/1094
f 1023/1037/1023 1095/1110/1095 1094/1109/1094
f 1023/1037/1023 1024/1038/1024 1095/1110/1095
f 1024/1038/1024 1096/1111/1096 1095/1110/1095
f 1024/1038/1024 1025/1039/1025 1096/1111/1096
f 1025/1039/1025 1097/1112/1097 1096/1111/1096
f 1025/1039/1025 1026/1040/1026 1097/1112/1097
f 1026/1040/1026 1098/1113/1098 1097/1112/1097
f 1026/1040/1026 1027/1041/1027 1098/1113/1098
f 1027/1041/1027 1099/1114/1099 1098/1113/1098
f 1027/1041/1027 1028/1042/1028 1099/1114/1099
f 1028/1042/1028 1100/1115/1100 1099/1114/1099
f 1028/1042/1028 1029/1043/1029 1100/1115/1100
f 1029/1043/1029 1101/1116/1101 1100/1115/1100
f 1029/1043/1029 1030/1044/1030 1101/1116/1101
f 1030/1044/1030 1102/1117/1102 1101/1116/1101
f 1030/1044/1030 1031/1045/1031 1102/1117/1102
f 1031/1045/1031 1103/1118/1103 1102/1117/1102
f 1031/1045/1031 1032/1046/1032 1103/1118/1103
f 1032/1046/1032 1104/1119/1104 1103/1118/1103
f 1032/1046/1032 1033/1047/1033 1104/1119/1104
f 1033/1047/1033 1105/1120/1105 1104/1119/1104
f 1033/1047/1033 1034/1048/1034 1105/1120/1105
f 1034/1048/1034 1106/1121/1106 1105/1120/1105
f 1034/1048/1034 1035/1049/1035 1106/1121/1106
f 1035/1049/1035 1107/1122/1107 1106/1121/1106
f 1035/1049/1035 1036/1050/1036 1107/1122/1107
f 1036/1050/1036 1108/1123/1108 1107/1122/1107
f 1036/1050/1036 1037/1051/1037 1108/1123/1108
f 1037/1051/1037 1109/1124/1109 1108/1123/1108
f 1037/1051/1037 1038/1052/1038 1109/1124/1109
f 1038/1052/1038 1110/1125/1110 1109/1124/1109
f 1038/1052/1038 1039/1053/1039 1110/1125/1110
f 1039/1053/1039 1111/1126/1111 1110/1125/1110
f 1039/1053/1039 1040/1054/1040 1111/1126/1111
f 1040/1054/1040 1112/1127/1112 1111/1126/1111
f 1040/1054/1040 1041/1055/1041 1112/1127/1112
f 1041/1055/1041 1113/1128/1113 1112/1127/1112
f 1041/1055/1041 1042/1056/1042 1113/1128/1113
f 1042/1056/1042 1114/1129/1114 1113/1128/1113
f 1042/1056/1042 1043/1057/1043 1114/1129/1114
f 1043/1057/1043 1115/1130/1115 1114/1129/1114
f 1043/1057/1043 1044/1058/1044 1115/1130/1115
f 1044/1058/1044 1116/1131/1116 1115/1130/1115
f 1044/1058/1044 1045/1059/1045 1116/1131/1116
f 1045/1059/1045 1117/1132/1117 1116/1131/1116
f 1045/1059/1045 1046/1060/1046 1117/1132/1117
f 1046/1060/1046 1118/1133/1118 1117/1132/1117
f 1046/1060/1046 1047/1061/1047 1118/1133/1118
f 1047/1061/1047 1119/1134/1119 1118/1133/1118
f 1047/1061/1047 1048/1062/1048 1119/1134/1119
f 1048/1062/1048 1120/1135/1120 1119/1134/1119
f 1048/1062/1048 1049/1063/1049 1120/1135/1120
f 1049/1063/1049 1121/1136/1121 1120/1135/1120
f 1049/1063/1049 1050/1064/1050 1121/1136/1121
f 1050/1064/1050 1122/1137/1122 1121/1136/1121
f 1050/1064/1050 1051/1065/1051 1122/1137/1122
f 1051/1065/1051 1123/1138/1123 1122/1137/1122
f 1051/1065/1051 1052/1066/1052 1123/1138/1123
f 1052/1066/1052 1124/1139/1124 1123/1138/1123
f 1052/1066/1052 1053/1067/1053 1124/1139/1124
f 1053/1067/1053 1125/1140/1125 1124/1139/1124
f 1053/1067/1053 1054/1068/1054 1125/1140/1125
f 1054/1068/1054 1126/1141/1126 1125/1140/1125
f 1054/1068/1054 1055/1069/1055 1126/1141/1126
f 1055/1069/1055 1127/1142/1127 1126/1141/1126
f 1055/1069/1055 1056/1070/1056 1127/1142/1127
f 1056/1070/1056 1128/1143/1128 1127/1142/1127
f 1056/1070/1056 1057/1071/1057 1128/1143/1128
f 1057/1071/1057 1129/1144/1129 1128/1143/1128
f 1057/1071/1057 1058/1072/1058 1129/1144/1129
f 1058/1072/1058 1130/1145/1130 1129/1144/1129
f 1058/1072/1058 1059/1073/1059 1130/1145/1130
f 1059/1073/1059 1131/1146/1131 1130/1145/1130
f 1059/1073/1059 1060/1074/1060 1131/1146/1131
f 1060/1074/1060 1132/1147/1132 1131/1146/1131
f 1060/1074/1060 1061/1075/1061 1132/1147/1132
f 1061/1075/1061 1133/1148/1133 1132/1147/1132
f 1061/1075/1061 1062/1076/1062 1133/1148/1133
f 1062/1076/1062 1134/1149/1134 1133/1148/1133
f 1062/1076/1062 1063/1077/1063 1134/1149/1134
f 1063/1077/1063 1135/1150/1135 1134/1149/1134
f 1063/1077/1063 1064/1078/1064 1135/1150/1135
f 1064/1078/1064 1136/1151/1136 1135/1150/1135
f 1064/1078/1064 1065/1079/1065 1136/1151/1136
f 1065/1079/1065 1137/1152/1137 1136/1151/1136
f 1065/1079/1065 1066/1080/1066 1137/1152/1137
f 1066/1080/1066 1138/1153/1138 1137/1152/1137
f 1066/1080/1066 1067/1081/1067 1138/1153/1138
f 1067/1081/1067 1139/1154/1139 1138/1153/1138
f 1067/1081/1067 1068/1082/1068 1139/1154/1139
f 1068/1082/1068 1140/1155/1140 1139/1154/1139
f 1068/1082/1068 1069/1083/1069 1140/1155/1140
f 1069/1083/1069 1141/1156/1141 1140/1155/1140
f 1069/1083/1069 1070/1084/1070 1141/1156/1141
f 1070/1084/1070 1142/1157/1142 1141/1156/1141
f 1070/1084/1070 1071/1085/1071 1142/1157/1142
f 1071/1085/1071 1143/1158/1143 1142/1157/1142
f 1071/1085/1071 1072/1086/1072 1143/1158/1143
f 1072/1086/1072 1144/1159/1144 1143/1158/1143
f 1072/1086/1072 1073/1087/1073 1144/1159/1144
f 1073/1087/1073 1145/1160/1145 1144/1159/1144
f 1073/1087/1073 1074/1088/1074 1145/1160/1145
f 1074/1088/1074 1146/1161/1146 1145/1160/1145
f 1074/1088/1074 1075/1089/1075 1146/1161/1146
f 1075/1089/1075 1147/1162/1147 1146/1161/1146
f 1075/1089/1075 1076/1090/1076 1147/1162/1147
f 1076/1090/1076 1148/1163/1148 1147/1162/1147
f 1076/1090/1076 1077/1091/1077 1148/1163/1148
f 1077/1091/1077 1149/1164/1149 1148/1163/1148
f 1077/1091/1077 1078/1092/1078 1149/1164/1149
f 1078/1092/1078 1150/1165/1150 1149/1164/1149
f 1078/1092/1078 1079/1093/1079 1150/1165/1150
f 1079/1093/1079 1151/1166/1151 1150/1165/1150
f 1079/1093/1079 1080/1094/1080 1151/1166/1151
f 1080/1094/1080 1152/1167/1152 1151/1166/1151
f 1080/1094/1080 1081/1095/1081 1152/1167/1152
f 1081/1095/1081 1153/1168/1153 1152/1167/1152
f 1081/1095/1081 1010/1096/1010 1153/1168/1153
f 1010/1096/1010 1082/1169/1082 1153/1168/1153
f 1082/1097/1082 1083/1098/1083 1154/1170/1154
f 1083/1098/1083 1155/1171/1155 1154/1170/1154
f 1083/1098/1083 1084/1099/1084 1155/1171/1155
f 1084/1099/1084 1156/1172/1156 1155/1171/1155
f 1084/1099/1084 1085/1100/1085 1156/1172/1156
f 1085/1100/1085 1157/1173/1157 1156/1172/1156
f 1085/1100/1085 1086/1101/1086 1157/1173/1157
f 1086/1101/1086 1158/1174/1158 1157/1173/1157
f 1086/1101/1086 1087/1102/1087 1158/1174/1158
f 1087/1102/1087 1159/1175/1159 1158/1174/1158
f 1087/1102/1087 1088/1103/1088 1159/1175/1159
f 1088/1103/1088 1160/1176/1160 1159/1175/1159
f 1088/1103/1088 1089/1104/1089 1160/1176/1160
f 1089/1104/1089 1161/1177/1161 1160/1176/1160
f 1089/1104/1089 1090/1105/1090 1161/1177/1161
f 1090/1105/1090 1162/1178/1162 1161/1177/1161
f 1090/1105/1090 1091/1106/1091 1162/1178/1162
f 1091/1106/1091 1163/1179/1163 1162/1178/1162
f 1091/1106/1091 1092/1107/1092 1163/1179/1163
f 1092/1107/1092 1164/1180/1164 1163/1179/1163
f 1092/1107/1092 1093/1108/1093 1164/1180/1164
f 1093/1108/1093 1165/1181/1165 1164/1180/1164
f 1093/1108/1093 1094/1109/1094 1165/1181/1165
f 1094/1109/1094 1166/1182/1166 1165/1181/1165
f 1094/1109/1094 1095/1110/1095 1166/1182/1166
f 1095/1110/1095 1167/1183/1167 1166/1182/1166
f 1095/1110/1095 1096/1111/1096 1167/1183/1167
f 1096/1111/1096 1168/1184/1168 1167/1183/1167
f 1096/1111/1096 1097/1112/1097 1168/1184/1168
f 1097/1112/1097 1169/1185/1169 1168/1184/1168
f 1097/1112/1097 1098/1113/1098 1169/1185/1169
f 1098/1113/1098 1170/1186/1170 1169/1185/1169
f 1098/1113/1098 1099/1114/1099 1170/1186/1170
f 1099/1114/1099 1171/1187/1171 1170/1186/1170
f 1099/1114/1099 1100/1115/1100 1171/1187/1171
f 1100/1115/1100 1172/1188/1172 1171/1187/1171
f 1100/1115/1100 1101/1116/1101 1172/1188/1172
f 1101/1116/1101 1173/1189/1173 1172/1188/1172
f 1101/1116/1101 1102/1117/1102 1173/1189/1173
f 1102/1117/1102 1174/1190/1174 1173/1189/1173
f 1102/1117/1102 1103/1118/1103 1174/1190/1174
f 1103/1118/1103 1175/1191/1175 1174/1190/1174
f 1103/1118/1103 1104/1119/1104 1175/1191/1175
f 1104/1119/1104 1176/1192/1176 1175/1191/1175
f 1104/1119/1104 1105/1120/1105 1176/1192/1176
f 1105/1120/1105 1177/1193/1177 1176/1192/1176
f 1105/1120/1105 1106/1121/1106 1177/1193/1177
f 1106/1121/1106 1178/1194/1178 1177/1193/1177
f 1106/1121/1106 1107/1122/1107 1178/1194/1178
f 1107/1122/1107 1179/1195/1179 1178/1194/1178
f 1107/1122/1107 1108/1123/1108 1179/1195/1179
f 1108/1123/1108 1180/1196/1180 1179/1195/1179
f 1108/1123/1108 1109/1124/1109 1180/1196/1180
f 1109/1124/1109 1181/1197/1181 1180/1196/1180
f 1109/1124/1109 1110/1125/1110 1181/1197/1181
f 1110/1125/1110 1182/1198/1182 1181/1197/1181
f 1110/1125/1110 1111/1126/1111 1182/1198/1182
f 1111/1126/1111 1183/1199/1183 1182/1198/1182
f 1111/1126/1111 1112/1127/1112 1183/1199/1183
f 1112/1127/1112 1184/1200/1184 1183/1199/1183
f 1112/1127/1112 1113/1128/1113 1184/1200/1184
f 1113/1128/1113 1185/1201/1185 1184/1200/1184
f 1113/1128/1113 1114/1129/1114 1185/1201/1185
f 1114/1129/1114 1186/1202/1186 1185/1201/1185
f 1114/1129/1114 1115/1130/1115 1186/1202/1186
f 1115/1130/1115 1187/1203/1187 1186/1202/1186
f 1115/1130/1115 1116/1131/1116 1187/1203/1187
f 1116/1131/1116 1188/1204/1188 1187/1203/1187
f 1116/1131/1116 1117/1132/1117 1188/1204/1188
f 1117/1132/1117 1189/1205/1189 1188/1204/1188
f 1117/1132/1117 1118/1133/1118 1189/1205/1189
f 1118/1133/1118 1190/1206/1190 1189/1205/1189
f 1118/1133/1118 1119/1134/1119 1190/1206/1190
f 1119/1134/1119 1191/1207/1191 1190/1206/1190
f 1119/1134/1119 1120/1135/1120 1191/1207/1191
f 1120/1135/1120 1192/1208/1192 1191/1207/1191
f 1120/1135/1120 1121/1136/1121 1192/1208/1192
f 1121/1136/1121 1193/1209/1193 1192/1208/1192
f 1121/1136/1121 1122/1137/1122 1193/1209/1193
f 1122/1137/1122 1194/1210/1194 1193/1209/1193
f 1122/1137/1122 1123/1138/1123 1194/1210/1194
f 1123/1138/1123 1195/1211/1195 1194/1210/1194
f 1123/1138/1123 1124/1139/1124 1195/1211/1195
f 1124/1139/1124 1196/1212/1196 1195/1211/1195
f 1124/1139/1124 1125/1140/1125 1196/1212/1196
f 1125/1140/1125 1197/1213/1197 1196/1212/1196
f 1125/1140/1125 1126/1141/1126 1197/1213/1197
f 1126/1141/1126 1198/1214/1198 1197/1213/1197
f 1126/1141/1126 1127/1142/1127 1198/1214/1198
f 1127/1142/1127 1199/1215/1199 1198/1214/1198
f 1127/1142/1127 1128/1143/1128 1199/1215/1199
f 1128/1143/1128 1200/1216/1200 1199/1215/1199
f 1128/1143/1128 1129/1144/1129 1200/1216/1200
f 1129/1144/1129 1201/1217/1201 1200/1216/1200
f 1129/1144/1129 1130/1145/1130 1201/1217/1201
f 1130/1145/1130 1202/1218/1202 1201/1217/1201
f 1130/1145/1130 1131/1146/1131 1202/1218/1202
f 1131/1146/1131 1203/1219/1203 1202/1218/1202
f 1131/1146/1131 1132/1147/1132 1203/1219/1203
f 1132/1147/1132 1204/1220/1204 1203/1219/1203
f 1132/1147/1132 1133/1148/1133 1204/1220/1204
f 1133/1148/1133 1205/1221/1205 1204/1220/1204
f 1133/1148/1133 1134/1149/1134 1205/1221/1205
f 1134/1149/1134 1206/1222/1206 1205/1221/1205
f 1134/1149/1134 1135/1150/1135 1206/1222/1206
f 1135/1150/1135 1207/1223/1207 1206/1222/1206
f 1135/1150/1135 1136/1151/1136 1207/1223/1207
f 1136/1151/1136 1208/1224/1208 1207/1223/1207
f 1136/1151/1136 1137/1152/1137 1208/1224/1208
f 1137/1152/1137 1209/1225/1209 1208/1224/1208
f 1137/1152/1137 1138/1153/1138 1209/1225/1209
f 1138/1153/1138 1210/1226/1210 1209/1225/1209
f 1138/1153/1138 1139/1154/1139 1210/1226/1210
f 1139/1154/1139 1211/1227/1211 1210/1226/1210
f 1139/1154/1139 1140/1155/1140 1211/1227/1211
f 1140/1155/1140 1212/1228/1212 1211/1227/1211
f 1140/1155/1140 1141/1156/1141 1212/1228/1212
f 1141/1156/1141 1213/1229/1213 1212/1228/1212
f 1141/1156/1141 1142/1157/1142 1213/1229/1213
f 1142/1157/1142 1214/1230/1214 1213/1229/1213
f 1142/1157/1142 1143/1158/1143 1214/1230/1214
f 1143/1158/1143 1215/1231/1215 1214/1230/1214
f 1143/1158/1143 1144/1159/1144 1215/1231/1215
f 1144/1159/1144 1216/1232/1216 1215/1231/1215
f 1144/1159/1144 1145/1160/1145 1216/1232/1216
f 1145/1160/1145 1217/1233/1217 1216/1232/1216
f 1145/1160/1145 1146/1161/1146 1217/1233/1217
f 1146/1161/1146 1218/1234/1218 1217/1233/1217
f 1146/1161/1146 1147/1162/1147 1218/1234/1218
f 1147/1162/1147 1219/1235/1219 1218/1234/1218
f 1147/1162/1147 1148/1163/1148 1219/1235/1219
f 1148/1163/1148 1220/1236/1220 1219/1235/1219
f 1148/1163/1148 1149/1164/1149 1220/1236/1220
f 1149/1164/1149 1221/1237/1221 1220/1236/1220
f 1149/1164/1149 1150/1165/1150 1221/1237/1221
f 1150/1165/1150 1222/1238/1222 1221/1237/1221
f 1150/1165/1150 1151/1166/1151 1222/1238/1222
f 1151/1166/1151 1223/1239/1223 1222/1238/1222
f 1151/1166/1151 1152/1167/1152 1223/1239/1223
f 1152/1167/1152 1224/1240/1224 1223/1239/1223
f 1152/1167/1152 1153/1168/1153 1224/1240/1224
f 1153/1168/1153 1225/1241/1225 1224/1240/1224
f 1153/1168/1153 1082/1169/1082 1225/1241/1225
f 1082/1169/1082 1154/1242/1154 1225/1241/1225
f 1154/1170/1154 1155/1171/1155 1226/1243/1226
f 1155/1171/1155 1227/1244/1227 1226/1243/1226
f 1155/1171/1155 1156/1172/1156 1227/1244/1227
f 1156/1172/1156 1228/1245/1228 1227/1244/1227
f 1156/1172/1156 1157/1173/1157 1228/1245/1228
f 1157/1173/1157 1229/1246/1229 1228/1245/1228
f 1157/1173/1157 1158/1174/1158 1229/1246/1229
f 1158/1174/1158 1230/1247/1230 1229/1246/1229
f 1158/1174/1158 1159/1175/1159 1230/1247/1230
f 1159/1175/1159 1231/1248/1231 1230/1247/1230
f 1159/1175/1159 1160/1176/1160 1231/1248/1231
f 1160/1176/1160 1232/1249/1232 1231/1248/1231
f 1160/1176/1160 1161/1177/1161 1232/1249/1232
f 1161/1177/1161 1233/1250/1233 1232/1249/1232
f 1161/1177/1161 1162/1178/1162 1233/1250/1233
f 1162/1178/1162 1234/1251/1234 1233/1250/1233
f 1162/1178/1162 1163/1179/1163 1234/1251/1234
f 1163/1179/1163 1235/1252/1235 1234/1251/1234
f 1163/1179/1163 1164/1180/1164 1235/1252/1235
f 1164/1180/1164 1236/1253/1236 1235/1252/1235
f 1164/1180/1164 1165/1181/1165 1236/1253/1236
f 1165/1181/1165 1237/1254/1237 1236/1253/1236
f 1165/1181/1165 1166/1182/1166 1237/1254/1237
f 1166/1182/1166 1238/1255/1238 1237/1254/1237
f 1166/1182/1166 1167/1183/1167 1238/1255/1238
f 1167/1183/1167 1239/1256/1239 1238/1255/1238
f 1167/1183/1167 1168/1184/1168 1239/1256/1239
f 1168/1184/1168 1240/1257/1240 1239/1256/1239
f 1168/1184/1168 1169/1185/1169 1240/1257/1240
f 1169/1185/1169 1241/1258/1241 1240/1257/1240
f 1169/1185/1169 1170/1186/1170 1241/1258/1241
f 1170/1186/1170 1242/1259/1242 1241/1258/1241
f 1170/1186/1170 1171/1187/1171 1242/1259/1242
f 1171/1187/1171 1243/1260/1243 1242/1259/1242
f 1171/1187/1171 1172/1188/1172 1243/1260/1243
f 1172/1188/1172 1244/1261/1244 1243/1260/1243
f 1172/1188/1172 1173/1189/1173 1244/1261/1244
f 1173/1189/1173 1245/1262/1245 1244/1261/1244
f 1173/1189/1173 1174/1190/1174 1245/1262/1245
f 1174/1190/1174 1246/1263/1246 1245/1262/1245
f 1174/1190/1174 1175/1191/1175 1246/1263/1246
f 1175/1191/1175 1247/1264/1247 1246/1263/1246
f 1175/1191/1175 1176/1192/1176 1247/1264/1247
f 1176/1192/1176 1248/1265/1248 1247/1264/1247
f 1176/1192/1176 1177/1193/1177 1248/1265/1248
f 1177/1193/1177 1249/1266/1249 1248/1265/1248
f 1177/1193/1177 1178/1194/1178 1249/1266/1249
f 1178/1194/1178 1250/1267/1250 1249/1266/1249
f 1178/1194/1178 1179/1195/1179 1250/1267/1250
f 1179/1195/1179 1251/1268/1251 1250/1267/1250
f 1179/1195/1179 1180/1196/1180 1251/1268/1251
f 1180/1196/1180 1252/1269/1252 1251/1268/1251
f 1180/1196/1180 1181/1197/1181 1252/1269/1252
f 1181/1197/1181 1253/1270/1253 1252/1269/1252
f 1181/1197/1181 1182/1198/1182 1253/1270/1253
f 1182/1198/1182 1254/1271/1254 1253/1270/1253
f 1182/1198/1182 1183/1199/1183 1254/1271/1254
f 1183/1199/1183 1255/1272/1255 1254/1271/1254
f 1183/1199/1183 1184/1200/1184 1255/1272/1255
f 1184/1200/1184 1256/1273/1256 1255/1272/1255
f 1184/1200/1184 1185/1201/1185 1256/1273/1256
f 1185/1201/1185 1257/1274/1257 1256/1273/1256
f 1185/1201/1185 1186/1202/1186 1257/1274/1257
f 1186/1202/1186 1258/1275/1258 1257/1274/1257
f 1186/1202/1186 1187/1203/1187 1258/1275/1258
f 1187/1203/1187 1259/1276/1259 1258/1275/1258
f 1187/1203/1187 1188/1204/1188 1259/1276/1259
f 1188/1204/1188 1260/1277/1260 1259/1276/1259
f 1188/1204/1188 1189/1205/1189 1260/1277/1260
f 1189/1205/1189 1261/1278/1261 1260/1277/1260
f 1189/1205/1189 1190/1206/1190 1261/1278/1261
f 1190/1206/1190 1262/1279/1262 1261/1278/1261
f 1190/1206/1190 1191/1207/1191 1262/1279/1262
f 1191/1207/1191 1263/1280/1263 1262/1279/1262
f 1191/1207/1191 1192/1208/1192 1263/1280/1263
f 1192/1208/1192 1264/1281/1264 1263/1280/1263
f 1192/1208/1192 1193/1209/1193 1264/1281/1264
f 1193/1209/1193 1265/1282/1265 1264/1281/1264
f 1193/1209/1193 1194/1210/1194 1265/1282/1265
f 1194/1210/1194 1266/1283/1266 1265/1282/1265
f 1194/1210/1194 1195/1211/1195 1266/1283/1266
f 1195/1211/1195 1267/1284/1267 1266/1283/1266
f 1195/1211/1195 1196/1212/1196 1267/1284/1267
f 1196/1212/1196 1268/1285/1268 1267/1284/1267
f 1196/1212/1196 1197/1213/1197 1268/1285/1268
f 1197/1213/1197 1269/1286/1269 1268/1285/1268
f 1197/1213/1197 1198/1214/1198 1269/1286/1269
f 1198/1214/1198 1270/1287/1270 1269/1286/1269
f 1198/1214/1198 1199/1215/1199 1270/1287/1270
f 1199/1215/1199 1271/1288/1271 1270/1287/1270
f 1199/1215/1199 1200/1216/1200 1271/1288/1271
f 1200/1216/1200 1272/1289/1272 1271/1288/1271
f 1200/1216/1200 1201/1217/1201 1272/1289/1272
f 1201/1217/1201 1273/1290/1273 1272/1289/1272
f 1201/1217/1201 1202/1218/1202 1273/1290/1273
f 1202/1218/1202 1274/1291/1274 1273/1290/1273
f 1202/1218/1202 1203/1219/1203 1274/1291/1274
f 1203/1219/1203 1275/1292/1275 1274/1291/1274
f 1203/1219/1203 1204/1220/1204 1275/1292/1275
f 1204/1220/1204 1276/1293/1276 1275/1292/1275
f 1204/1220/1204 1205/1221/1205 1276/1293/1276
f 1205/1221/1205 1277/1294/1277 1276/1293/1276
f 1205/1221/1205 1206/1222/1206 1277/1294/1277
f 1206/1222/1206 1278/1295/1278 1277/1294/1277
f 1206/1222/1206 1207/1223/1207 1278/1295/1278
f 1207/1223/1207 1279/1296/1279 1278/1295/1278
f 1207/1223/1207 1208/1224/1208 1279/1296/1279
f 1208/1224/1208 1280/1297/1280 1279/1296/1279
f 1208/1224/1208 1209/1225/1209 1280/1297/1280
f 1209/1225/1209 1281/1298/1281 1280/1297/1280
f 1209/1225/1209 1210/1226/1210 1281/1298/1281
f 1210/1226/1210 1282/1299/1282 1281/1298/1281
f 1210/1226/1210 1211/1227/1211 1282/1299/1282
f 1211/1227/1211 1283/1300/1283 1282/1299/1282
f 1211/1227/1211 1212/1228/1212 1283/1300/1283
f 1212/1228/1212 1284/1301/1284 1283/1300/1283
f 1212/1228/1212 1213/1229/1213 1284/1301/1284
f 1213/1229/1213 1285/1302/1285 1284/1301/1284
f 1213/1229/1213 1214/1230/1214 1285/1302/1285
f 1214/1230/1214 1286/1303/1286 1285/1302/1285
f 1214/1230/1214 1215/1231/1215 1286/1303/1286
f 1215/1231/1215 1287/1304/1287 1286/1303/1286
f 1215/1231/1215 1216/1232/1216 1287/1304/1287
f 1216/1232/1216 1288/1305/1288 1287/1304/1287
f 1216/1232/1216 1217/1233/1217 1288/1305/1288
f 1217/1233/1217 1289/1306/1289 1288/1305/1288
f 1217/1233/1217 1218/1234/1218 1289/1306/1289
f 1218/1234/1218 1290/1307/1290 1289/1306/1289
f 1218/1234/1218 1219/1235/1219 1290/1307/1290
f 1219/1235/1219 1291/1308/1291 1290/1307/1290
f 1219/1235/1219 1220/1236/1220 1291/1308/1291
f 1220/1236/1220 1292/1309/1292 1291/1308/1291
f 1220/1236/1220 1221/1237/1221 1292/1309/1292
f 1221/1237/1221 1293/1310/1293 1292/1309/1292
f 1221/1237/1221 1222/1238/1222 1293/1310/1293
f 1222/1238/1222 1294/1311/1294 1293/1310/1293
f 1222/1238/1222 1223/1239/1223 1294/1311/1294
f 1223/1239/1223 1295/1312/1295 1294/1311/1294
f 1223/1239/1223 1224/1240/1224 1295/1312/1295
f 1224/1240/1224 1296/1313/1296 1295/1312/1295
f 1224/1240/1224 1225/1241/1225 1296/1313/1296
f 1225/1241/1225 1297/1314/1297 1296/1313/1296
f 1225/1241/1225 1154/1242/1154 1297/1314/1297
f 1154/1242/1154 1226/1315/1226 1297/1314/1297
f 1226/1243/1226 1227/1244/1227 1298/1316/1298
f 1227/1244/1227 1299/1317/1299 1298/1316/1298
f 1227/1244/1227 1228/1245/1228 1299/1317/1299
f 1228/1245/1228 1300/1318/1300 1299/1317/1299
f 1228/1245/1228 1229/1246/1229 1300/1318/1300
f 1229/1246/1229 1301/1319/1301 1300/1318/1300
f 1229/1246/1229 1230/1247/1230 1301/1319/1301
f 1230/1247/1230 1302/1320/1302 1301/1319/1301
f 1230/1247/1230 1231/1248/1231 1302/1320/1302
f 1231/1248/1231 1303/1321/1303 1302/1320/1302
f 1231/1248/1231 1232/1249/1232 1303/1321/1303
f 1232/1249/1232 1304/1322/1304 1303/1321/1303
f 1232/1249/1232 1233/1250/1233 1304/1322/1304
f 1233/1250/1233 1305/1323/1305 1304/1322/1304
f 1233/1250/1233 1234/1251/1234 1305/1323/1305
f 1234/1251/1234 1306/1324/1306 1305/1323/1305
f 1234/1251/1234 1235/1252/1235 1306/1324/1306
f 1235/1252/1235 1307/1325/1307 1306/1324/1306
f 1235/1252/1235 1236/1253/1236 1307/1325/1307
f 1236/1253/1236 1308/1326/1308 1307/1325/1307
f 1236/1253/1236 1237/1254/1237 1308/1326/1308
f 1237/1254/1237 1309/1327/1309 1308/1326/1308
f 1237/1254/1237 1238/1255/1238 1309/1327/1309
f 1238/1255/1238 1310/1328/1310 1309/1327/1309
f 1238/1255/1238 1239/1256/1239 1310/1328/1310
f 1239/1256/1239 1311/1329/1311 1310/1328/1310
f 1239/1256/1239 1240/1257/1240 1311/1329/1311
f 1240/1257/1240 1312/1330/1312 1311/1329/1311
f 1240/1257/1240 1241/1258/1241 1312/1330/1312
f 1241/1258/1241 1313/1331/1313 1312/1330/1312
f 1241/1258/1241 1242/1259/1242 1313/1331/1313
f 1242/1259/1242 1314/1332/1314 1313/1331/1313
f 1242/1259/1242 1243/1260/1243 1314/1332/1314
f 1243/1260/1243 1315/1333/1315 1314/1332/1314
f 1243/1260/1243 1244/1261/1244 1315/1333/1315
f 1244/1261/1244 1316/1334/1316 1315/1333/1315
f 1244/1261/1244 1245/1262/1245 1316/1334/1316
f 1245/1262/1245 1317/1335/1317 1316/1334/1316
f 1245/1262/1245 1246/1263/1246 1317/1335/1317
f 1246/1263/1246 1318/1336/1318 1317/1335/1317
f 1246/1263/1246 1247/1264/1247 1318/1336/1318
f 1247/1264/1247 1319/1337/1319 1318/1336/1318
f 1247/1264/1247 1248/1265/1248 1319/1337/1319
f 1248/1265/1248 1320/1338/1320 1319/1337/1319
f 1248/1265/1248 1249/1266/1249 1320/1338/1320
f 1249/1266/1249 1321/1339/1321 1320/1338/1320
f 1249/1266/1249 1250/1267/1250 1321/1339/1321
f 1250/1267/1250 1322/1340/1322 1321/1339/1321
f 1250/1267/1250 1251/1268/1251 1322/1340/1322
f 1251/1268/1251 1323/1341/1323 1322/1340/1322
f 1251/1268/1251 1252/1269/1252 1323/1341/1323
f 1252/1269/1252 1324/1342/1324 1323/1341/1323
f 1252/1269/1252 1253/1270/1253 1324/1342/1324
f 1253/1270/1253 1325/1343/1325 1324/1342/1324
f 1253/1270/1253 1254/1271/1254 1325/1343/1325
f 1254/1271/1254 1326/1344/1326 1325/1343/1325
f 1254/1271/1254 1255/1272/1255 1326/1344/1326
f 1255/1272/1255 1327/1345/1327 1326/1344/1326
f 1255/1272/1255 1256/1273/1256 1327/1345/1327
f 1256/1273/1256 1328/1346/1328 1327/1345/1327
f 1256/1273/1256 1257/1274/1257 1328/1346/1328
f 1257/1274/1257 1329/1347/1329 1328/1346/1328
f 1257/1274/1257 1258/1275/1258 1329/1347/1329
f 1258/1275/1258 1330/1348/1330 1329/1347/1329
f 1258/1275/1258 1259/1276/1259 1330/1348/1330
f 1259/1276/1259 1331/1349/1331 1330/1348/1330
f 1259/1276/1259 1260/1277/1260 1331/1349/1331
f 1260/1277/1260 1332/1350/1332 1331/1349/1331
f 1260/1277/1260 1261/1278/1261 1332/1350/1332
f 1261/1278/1261 1333/1351/1333 1332/1350/1332
f 1261/1278/1261 1262/1279/1262 1333/1351/1333
f 1262/1279/1262 1334/1352/1334 1333/1351/1333
f 1262/1279/1262 1263/1280/1263 1334/1352/1334
f 1263/1280/1263 1335/1353/1335 1334/1352/1334
f 1263/1280/1263 1264/1281/1264 1335/1353/1335
f 1264/1281/1264 1336/1354/1336 1335/1353/1335
f 1264/1281/1264 1265/1282/1265 1336/1354/1336
f 1265/1282/1265 1337/1355/1337 1336/1354/1336
f 1265/1282/1265 1266/1283/1266 1337/1355/1337
f 1266/1283/1266 1338/1356/1338 1337/1355/1337
f 1266/1283/1266 1267/1284/1267 1338/1356/1338
f 1267/1284/1267 1339/1357/1339 1338/1356/1338
f 1267/1284/1267 1268/1285/1268 1339/1357/1339
f 1268/1285/1268 1340/1358/1340 1339/1357/1339
f 1268/1285/1268 1269/1286/1269 1340/1358/1340
f 1269/1286/1269 1341/1359/1341 1340/1358/1340
f 1269/1286/1269 1270/1287/1270 1341/1359/1341
f 1270/1287/1270 1342/1360/1342 1341/1359/1341
f 1270/1287/1270 1271/1288/1271 1342/1360/1342
f 1271/1288/1271 1343/1361/1343 1342/1360/1342
f 1271/1288/1271 1272/1289/1272 1343/1361/1343
f 1272/1289/1272 1344/1362/1344 1343/1361/1343
f 1272/1289/1272 1273/1290/1273 1344/1362/1344
f 1273/1290/1273 1345/1363/1345 1344/1362/1344
f 1273/1290/1273 1274/1291/1274 1345/1363/1345
f 1274/1291/1274 1346/1364/1346 1345/1363/1345
f 1274/1291/1274 1275/1292/1275 1346/1364/1346
f 1275/1292/1275 1347/1365/1347 1346/1364/1346
f 1275/1292/1275 1276/1293/1276 1347/1365/1347
f 1276/1293/1276 1348/1366/1348 1347/1365/1347
f 1276/1293/1276 1277/1294/1277 1348/1366/1348
f 1277/1294/1277 1349/1367/1349 1348/1366/1348
f 1277/1294/1277 1278/1295/1278 1349/1367/1349
f 1278/1295/1278 1350/1368/1350 1349/1367/1349
f 1278/1295/1278 1279/1296/1279 1350/1368/1350
f 1279/1296/1279 1351/1369/1351 1350/1368/1350
f 1279/1296/1279 1280/1297/1280 1351/1369/1351
f 1280/1297/1280 1352/1370/1352 1351/1369/1351
f 1280/1297/1280 1281/1298/1281 1352/1370/1352
f 1281/1298/1281 1353/1371/1353 1352/1370/1352
f 1281/1298/1281 1282/1299/1282 1353/1371/1353
f 1282/1299/1282 1354/1372/1354 1353/1371/1353
f 1282/1299/1282 1283/1300/1283 1354/1372/1354
f 1283/1300/1283 1355/1373/1355 1354/1372/1354
f 1283/1300/1283 1284/1301/1284 1355/1373/1355
f 1284/1301/1284 1356/1374/1356 1355/1373/1355
f 1284/1301/1284 1285/1302/1285 1356/1374/1356
f 1285/1302/1285 1357/1375/1357 1356/1374/1356
f 1285/1302/1285 1286/1303/1286 1357/1375/1357
f 1286/1303/1286 1358/1376/1358 1357/1375/1357
f 1286/1303/1286 1287/1304/1287 1358/1376/1358
f 1287/1304/1287 1359/1377/1359 1358/1376/1358
f 1287/1304/1287 1288/1305/1288 1359/1377/1359
f 1288/1305/1288 1360/1378/1360 1359/1377/1359
f 1288/1305/1288 1289/1306/1289 1360/1378/1360
f 1289/1306/1289 1361/1379/1361 1360/1378/1360
f 1289/1306/1289 1290/1307/1290 1361/1379/1361
f 1290/1307/1290 1362/1380/1362 1361/1379/1361
f 1290/1307/1290 1291/1308/1291 1362/1380/1362
f 1291/1308/1291 1363/1381/1363 1362/1380/1362
f 1291/1308/1291 1292/1309/1292 1363/1381/1363
f 1292/1309/1292 1364/1382/1364 1363/1381/1363
f 1292/1309/1292 1293/1310/1293 1364/1382/1364
f 1293/1310/1293 1365/1383/1365 1364/1382/1364
f 1293/1310/1293 1294/1311/1294 1365/1383/1365
f 1294/1311/1294 1366/1384/1366 1365/1383/1365
f 1294/1311/1294 1295/1312/1295 1366/1384/1366
f 1295/1312/1295 1367/1385/1367 1366/1384/1366
f 1295/1312/1295 1296/1313/1296 1367/1385/1367
f 1296/1313/1296 1368/1386/1368 1367/1385/1367
f 1296/1313/1296 1297/1314/1297 1368/1386/1368
f 1297/1314/1297 1369/1387/1369 1368/1386/1368
f 1297/1314/1297 1226/1315/1226 1369/1387/1369
f 1226/1315/1226 1298/1388/1298 1369/1387/1369
f 1298/1316/1298 1299/1317/1299 1370/1389/1370
f 1299/1317/1299 1371/1390/1371 1370/1389/1370
f 1299/1317/1299 1300/1318/1300 1371/1390/1371
f 1300/1318/1300 1372/1391/1372 1371/1390/1371
f 1300/1318/1300 1301/1319/1301 1372/1391/1372
f 1301/1319/1301 1373/1392/1373 1372/1391/1372
f 1301/1319/1301 1302/1320/1302 1373/1392/1373
f 1302/1320/1302 1374/1393/1374 1373/1392/1373
f 1302/1320/1302 1303/1321/1303 1374/1393/1374
f 1303/1321/1303 1375/1394/1375 1374/1393/1374
f 1303/1321/1303 1304/1322/1304 1375/1394/1375
f 1304/1322/1304 1376/1395/1376 1375/1394/1375
f 1304/1322/1304 1305/1323/1305 1376/1395/1376
f 1305/1323/1305 1377/1396/1377 1376/1395/1376
f 1305/1323/1305 1306/1324/1306 1377/1396/1377
f 1306/1324/1306 1378/1397/1378 1377/1396/1377
f 1306/1324/1306 1307/1325/1307 1378/1397/1378
f 1307/1325/1307 1379/1398/1379 1378/1397/1378
f 1307/1325/1307 1308/1326/1308 1379/1398/1379
f 1308/1326/1308 1380/1399/1380 1379/1398/1379
f 1308/1326/1308 1309/1327/1309 1380/1399/1380
f 1309/1327/1309 1381/1400/1381 1380/1399/1380
f 1309/1327/1309 1310/1328/1310 1381/1400/1381
f 1310/1328/1310 1382/1401/1382 1381/1400/1381
f 1310/1328/1310 1311/1329/1311 1382/1401/1382
f 1311/1329/1311 1383/1402/1383 1382/1401/1382
f 1311/1329/1311 1312/1330/1312 1383/1402/1383
f 1312/1330/1312 1384/1403/1384 1383/1402/1383
f 1312/1330/1312 1313/1331/1313 1384/1403/1384
f 1313/1331/1313 1385/1404/1385 1384/1403/1384
f 1313/1331/1313 1314/1332/1314 1385/1404/1385
f 1314/1332/1314 1386/1405/1386 1385/1404/1385
f 1314/1332/1314 1315/1333/1315 1386/1405/1386
f 1315/1333/1315 1387/1406/1387 1386/1405/1386
f 1315/1333/1315 1316/1334/1316 1387/1406/1387
f 1316/1334/1316 1388/1407/1388 1387/1406/1387
f 1316/1334/1316 1317/1335/1317 1388/1407/1388
f 1317/1335/1317 1389/1408/1389 1388/1407/1388
f 1317/1335/1317 1318/1336/1318 1389/1408/1389
f 1318/1336/1318 1390/1409/1390 1389/1408/1389
f 1318/1336/1318 1319/1337/1319 1390/1409/1390
f 1319/1337/1319 1391/1410/1391 1390/1409/1390
f 1319/1337/1319 1320/1338/1320 1391/1410/1391
f 1320/1338/1320 1392/1411/1392 1391/1410/1391
f 1320/1338/1320 1321/1339/1321 1392/1411/1392
f 1321/1339/1321 1393/1412/1393 1392/1411/1392
f 1321/1339/1321 1322/1340/1322 1393/1412/1393
f 1322/1340/1322 1394/1413/1394 1393/1412/1393
f 1322/1340/1322 1323/1341/1323 1394/1413/1394
f 1323/1341/1323 1395/1414/1395 1394/1413/1394
f 1323/1341/1323 1324/1342/1324 1395/1414/1395
f 1324/1342/1324 1396/1415/1396 1395/1414/1395
f 1324/1342/1324 1325/1343/1325 1396/1415/1396
f 1325/1343/1325 1397/1416/1397 1396/1415/1396
f 1325/1343/1325 1326/1344/1326 1397/1416/1397
f 1326/1344/1326 1398/1417/1398 1397/1416/1397
f 1326/1344/1326 1327/1345/1327 1398/1417/1398
f 1327/1345/1327 1399/1418/1399 1398/1417/1398
f 1327/1345/1327 1328/1346/1328 1399/1418/1399
f 1328/1346/1328 1400/1419/1400 1399/1418/1399
f 1328/1346/1328 1329/1347/1329 1400/1419/1400
f 1329/1347/1329 1401/1420/1401 1400/1419/1400
f 1329/1347/1329 1330/1348/1330 1401/1420/1401
f 1330/1348/1330 1402/1421/1402 1401/1420/1401
f 1330/1348/1330 1331/1349/1331 1402/1421/1402
f 1331/1349/1331 1403/1422/1403 1402/1421/1402
f 1331/1349/1331 1332/1350/1332 1403/1422/1403
f 1332/1350/1332 1404/1423/1404 1403/1422/1403
f 1332/1350/1332 1333/1351/1333 1404/1423/1404
f 1333/1351/1333 1405/1424/1405 1404/1423/1404
f 1333/1351/1333 1334/1352/1334 1405/1424/1405
f 1334/1352/1334 1406/1425/1406 1405/1424/1405
f 1334/1352/1334 1335/1353/1335 1406/1425/1406
f 1335/1353/1335 1407/1426/1407 1406/1425/1406
f 1335/1353/1335 1336/1354/1336 1407/1426/1407
f 1336/1354/1336 1408/1427/1408 1407/1426/1407
f 1336/1354/1336 1337/1355/1337 1408/1427/1408
f 1337/1355/1337 1409/1428/1409 1408/1427/1408
f 1337/1355/1337 1338/1356/1338 1409/1428/1409
f 1338/1356/1338 1410/1429/1410 1409/1428/1409
f 1338/1356/1338 1339/1357/1339 1410/1429/1410
f 1339/1357/1339 1411/1430/1411 1410/1429/1410
f 1339/1357/1339 1340/1358/1340 1411/1430/1411
f 1340/1358/1340 1412/1431/1412 1411/1430/1411
f 1340/1358/1340 1341/1359/1341 1412/1431/1412
f 1341/1359/1341 1413/1432/1413 1412/1431/1412
f 1341/1359/1341 1342/1360/1342 1413/1432/1413
f 1342/1360/1342 1414/1433/1414 1413/1432/1413
f 1342/1360/1342 1343/1361/1343 1414/1433/1414
f 1343/1361/1343 1415/1434/1415 1414/1433/1414
f 1343/1361/1343 1344/1362/1344 1415/1434/1415
f 1344/1362/1344 1416/1435/1416 1415/1434/1415
f 1344/1362/1344 1345/1363/1345 1416/1435/1416
f 1345/1363/1345 1417/1436/1417 1416/1435/1416
f 1345/1363/1345 1346/1364/1346 1417/1436/1417
f 1346/1364/1346 1418/1437/1418 1417/1436/1417
f 1346/1364/1346 1347/1365/1347 1418/1437/1418
f 1347/1365/1347 1419/1438/1419 1418/1437/1418
f 1347/1365/1347 1348/1366/1348 1419/1438/1419
f 1348/1366/1348 1420/1439/1420 1419/1438/1419
f 1348/1366/1348 1349/1367/1349 1420/1439/1420
f 1349/1367/1349 1421/1440/1421 1420/1439/1420
f 1349/1367/1349 1350/1368/1350 1421/1440/1421
f 1350/1368/1350 1422/1441/1422 1421/1440/1421
f 1350/1368/1350 1351/1369/1351 1422/1441/1422
f 1351/1369/1351 1423/1442/1423 1422/1441/1422
f 1351/1369/1351 1352/1370/1352 1423/1442/1423
f 1352/1370/1352 1424/1443/1424 1423/1442/1423
f 1352/1370/1352 1353/1371/1353 1424/1443/1424
f 1353/1371/1353 1425/1444/1425 1424/1443/1424
f 1353/1371/1353 1354/1372/1354 1425/1444/1425
f 1354/1372/1354 1426/1445/1426 1425/1444/1425
f 1354/1372/1354 1355/1373/1355 1426/1445/1426
f 1355/1373/1355 1427/1446/1427 1426/1445/1426
f 1355/1373/1355 1356/1374/1356 1427/1446/1427
f 1356/1374/1356 1428/1447/1428 1427/1446/1427
f 1356/1374/1356 1357/1375/1357 1428/1447/1428
f 1357/1375/1357 1429/1448/1429 1428/1447/1428
f 1357/1375/1357 1358/1376/1358 1429/1448/1429
f 1358/1376/1358 1430/1449/1430 1429/1448/1429
f 1358/1376/1358 1359/1377/1359 1430/1449/1430
f 1359/1377/1359 1431/1450/1431 1430/1449/1430
f 1359/1377/1359 1360/1378/1360 1431/1450/1431
f 1360/1378/1360 1432/1451/1432 1431/1450/1431
f 1360/1378/1360 1361/1379/1361 1432/1451/1432
f 1361/1379/1361 1433/1452/1433 1432/1451/1432
f 1361/1379/1361 1362/1380/1362 1433/1452/1433
f 1362/1380/1362 1434/1453/1434 1433/1452/1433
f 1362/1380/1362 1363/1381/1363 1434/1453/1434
f 1363/1381/1363 1435/1454/1435 1434/1453/1434
f 1363/1381/1363 1364/1382/1364 1435/1454/1435
f 1364/1382/1364 1436/1455/1436 1435/1454/1435
f 1364/1382/1364 1365/1383/1365 1436/1455/1436
f 1365/1383/1365 1437/1456/1437 1436/1455/1436
f 1365/1383/1365 1366/1384/1366 1437/1456/1437
f 1366/1384/1366 1438/1457/1438 1437/1456/1437
f 1366/1384/1366 1367/1385/1367 1438/1457/1438
f 1367/1385/1367 1439/1458/1439 1438/1457/1438
f 1367/1385/1367 1368/1386/1368 1439/1458/1439
f 1368/1386/1368 1440/1459/1440 1439/1458/1439
f 1368/1386/1368 1369/1387/1369 1440/1459/1440
f 1369/1387/1369 1441/1460/1441 1440/1459/1440
f 1369/1387/1369 1298/1388/1298 1441/1460/1441
f 1298/1388/1298 1370/1461/1370 1441/1460/1441
f 1370/1389/1370 1371/1390/1371 1442/1462/1442
f 1371/1390/1371 1443/1463/1443 1442/1462/1442
f 1371/1390/1371 1372/1391/1372 1443/1463/1443
f 1372/1391/1372 1444/1464/1444 1443/1463/1443
f 1372/1391/1372 1373/1392/1373 1444/1464/1444
f 1373/1392/1373 1445/1465/1445 1444/1464/1444
f 1373/1392/1373 1374/1393/1374 1445/1465/1445
f 1374/1393/1374 1446/1466/1446 1445/1465/1445
f 1374/1393/1374 1375/1394/1375 1446/1466/1446
f 1375/1394/1375 1447/1467/1447 1446/1466/1446
f 1375/1394/1375 1376/1395/1376 1447/1467/1447
f 1376/1395/1376 1448/1468/1448 1447/1467/1447
f 1376/1395/1376 1377/1396/1377 1448/1468/1448
f 1377/1396/1377 1449/1469/1449 1448/1468/1448
f 1377/1396/1377 1378/1397/1378 1449/1469/1449
f 1378/1397/1378 1450/1470/1450 1449/1469/1449
f 1378/1397/1378 1379/1398/1379 1450/1470/1450
f 1379/1398/1379 1451/1471/1451 1450/1470/1450
f 1379/1398/1379 1380/1399/1380 1451/1471/1451
f 1380/1399/1380 1452/1472/1452 1451/1471/1451
f 1380/1399/1380 1381/1400/1381 1452/1472/1452
f 1381/1400/1381 1453/1473/1453 1452/1472/1452
f 1381/1400/1381 1382/1401/1382 1453/1473/1453
f 1382/1401/1382 1454/1474/1454 1453/1473/1453
f 1382/1401/1382 1383/1402/1383 1454/1474/1454
f 1383/1402/1383 1455/1475/1455 1454/1474/1454
f 1383/1402/1383 1384/1403/1384 1455/1475/1455
f 1384/1403/1384 1456/1476/1456 1455/1475/1455
f 1384/1403/1384 1385/1404/1385 1456/1476/1456
f 1385/1404/1385 1457/1477/1457 1456/1476/1456
f 1385/1404/1385 1386/1405/1386 1457/1477/1457
f 1386/1405/1386 1458/1478/1458 1457/1477/1457
f 1386/1405/1386 1387/1406/1387 1458/1478/1458
f 1387/1406/1387 1459/1479/1459 1458/1478/1458
f 1387/1406/1387 1388/1407/1388 1459/1479/1459
f 1388/1407/1388 1460/1480/1460 1459/1479/1459
f 1388/1407/1388 1389/1408/1389 1460/1480/1460
f 1389/1408/1389 1461/1481/1461 1460/1480/1460
f 1389/1408/1389 1390/1409/1390 1461/1481/1461
f 1390/1409/1390 1462/1482/1462 1461/1481/1461
f 1390/1409/1390 1391/1410/1391 1462/1482/1462
f 1391/1410/1391 1463/1483/1463 1462/1482/1462
f 1391/1410/1391 1392/1411/1392 1463/1483/1463
f 1392/1411/1392 1464/1484/1464 1463/1483/1463
f 1392/1411/1392 1393/1412/1393 1464/1484/1464
f 1393/1412/1393 1465/1485/1465 1464/1484/1464
f 1393/1412/1393 1394/1413/1394 1465/1485/1465
f 1394/1413/1394 1466/1486/1466 1465/1485/1465
f 1394/1413/1394 1395/1414/1395 1466/1486/1466
f 1395/1414/1395 1467/1487/1467 1466/1486/1466
f 1395/1414/1395 1396/1415/1396 1467/1487/1467
f 1396/1415/1396 1468/1488/1468 1467/1487/1467
f 1396/1415/1396 1397/1416/1397 1468/1488/1468
f 1397/1416/1397 1469/1489/1469 1468/1488/1468
f 1397/1416/1397 1398/1417/1398 1469/1489/1469
f 1398/1417/1398 1470/1490/1470 1469/1489/1469
f 1398/1417/1398 1399/1418/1399 1470/1490/1470
f 1399/1418/1399 1471/1491/1471 1470/1490/1470
f 1399/1418/1399 1400/1419/1400 1471/1491/1471
f 1400/1419/1400 1472/1492/1472 1471/1491/1471
f 1400/1419/1400 1401/1420/1401 1472/1492/1472
f 1401/1420/1401 1473/1493/1473 1472/1492/1472
f 1401/1420/1401 1402/1421/1402 1473/1493/1473
f 1402/1421/1402 1474/1494/1474 1473/1493/1473
f 1402/1421/1402 1403/1422/1403 1474/1494/1474
f 1403/1422/1403 1475/1495/1475 1474/1494/1474
f 1403/1422/1403 1404/1423/1404 1475/1495/1475
f 1404/1423/1404 1476/1496/1476 1475/1495/1475
f 1404/1423/1404 1405/1424/1405 1476/1496/1476
f 1405/1424/1405 1477/1497/1477 1476/1496/1476
f 1405/1424/1405 1406/1425/1406 1477/1497/1477
f 1406/1425/1406 1478/1498/1478 1477/1497/1477
f 1406/1425/1406 1407/1426/1407 1478/1498/1478
f 1407/1426/1407 1479/1499/1479 1478/1498/1478
f 1407/1426/1407 1408/1427/1408 1479/1499/1479
f 1408/1427/1408 1480/1500/1480 1479/1499/1479
f 1408/1427/1408 1409/1428/1409 1480/1500/1480
f 1409/1428/1409 1481/1501/1481 1480/1500/1480
f 1409/1428/1409 1410/1429/1410 1481/1501/1481
f 1410/1429/1410 1482/1502/1482 1481/1501/1481
f 1410/1429/1410 1411/1430/1411 1482/1502/1482
f 1411/1430/1411 1483/1503/1483 1482/1502/1482
f 1411/1430/1411 1412/1431/1412 1483/1503/1483
f 1412/1431/1412 1484/1504/1484 1483/1503/1483
f 1412/1431/1412 1413/1432/1413 1484/1504/1484
f 1413/1432/1413 1485/1505/1485 1484/1504/1484
f 1413/1432/1413 1414/1433/1414 1485/1505/1485
f 1414/1433/1414 1486/1506/1486 1485/1505/1485
f 1414/1433/1414 1415/1434/1415 1486/1506/1486
f 1415/1434/1415 1487/1507/1487 1486/1506/1486
f 1415/1434/1415 1416/1435/1416 1487/1507/1487
f 1416/1435/1416 1488/1508/1488 1487/1507/1487
f 1416/1435/1416 1417/1436/1417 1488/1508/1488
f 1417/1436/1417 1489/1509/1489 1488/1508/1488
f 1417/1436/1417 1418/1437/1418 1489/1509/1489
f 1418/1437/1418 1490/1510/1490 1489/1509/1489
f 1418/1437/1418 1419/1438/1419 1490/1510/1490
f 1419/1438/1419 1491/1511/1491 1490/1510/1490
f 1419/1438/1419 1420/1439/1420 1491/1511/1491
f 1420/1439/1420 1492/1512/1492 1491/1511/1491
f 1420/1439/1420 1421/1440/1421 1492/1512/1492
f 1421/1440/1421 1493/1513/1493 1492/1512/1492
f 1421/1440/1421 1422/1441/1422 1493/1513/1493
f 1422/1441/1422 1494/1514/1494 1493/1513/1493
f 1422/1441/1422 1423/1442/1423 1494/1514/1494
f 1423/1442/1423 1495/1515/1495 1494/1514/1494
f 1423/1442/1423 1424/1443/1424 1495/1515/1495
f 1424/1443/1424 1496/1516/1496 1495/1515/1495
f 1424/1443/1424 1425/1444/1425 1496/1516/1496
f 1425/1444/1425 1497/1517/1497 1496/1516/1496
f 1425/1444/1425 1426/1445/1426 1497/1517/1497
f 1426/1445/1426 1498/1518/1498 1497/1517/1497
f 1426/1445/1426 1427/1446/1427 1498/1518/1498
f 1427/1446/1427 1499/1519/1499 1498/1518/1498
f 1427/1446/1427 1428/1447/1428 1499/1519/1499
f 1428/1447/1428 1500/1520/1500 1499/1519/1499
f 1428/1447/1428 1429/1448/1429 1500/1520/1500
f 1429/1448/1429 1501/1521/1501 1500/1520/1500
f 1429/1448/1429 1430/1449/1430 1501/1521/1501
f 1430/1449/1430 1502/1522/1502 1501/1521/1501
f 1430/1449/1430 1431/1450/1431 1502/1522/1502
f 1431/1450/1431 1503/1523/1503 1502/1522/1502
f 1431/1450/1431 1432/1451/1432 1503/1523/1503
f 1432/1451/1432 1504/1524/1504 1503/1523/1503
f 1432/1451/1432 1433/1452/1433 1504/1524/1504
f 1433/1452/1433 1505/1525/1505 1504/1524/1504
f 1433/1452/1433 1434/1453/1434 1505/1525/1505
f 1434/1453/1434 1506/1526/1506 1505/1525/1505
f 1434/1453/1434 1435/1454/1435 1506/1526/1506
f 1435/1454/1435 1507/1527/1507 1506/1526/1506
f 1435/1454/1435 1436/1455/1436 1507/1527/1507
f 1436/1455/1436 1508/1528/1508 1507/1527/1507
f 1436/1455/1436 1437/1456/1437 1508/1528/1508
f 1437/1456/1437 1509/1529/1509 1508/1528/1508
f 1437/1456/1437 1438/1457/1438 1509/1529/1509
f 1438/1457/1438 1510/1530/1510 1509/1529/1509
f 1438/1457/1438 1439/1458/1439 1510/1530/1510
f 1439/1458/1439 1511/1531/1511 1510/1530/1510
f 1439/1458/1439 1440/1459/1440 1511/1531/1511
f 1440/1459/1440 1512/1532/1512 1511/1531/1511
f 1440/1459/1440 1441/1460/1441 1512/1532/1512
f 1441/1460/1441 1513/1533/1513 1512/1532/1512
f 1441/1460/1441 1370/1461/1370 1513/1533/1513
f 1370/1461/1370 1442/1534/1442 1513/1533/1513
f 1442/1462/1442 1443/1463/1443 1514/1535/1514
f 1443/1463/1443 1515/1536/1515 1514/1535/1514
f 1443/1463/1443 1444/1464/1444 1515/1536/1515
f 1444/1464/1444 1516/1537/1516 1515/1536/1515
f 1444/1464/1444 1445/1465/1445 1516/1537/1516
f 1445/1465/1445 1517/1538/1517 1516/1537/1516
f 1445/1465/1445 1446/1466/1446 1517/1538/1517
f 1446/1466/1446 1518/1539/1518 1517/1538/1517
f 1446/1466/1446 1447/1467/1447 1518/1539/1518
f 1447/1467/1447 1519/1540/1519 1518/1539/1518
f 1447/1467/1447 1448/1468/1448 1519/1540/1519
f 1448/1468/1448 1520/1541/1520 1519/1540/1519
f 1448/1468/1448 1449/1469/1449 1520/1541/1520
f 1449/1469/1449 1521/1542/1521 1520/1541/1520
f 1449/1469/1449 1450/1470/1450 1521/1542/1521
f 1450/1470/1450 1522/1543/1522 1521/1542/1521
f 1450/1470/1450 1451/1471/1451 1522/1543/1522
f 1451/1471/1451 1523/1544/1523 1522/1543/1522
f 1451/1471/1451 1452/1472/1452 1523/1544/1523
f 1452/1472/1452 1524/1545/1524 1523/1544/1523
f 1452/1472/1452 1453/1473/1453 1524/1545/1524
f 1453/1473/1453 1525/1546/1525 1524/1545/1524
f 1453/1473/1453 1454/1474/1454 1525/1546/1525
f 1454/1474/1454 1526/1547/1526 1525/1546/1525
f 1454/1474/1454 1455/1475/1455 1526/1547/1526
f 1455/1475/1455 1527/1548/1527 1526/1547/1526
f 1455/1475/1455 1456/1476/1456 1527/1548/1527
f 1456/1476/1456 1528/1549/1528 1527/1548/1527
f 1456/1476/1456 1457/1477/1457 1528/1549/1528
f 1457/1477/1457 1529/1550/1529 1528/1549/1528
f 1457/1477/1457 1458/1478/1458 1529/1550/1529
f 1458/1478/1458 1530/1551/1530 1529/1550/1529
f 1458/1478/1458 1459/1479/1459 1530/1551/1530
f 1459/1479/1459 1531/1552/1531 1530/1551/1530
f 1459/1479/1459 1460/1480/1460 1531/1552/1531
f 1460/1480/1460 1532/1553/1532 1531/1552/1531
f 1460/1480/1460 1461/1481/1461 1532/1553/1532
f 1461/1481/1461 1533/1554/1533 1532/1553/1532
f 1461/1481/1461 1462/1482/1462 1533/1554/1533
f 1462/1482/1462 1534/1555/1534 1533/1554/1533
f 1462/1482/1462 1463/1483/1463 1534/1555/1534
f 1463/1483/1463 1535/1556/1535 1534/1555/1534
f 1463/1483/1463 1464/1484/1464 1535/1556/1535
f 1464/1484/1464 1536/1557/1536 1535/1556/1535
f 1464/1484/1464 1465/1485/1465 1536/1557/1536
f 1465/1485/1465 1537/1558/1537 1536/1557/1536
f 1465/1485/1465 1466/1486/1466 1537/1558/1537
f 1466/1486/1466 1538/1559/1538 1537/1558/1537
f 1466/1486/1466 1467/1487/1467 1538/1559/1538
f 1467/1487/1467 1539/1560/1539 1538/1559/1538
f 1467/1487/1467 1468/1488/1468 1539/1560/1539
f 1468/1488/1468 1540/1561/1540 1539/1560/1539
f 1468/1488/1468 1469/1489/1469 1540/1561/1540
f 1469/1489/1469 1541/1562/1541 1540/1561/1540
f 1469/1489/1469 1470/1490/1470 1541/1562/1541
f 1470/1490/1470 1542/1563/1542 1541/1562/1541
f 1470/1490/1470 1471/1491/1471 1542/1563/1542
f 1471/1491/1471 1543/1564/1543 1542/1563/1542
f 1471/1491/1471 1472/1492/1472 1543/1564/1543
f 1472/1492/1472 1544/1565/1544 1543/1564/1543
f 1472/1492/1472 1473/1493/1473 1544/1565/1544
f 1473/1493/1473 1545/1566/1545 1544/1565/1544
f 1473/1493/1473 1474/1494/1474 1545/1566/1545
f 1474/1494/1474 1546/1567/1546 1545/1566/1545
f 1474/1494/1474 1475/1495/1475 1546/1567/1546
f 1475/1495/1475 1547/1568/1547 1546/1567/1546
f 1475/1495/1475 1476/1496/1476 1547/1568/1547
f 1476/1496/1476 1548/1569/1548 1547/1568/1547
f 1476/1496/1476 1477/1497/1477 1548/1569/1548
f 1477/1497/1477 1549/1570/1549 1548/1569/1548
f 1477/1497/1477 1478/1498/1478 1549/1570/1549
f 1478/1498/1478 1550/1571/1550 1549/1570/1549
f 1478/1498/1478 1479/1499/1479 1550/1571/1550
f 1479/1499/1479 1551/1572/1551 1550/1571/1550
f 1479/1499/1479 1480/1500/1480 1551/1572/1551
f 1480/1500/1480 1552/1573/1552 1551/1572/1551
f 1480/1500/1480 1481/1501/1481 1552/1573/1552
f 1481/1501/1481 1553/1574/1553 1552/1573/1552
f 1481/1501/1481 1482/1502/1482 1553/1574/1553
f 1482/1502/1482 1554/1575/1554 1553/1574/1553
f 1482/1502/1482 1483/1503/1483 1554/1575/1554
f 1483/1503/1483 1555/1576/1555 1554/1575/1554
f 1483/1503/1483 1484/1504/1484 1555/1576/1555
f 1484/1504/1484 1556/1577/1556 1555/1576/1555
f 1484/1504/1484 1485/1505/1485 1556/1577/1556
f 1485/1505/1485 1557/1578/1557 1556/1577/1556
f 1485/1505/1485 1486/1506/1486 1557/1578/1557
f 1486/1506/1486 1558/1579/1558 1557/1578/1557
f 1486/1506/1486 1487/1507/1487 1558/1579/1558
f 1487/1507/1487 1559/1580/1559 1558/1579/1558
f 1487/1507/1487 1488/1508/1488 1559/1580/1559
f 1488/1508/1488 1560/1581/1560 1559/1580/1559
f 1488/1508/1488 1489/1509/1489 1560/1581/1560
f 1489/1509/1489 1561/1582/1561 1560/1581/1560
f 1489/1509/1489 1490/1510/1490 1561/1582/1561
f 1490/1510/1490 1562/1583/1562 1561/1582/1561
f 1490/1510/1490 1491/1511/1491 1562/1583/1562
f 1491/1511/1491 1563/1584/1563 1562/1583/1562
f 1491/1511/1491 1492/1512/1492 1563/1584/1563
f 1492/1512/1492 1564/1585/1564 1563/1584/1563
f 1492/1512/1492 1493/1513/1493 1564/1585/1564
f 1493/1513/1493 1565/1586/1565 1564/1585/1564
f 1493/1513/1493 1494/1514/1494 1565/1586/1565
f 1494/1514/1494 1566/1587/1566 1565/1586/1565
f 1494/1514/1494 1495/1515/1495 1566/1587/1566
f 1495/1515/1495 1567/1588/1567 1566/1587/1566
f 1495/1515/1495 1496/1516/1496 1567/1588/1567
f 1496/1516/1496 1568/1589/1568 1567/1588/1567
f 1496/1516/1496 1497/1517/1497 1568/1589/1568
f 1497/1517/1497 1569/1590/1569 1568/1589/1568
f 1497/1517/1497 1498/1518/1498 1569/1590/1569
f 1498/1518/1498 1570/1591/1570 1569/1590/1569
f 1498/1518/1498 1499/1519/1499 1570/1591/1570
f 1499/1519/1499 1571/1592/1571 1570/1591/1570
f 1499/1519/1499 1500/1520/1500 1571/1592/1571
f 1500/1520/1500 1572/1593/1572 1571/1592/1571
f 1500/1520/1500 1501/1521/1501 1572/1593/1572
f 1501/1521/1501 1573/1594/1573 1572/1593/1572
f 1501/1521/1501 1502/1522/1502 1573/1594/1573
f 1502/1522/1502 1574/1595/1574 1573/1594/1573
f 1502/1522/1502 1503/1523/1503 1574/1595/1574
f 1503/1523/1503 1575/1596/1575 1574/1595/1574
f 1503/1523/1503 1504/1524/1504 1575/1596/1575
f 1504/1524/1504 1576/1597/1576 1575/1596/1575
f 1504/1524/1504 1505/1525/1505 1576/1597/1576
f 1505/1525/1505 1577/1598/1577 1576/1597/1576
f 1505/1525/1505 1506/1526/1506 1577/1598/1577
f 1506/1526/1506 1578/1599/1578 1577/1598/1577
f 1506/1526/1506 1507/1527/1507 1578/1599/1578
f 1507/1527/1507 1579/1600/1579 1578/1599/1578
f 1507/1527/1507 1508/1528/1508 1579/1600/1579
f 1508/1528/1508 1580/1601/1580 1579/1600/1579
f 1508/1528/1508 1509/1529/1509 1580/1601/1580
f 1509/1529/1509 1581/1602/1581 1580/1601/1580
f 1509/1529/1509 1510/1530/1510 1581/1602/1581
f 1510/1530/1510 1582/1603/1582 1581/1602/1581
f 1510/1530/1510 1511/1531/1511 1582/1603/1582
f 1511/1531/1511 1583/1604/1583 1582/1603/1582
f 1511/1531/1511 1512/1532/1512 1583/1604/1583
f 1512/1532/1512 1584/1605/1584 1583/1604/1583
f 1512/1532/1512 1513/1533/1513 1584/1605/1584
f 1513/1533/1513 1585/1606/1585 1584/1605/1584
f 1513/1533/1513 1442/1534/1442 1585/1606/1585
f 1442/1534/1442 1514/1607/1514 1585/1606/1585
f 1514/1535/1514 1515/1536/1515 1586/1608/1586
f 1515/1536/1515 1587/1609/1587 1586/1608/1586
f 1515/1536/1515 1516/1537/1516 1587/1609/1587
f 1516/1537/1516 1588/1610/1588 1587/1609/1587
f 1516/1537/1516 1517/1538/1517 1588/1610/1588
f 1517/1538/1517 1589/1611/1589 1588/1610/1588
f 1517/1538/1517 1518/1539/1518 1589/1611/1589
f 1518/1539/1518 1590/1612/1590 1589/1611/1589
f 1518/1539/1518 1519/1540/1519 1590/1612/1590
f 1519/1540/1519 1591/1613/1591 1590/1612/1590
f 1519/1540/1519 1520/1541/1520 1591/1613/1591
f 1520/1541/1520 1592/1614/1592 1591/1613/1591
f 1520/1541/1520 1521/1542/1521 1592/1614/1592
f 1521/1542/1521 1593/1615/1593 1592/1614/1592
f 1521/1542/1521 1522/1543/1522 1593/1615/1593
f 1522/1543/1522 1594/1616/1594 1593/1615/1593
f 1522/1543/1522 1523/1544/1523 1594/1616/1594
f 1523/1544/1523 1595/1617/1595 1594/1616/1594
f 1523/1544/1523 1524/1545/1524 1595/1617/1595
f 1524/1545/1524 1596/1618/1596 1595/1617/1595
f 1524/1545/1524 1525/1546/1525 1596/1618/1596
f 1525/1546/1525 1597/1619/1597 1596/1618/1596
f 1525/1546/1525 1526/1547/1526 1597/1619/1597
f 1526/1547/1526 1598/1620/1598 1597/1619/1597
f 1526/1547/1526 1527/1548/1527 1598/1620/1598
f 1527/1548/1527 1599/1621/1599 1598/1620/1598
f 1527/1548/1527 1528/1549/1528 1599/1621/1599
f 1528/1549/1528 1600/1622/1600 1599/1621/1599
f 1528/1549/1528 1529/1550/1529 1600/1622/1600
f 1529/1550/1529 1601/1623/1601 1600/1622/1600
f 1529/1550/1529 1530/1551/1530 1601/1623/1601
f 1530/1551/1530 1602/1624/1602 1601/1623/1601
f 1530/1551/1530 1531/1552/1531 1602/1624/1602
f 1531/1552/1531 1603/1625/1603 1602/1624/1602
f 1531/1552/1531 1532/1553/1532 1603/1625/1603
f 1532/1553/1532 1604/1626/1604 1603/1625/1603
f 1532/1553/1532 1533/1554/1533 1604/1626/1604
f 1533/1554/1533 1605/1627/1605 1604/1626/1604
f 1533/1554/1533 1534/1555/1534 1605/1627/1605
f 1534/1555/1534 1606/1628/1606 1605/1627/1605
f 1534/1555/1534 1535/1556/1535 1606/1628/1606
f 1535/1556/1535 1607/1629/1607 1606/1628/1606
f 1535/1556/1535 1536/1557/1536 1607/1629/1607
f 1536/1557/1536 1608/1630/1608 1607/1629/1607
f 1536/1557/1536 1537/1558/1537 1608/1630/1608
f 1537/1558/1537 1609/1631/1609 1608/1630/1608
f 1537/1558/1537 1538/1559/1538 1609/1631/1609
f 1538/1559/1538 1610/1632/1610 1609/1631/1609
f 1538/1559/1538 1539/1560/1539 1610/1632/1610
f 1539/1560/1539 1611/1633/1611 1610/1632/1610
f 1539/1560/1539 1540/1561/1540 1611/1633/1611
f 1540/1561/1540 1612/1634/1612 1611/1633/1611
f 1540/1561/1540 1541/1562/1541 1612/1634/1612
f 1541/1562/1541 1613/1635/1613 1612/1634/1612
f 1541/1562/1541 1542/1563/1542 1613/1635/1613
f 1542/1563/1542 1614/1636/1614 1613/1635/1613
f 1542/1563/1542 1543/1564/1543 1614/1636/1614
f 1543/1564/1543 1615/1637/1615 1614/1636/1614
f 1543/1564/1543 1544/1565/1544 1615/1637/1615
f 1544/1565/1544 1616/1638/1616 1615/1637/1615
f 1544/1565/1544 1545/1566/1545 1616/1638/1616
f 1545/1566/1545 1617/1639/1617 1616/1638/1616
f 1545/1566/1545 1546/1567/1546 1617/1639/1617
f 1546/1567/1546 1618/1640/1618 1617/1639/1617
f 1546/1567/1546 1547/1568/1547 1618/1640/1618
f 1547/1568/1547 1619/1641/1619 1618/1640/1618
f 1547/1568/1547 1548/1569/1548 1619/1641/1619
f 1548/1569/1548 1620/1642/1620 1619/1641/1619
f 1548/1569/1548 1549/1570/1549 1620/1642/1620
f 1549/1570/1549 1621/1643/1621 1620/1642/1620
f 1549/1570/1549 1550/1571/1550 1621/1643/1621
f 1550/1571/1550 1622/1644/1622 1621/1643/1621
f 1550/1571/1550 1551/1572/1551 1622/1644/1622
f 1551/1572/1551 1623/1645/1623 1622/1644/1622
f 1551/1572/1551 1552/1573/1552 1623/1645/1623
f 1552/1573/1552 1624/1646/1624 1623/1645/1623
f 1552/1573/1552 1553/1574/1553 1624/1646/1624
f 1553/1574/1553 1625/1647/1625 1624/1646/1624
f 1553/1574/1553 1554/1575/1554 1625/1647/1625
f 1554/1575/1554 1626/1648/1626 1625/1647/1625
f 1554/1575/1554 1555/1576/1555 1626/1648/1626
f 1555/1576/1555 1627/1649/1627 1626/1648/1626
f 1555/1576/1555 1556/1577/1556 1627/1649/1627
f 1556/1577/1556 1628/1650/1628 1627/1649/1627
f 1556/1577/1556 1557/1578/1557 1628/1650/1628
f 1557/1578/1557 1629/1651/1629 1628/1650/1628
f 1557/1578/1557 1558/1579/1558 1629/1651/1629
f 1558/1579/1558 1630/1652/1630 1629/1651/1629
f 1558/1579/1558 1559/1580/1559 1630/1652/1630
f 1559/1580/1559 1631/1653/1631 1630/1652/1630
f 1559/1580/1559 1560/1581/1560 1631/1653/1631
f 1560/1581/1560 1632/1654/1632 1631/1653/1631
f 1560/1581/1560 1561/1582/1561 1632/1654/1632
f 1561/1582/1561 1633/1655/1633 1632/1654/1632
f 1561/1582/1561 1562/1583/1562 1633/1655/1633
f 1562/1583/1562 1634/1656/1634 1633/1655/1633
f 1562/1583/1562 1563/1584/1563 1634/1656/1634
f 1563/1584/1563 1635/1657/1635 1634/1656/1634
f 1563/1584/1563 1564/1585/1564 1635/1657/1635
f 1564/1585/1564 1636/1658/1636 1635/1657/1635
f 1564/1585/1564 1565/1586/1565 1636/1658/1636
f 1565/1586/1565 1637/1659/1637 1636/1658/1636
f 1565/1586/1565 1566/1587/1566 1637/1659/1637
f 1566/1587/1566 1638/1660/1638 1637/1659/1637
f 1566/1587/1566 1567/1588/1567 1638/1660/1638
f 1567/1588/1567 1639/1661/1639 1638/1660/1638
f 1567/1588/1567 1568/1589/1568 1639/1661/1639
f 1568/1589/1568 1640/1662/1640 1639/1661/1639
f 1568/1589/1568 1569/1590/1569 1640/1662/1640
f 1569/1590/1569 1641/1663/1641 1640/1662/1640
f 1569/1590/1569 1570/1591/1570 1641/1663/1641
f 1570/1591/1570 1642/1664/1642 1641/1663/1641
f 1570/1591/1570 1571/1592/1571 1642/1664/1642
f 1571/1592/1571 1643/1665/1643 1642/1664/1642
f 1571/1592/1571 1572/1593/1572 1643/1665/1643
f 1572/1593/1572 1644/1666/1644 1643/1665/1643
f 1572/1593/1572 1573/1594/1573 1644/1666/1644
f 1573/1594/1573 1645/1667/1645 1644/1666/1644
f 1573/1594/1573 1574/1595/1574 1645/1667/1645
f 1574/1595/1574 1646/1668/1646 1645/1667/1645
f 1574/1595/1574 1575/1596/1575 1646/1668/1646
f 1575/1596/1575 1647/1669/1647 1646/1668/1646
f 1575/1596/1575 1576/1597/1576 1647/1669/1647
f 1576/1597/1576 1648/1670/1648 1647/1669/1647
f 1576/1597/1576 1577/1598/1577 1648/1670/1648
f 1577/1598/1577 1649/1671/1649 1648/1670/1648
f 1577/1598/1577 1578/1599/1578 1649/1671/1649
f 1578/1599/1578 1650/1672/1650 1649/1671/1649
f 1578/1599/1578 1579/1600/1579 1650/1672/1650
f 1579/1600/1579 1651/1673/1651 1650/1672/1650
f 1579/1600/1579 1580/1601/1580 1651/1673/1651
f 1580/1601/1580 1652/1674/1652 1651/1673/1651
f 1580/1601/1580 1581/1602/1581 1652/1674/1652
f 1581/1602/1581 1653/1675/1653 1652/1674/1652
f 1581/1602/1581 1582/1603/1582 1653/1675/1653
f 1582/1603/1582 1654/1676/1654 1653/1675/1653
f 1582/1603/1582 1583/1604/1583 1654/1676/1654
f 1583/1604/1583 1655/1677/1655 1654/1676/1654
f 1583/1604/1583 1584/1605/1584 1655/1677/1655
f 1584/1605/1584 1656/1678/1656 1655/1677/1655
f 1584/1605/1584 1585/1606/1585 1656/1678/1656
f 1585/1606/1585 1657/1679/1657 1656/1678/1656
f 1585/1606/1585 1514/1607/1514 1657/1679/1657
f 1514/1607/1514 1586/1680/1586 1657/1679/1657
f 1586/1608/1586 1587/1609/1587 1658/1681/1658
f 1587/1609/1587 1659/1682/1659 1658/1681/1658
f 1587/1609/1587 1588/1610/1588 1659/1682/1659
f 1588/1610/1588 1660/1683/1660 1659/1682/1659
f 1588/1610/1588 1589/1611/1589 1660/1683/1660
f 1589/1611/1589 1661/1684/1661 1660/1683/1660
f 1589/1611/1589 1590/1612/1590 1661/1684/1661
f 1590/1612/1590 1662/1685/1662 1661/1684/1661
f 1590/1612/1590 1591/1613/1591 1662/1685/1662
f 1591/1613/1591 1663/1686/1663 1662/1685/1662
f 1591/1613/1591 1592/1614/1592 1663/1686/1663
f 1592/1614/1592 1664/1687/1664 1663/1686/1663
f 1592/1614/1592 1593/1615/1593 1664/1687/1664
f 1593/1615/1593 1665/1688/1665 1664/1687/1664
f 1593/1615/1593 1594/1616/1594 1665/1688/1665
f 1594/1616/1594 1666/1689/1666 1665/1688/1665
f 1594/1616/1594 1595/1617/1595 1666/1689/1666
f 1595/1617/1595 1667/1690/1667 1666/1689/1666
f 1595/1617/1595 1596/1618/1596 1667/1690/1667
f 1596/1618/1596 1668/1691/1668 1667/1690/1667
f 1596/1618/1596 1597/1619/1597 1668/1691/1668
f 1597/1619/1597 1669/1692/1669 1668/1691/1668
f 1597/1619/1597 1598/1620/1598 1669/1692/1669
f 1598/1620/1598 1670/1693/1670 1669/1692/1669
f 1598/1620/1598 1599/1621/1599 1670/1693/1670
f 1599/1621/1599 1671/1694/1671 1670/1693/1670
f 1599/1621/1599 1600/1622/1600 1671/1694/1671
f 1600/1622/1600 1672/1695/1672 1671/1694/1671
f 1600/1622/1600 1601/1623/1601 1672/1695/1672
f 1601/1623/1601 1673/1696/1673 1672/1695/1672
f 1601/1623/1601 1602/1624/1602 1673/1696/1673
f 1602/1624/1602 1674/1697/1674 1673/1696/1673
f 1602/1624/1602 1603/1625/1603 1674/1697/1674
f 1603/1625/1603 1675/1698/1675 1674/1697/1674
f 1603/1625/1603 1604/1626/1604 1675/1698/1675
f 1604/1626/1604 1676/1699/1676 1675/1698/1675
f 1604/1626/1604 1605/1627/1605 1676/1699/1676
f 1605/1627/1605 1677/1700/1677 1676/1699/1676
f 1605/1627/1605 1606/1628/1606 1677/1700/1677
f 1606/1628/1606 1678/1701/1678 1677/1700/1677
f 1606/1628/1606 1607/1629/1607 1678/1701/1678
f 1607/1629/1607 1679/1702/1679 1678/1701/1678
f 1607/1629/1607 1608/1630/1608 1679/1702/1679
f 1608/1630/1608 1680/1703/1680 1679/1702/1679
f 1608/1630/1608 1609/1631/1609 1680/1703/1680
f 1609/1631/1609 1681/1704/1681 1680/1703/1680
f 1609/1631/1609 1610/1632/1610 1681/1704/1681
f 1610/1632/1610 1682/1705/1682 1681/1704/1681
f 1610/1632/1610 1611/1633/1611 1682/1705/1682
f 1611/1633/1611 1683/1706/1683 1682/1705/1682
f 1611/1633/1611 1612/1634/1612 1683/1706/1683
f 1612/1634/1612 1684/1707/1684 1683/1706/1683
f 1612/1634/1612 1613/1635/1613 1684/1707/1684
f 1613/1635/1613 1685/1708/1685 1684/1707/1684
f 1613/1635/1613 1614/1636/1614 1685/1708/1685
f 1614/1636/1614 1686/1709/1686 1685/1708/1685
f 1614/1636/1614 1615/1637/1615 1686/1709/1686
f 1615/1637/1615 1687/1710/1687 1686/1709/1686
f 1615/1637/1615 1616/1638/1616 1687/1710/1687
f 1616/1638/1616 1688/1711/1688 1687/1710/1687
f 1616/1638/1616 1617/1639/1617 1688/1711/1688
f 1617/1639/1617 1689/1712/1689 1688/1711/1688
f 1617/1639/1617 1618/1640/1618 1689/1712/1689
f 1618/1640/1618 1690/1713/1690 1689/1712/1689
f 1618/1640/1618 1619/1641/1619 1690/1713/1690
f 1619/1641/1619 1691/1714/1691 1690/1713/1690
f 1619/1641/1619 1620/1642/1620 1691/1714/1691
f 1620/1642/1620 1692/1715/1692 1691/1714/1691
f 1620/1642/1620 1621/1643/1621 1692/1715/1692
f 1621/1643/1621 1693/1716/1693 1692/1715/1692
f 1621/1643/1621 1622/1644/1622 1693/1716/1693
f 1622/1644/1622 1694/1717/1694 1693/1716/1693
f 1622/1644/1622 1623/1645/1623 1694/1717/1694
f 1623/1645/1623 1695/1718/1695 1694/1717/1694
f 1623/1645/1623 1624/1646/1624 1695/1718/1695
f 1624/1646/1624 1696/1719/1696 1695/1718/1695
f 1624/1646/1624 1625/1647/1625 1696/1719/1696
f 1625/1647/1625 1697/1720/1697 1696/1719/1696
f 1625/1647/1625 1626/1648/1626 1697/1720/1697
f 1626/1648/1626 1698/1721/1698 1697/1720/1697
f 1626/1648/1626 1627/1649/1627 1698/1721/1698
f 1627/1649/1627 1699/1722/1699 1698/1721/1698
f 1627/1649/1627 1628/1650/1628 1699/1722/1699
f 1628/1650/1628 1700/1723/1700 1699/1722/1699
f 1628/1650/1628 1629/1651/1629 1700/1723/1700
f 1629/1651/1629 1701/1724/1701 1700/1723/1700
f 1629/1651/1629 1630/1652/1630 1701/1724/1701
f 1630/1652/1630 1702/1725/1702 1701/1724/1701
f 1630/1652/1630 1631/1653/1631 1702/1725/1702
f 1631/1653/1631 1703/1726/1703 1702/1725/1702
f 1631/1653/1631 1632/1654/1632 1703/1726/1703
f 1632/1654/1632 1704/1727/1704 1703/1726/1703
f 1632/1654/1632 1633/1655/1633 1704/1727/1704
f 1633/1655/1633 1705/1728/1705 1704/1727/1704
f 1633/1655/1633 1634/1656/1634 1705/1728/1705
f 1634/1656/1634 1706/1729/1706 1705/1728/1705
f 1634/1656/1634 1635/1657/1635 1706/1729/1706
f 1635/1657/1635 1707/1730/1707 1706/1729/1706
f 1635/1657/1635 1636/1658/1636 1707/1730/1707
f 1636/1658/1636 1708/1731/1708 1707/1730/1707
f 1636/1658/1636 1637/1659/1637 1708/1731/1708
f 1637/1659/1637 1709/1732/1709 1708/1731/1708
f 1637/1659/1637 1638/1660/1638 1709/1732/1709
f 1638/1660/1638 1710/1733/1710 1709/1732/1709
f 1638/1660/1638 1639/1661/1639 1710/1733/1710
f 1639/1661/1639 1711/1734/1711 1710/1733/1710
f 1639/1661/1639 1640/1662/1640 1711/1734/1711
f 1640/1662/1640 1712/1735/1712 1711/1734/1711
f 1640/1662/1640 1641/1663/1641 1712/1735/1712
f 1641/1663/1641 1713/1736/1713 1712/1735/1712
f 1641/1663/1641 1642/1664/1642 1713/1736/1713
f 1642/1664/1642 1714/1737/1714 1713/1736/1713
f 1642/1664/1642 1643/1665/1643 1714/1737/1714
f 1643/1665/1643 1715/1738/1715 1714/1737/1714
f 1643/1665/1643 1644/1666/1644 1715/1738/1715
f 1644/1666/1644 1716/1739/1716 1715/1738/1715
f 1644/1666/1644 1645/1667/1645 1716/1739/1716
f 1645/1667/1645 1717/1740/1717 1716/1739/1716
f 1645/1667/1645 1646/1668/1646 1717/1740/1717
f 1646/1668/1646 1718/1741/1718 1717/1740/1717
f 1646/1668/1646 1647/1669/1647 1718/1741/1718
f 1647/1669/1647 1719/1742/1719 1718/1741/1718
f 1647/1669/1647 1648/1670/1648 1719/1742/1719
f 1648/1670/1648 1720/1743/1720 1719/1742/1719
f 1648/1670/1648 1649/1671/1649 1720/1743/1720
f 1649/1671/1649 1721/1744/1721 1720/1743/1720
f 1649/1671/1649 1650/1672/1650 1721/1744/1721
f 1650/1672/1650 1722/1745/1722 1721/1744/1721
f 1650/1672/1650 1651/1673/1651 1722/1745/1722
f 1651/1673/1651 1723/1746/1723 1722/1745/1722
f 1651/1673/1651 1652/1674/1652 1723/1746/1723
f 1652/1674/1652 1724/1747/1724 1723/1746/1723
f 1652/1674/1652 1653/1675/1653 1724/1747/1724
f 1653/1675/1653 1725/1748/1725 1724/1747/1724
f 1653/1675/1653 1654/1676/1654 1725/1748/1725
f 1654/1676/1654 1726/1749/1726 1725/1748/1725
f 1654/1676/1654 1655/1677/1655 1726/1749/1726
f 1655/1677/1655 1727/1750/1727 1726/1749/1726
f 1655/1677/1655 1656/1678/1656 1727/1750/1727
f 1656/1678/1656 1728/1751/1728 1727/1750/1727
f 1656/1678/1656 1657/1679/1657 1728/1751/1728
f 1657/1679/1657 1729/1752/1729 1728/1751/1728
f 1657/1679/1657 1586/1680/1586 1729/1752/1729
f 1586/1680/1586 1658/1753/1658 1729/1752/1729
f 1658/1681/1658 1659/1682/1659 1730/1754/1730
f 1659/1682/1659 1731/1755/1731 1730/1754/1730
f 1659/1682/1659 1660/1683/1660 1731/1755/1731
f 1660/1683/1660 1732/1756/1732 1731/1755/1731
f 1660/1683/1660 1661/1684/1661 1732/1756/1732
f 1661/1684/1661 1733/1757/1733 1732/1756/1732
f 1661/1684/1661 1662/1685/1662 1733/1757/1733
f 1662/1685/1662 1734/1758/1734 1733/1757/1733
f 1662/1685/1662 1663/1686/1663 1734/1758/1734
f 1663/1686/1663 1735/1759/1735 1734/1758/1734
f 1663/1686/1663 1664/1687/1664 1735/1759/1735
f 1664/1687/1664 1736/1760/1736 1735/1759/1735
f 1664/1687/1664 1665/1688/1665 1736/1760/1736
f 1665/1688/1665 1737/1761/1737 1736/1760/1736
f 1665/1688/1665 1666/1689/1666 1737/1761/1737
f 1666/1689/1666 1738/1762/1738 1737/1761/1737
f 1666/1689/1666 1667/1690/1667 1738/1762/1738
f 1667/1690/1667 1739/1763/1739 1738/1762/1738
f 1667/1690/1667 1668/1691/1668 1739/1763/1739
f 1668/1691/1668 1740/1764/1740 1739/1763/1739
f 1668/1691/1668 1669/1692/1669 1740/1764/1740
f 1669/1692/1669 1741/1765/1741 1740/1764/1740
f 1669/1692/1669 1670/1693/1670 1741/1765/1741
f 1670/1693/1670 1742/1766/1742 1741/1765/1741
f 1670/1693/1670 1671/1694/1671 1742/1766/1742
f 1671/1694/1671 1743/1767/1743 1742/1766/1742
f 1671/1694/1671 1672/1695/1672 1743/1767/1743
f 1672/1695/1672 1744/1768/1744 1743/1767/1743
f 1672/1695/1672 1673/1696/1673 1744/1768/1744
f 1673/1696/1673 1745/1769/1745 1744/1768/1744
f 1673/1696/1673 1674/1697/1674 1745/1769/1745
f 1674/1697/1674 1746/1770/1746 1745/1769/1745
f 1674/1697/1674 1675/1698/1675 1746/1770/1746
f 1675/1698/1675 1747/1771/1747 1746/1770/1746
f 1675/1698/1675 1676/1699/1676 1747/1771/1747
f 1676/1699/1676 1748/1772/1748 1747/1771/1747
f 1676/1699/1676 1677/1700/1677 1748/1772/1748
f 1677/1700/1677 1749/1773/1749 1748/1772/1748
f 1677/1700/1677 1678/1701/1678 1749/1773/1749
f 1678/1701/1678 1750/1774/1750 1749/1773/1749
f 1678/1701/1678 1679/1702/1679 1750/1774/1750
f 1679/1702/1679 1751/1775/1751 1750/1774/1750
f 1679/1702/1679 1680/1703/1680 1751/1775/1751
f 1680/1703/1680 1752/1776/1752 1751/1775/1751
f 1680/1703/1680 1681/1704/1681 1752/1776/1752
f 1681/1704/1681 1753/1777/1753 1752/1776/1752
f 1681/1704/1681 1682/1705/1682 1753/1777/1753
f 1682/1705/1682 1754/1778/1754 1753/1777/1753
f 1682/1705/1682 1683/1706/1683 1754/1778/1754
f 1683/1706/1683 1755/1779/1755 1754/1778/1754
f 1683/1706/1683 1684/1707/1684 1755/1779/1755
f 1684/1707/1684 1756/1780/1756 1755/1779/1755
f 1684/1707/1684 1685/1708/1685 1756/1780/1756
f 1685/1708/1685 1757/1781/1757 1756/1780/1756
f 1685/1708/1685 1686/1709/1686 1757/1781/1757
f 1686/1709/1686 1758/1782/1758 1757/1781/1757
f 1686/1709/1686 1687/1710/1687 1758/1782/1758
f 1687/1710/1687 1759/1783/1759 1758/1782/1758
f 1687/1710/1687 1688/1711/1688 1759/1783/1759
f 1688/1711/1688 1760/1784/1760 1759/1783/1759
f 1688/1711/1688 1689/1712/1689 1760/1784/1760
f 1689/1712/1689 1761/1785/1761 1760/1784/1760
f 1689/1712/1689 1690/1713/1690 1761/1785/1761
f 1690/1713/1690 1762/1786/1762 1761/1785/1761
f 1690/1713/1690 1691/1714/1691 1762/1786/1762
f 1691/1714/1691 1763/1787/1763 1762/1786/1762
f 1691/1714/1691 1692/1715/1692 1763/1787/1763
f 1692/1715/1692 1764/1788/1764 1763/1787/1763
f 1692/1715/1692 1693/1716/1693 1764/1788/1764
f 1693/1716/1693 1765/1789/1765 1764/1788/1764
f 1693/1716/1693 1694/1717/1694 1765/1789/1765
f 1694/1717/1694 1766/1790/1766 1765/1789/1765
f 1694/1717/1694 1695/1718/1695 1766/1790/1766
f 1695/1718/1695 1767/1791/1767 1766/1790/1766
f 1695/1718/1695 1696/1719/1696 1767/1791/1767
f 1696/1719/1696 1768/1792/1768 1767/1791/1767
f 1696/1719/1696 1697/1720/1697 1768/1792/1768
f 1697/1720/1697 1769/1793/1769 1768/1792/1768
f 1697/1720/1697 1698/1721/1698 1769/1793/1769
f 1698/1721/1698 1770/1794/1770 1769/1793/1769
f 1698/1721/1698 1699/1722/1699 1770/1794/1770
f 1699/1722/1699 1771/1795/1771 1770/1794/1770
f 1699/1722/1699 1700/1723/1700 1771/1795/1771
f 1700/1723/1700 1772/1796/1772 1771/1795/1771
f 1700/1723/1700 1701/1724/1701 1772/1796/1772
f 1701/1724/1701 1773/1797/1773 1772/1796/1772
f 1701/1724/1701 1702/1725/1702 1773/1797/1773
f 1702/1725/1702 1774/1798/1774 1773/1797/1773
f 1702/1725/1702 1703/1726/1703 1774/1798/1774
f 1703/1726/1703 1775/1799/1775 1774/1798/1774
f 1703/1726/1703 1704/1727/1704 1775/1799/1775
f 1704/1727/1704 1776/1800/1776 1775/1799/1775
f 1704/1727/1704 1705/1728/1705 1776/1800/1776
f 1705/1728/1705 1777/1801/1777 1776/1800/1776
f 1705/1728/1705 1706/1729/1706 1777/1801/1777
f 1706/1729/1706 1778/1802/1778 1777/1801/1777
f 1706/1729/1706 1707/1730/1707 1778/1802/1778
f 1707/1730/1707 1779/1803/1779 1778/1802/1778
f 1707/1730/1707 1708/1731/1708 1779/1803/1779
f 1708/1731/1708 1780/1804/1780 1779/1803/1779
f 1708/1731/1708 1709/1732/1709 1780/1804/1780
f 1709/1732/1709 1781/1805/1781 1780/1804/1780
f 1709/1732/1709 1710/1733/1710 1781/1805/1781
f 1710/1733/1710 1782/1806/1782 1781/1805/1781
f 1710/1733/1710 1711/1734/1711 1782/1806/1782
f 1711/1734/1711 1783/1807/1783 1782/1806/1782
f 1711/1734/1711 1712/1735/1712 1783/1807/1783
f 1712/1735/1712 1784/1808/1784 1783/1807/1783
f 1712/1735/1712 1713/1736/1713 1784/1808/1784
f 1713/1736/1713 1785/1809/1785 1784/1808/1784
f 1713/1736/1713 1714/1737/1714 1785/1809/1785
f 1714/1737/1714 1786/1810/1786 1785/1809/1785
f 1714/1737/1714 1715/1738/1715 1786/1810/1786
f 1715/1738/1715 1787/1811/1787 1786/1810/1786
f 1715/1738/1715 1716/1739/1716 1787/1811/1787
f 1716/1739/1716 1788/1812/1788 1787/1811/1787
f 1716/1739/1716 1717/1740/1717 1788/1812/1788
f 1717/1740/1717 1789/1813/1789 1788/1812/1788
f 1717/1740/1717 1718/1741/1718 1789/1813/1789
f 1718/1741/1718 1790/1814/1790 1789/1813/1789
f 1718/1741/1718 1719/1742/1719 1790/1814/1790
f 1719/1742/1719 1791/1815/1791 1790/1814/1790
f 1719/1742/1719 1720/1743/1720 1791/1815/1791
f 1720/1743/1720 1792/1816/1792 1791/1815/1791
f 1720/1743/1720 1721/1744/1721 1792/1816/1792
f 1721/1744/1721 1793/1817/1793 1792/1816/1792
f 1721/1744/1721 1722/1745/1722 1793/1817/1793
f 1722/1745/1722 1794/1818/1794 1793/1817/1793
f 1722/1745/1722 1723/1746/1723 1794/1818/1794
f 1723/1746/1723 1795/1819/1795 1794/1818/1794
f 1723/1746/1723 1724/1747/1724 1795/1819/1795
f 1724/1747/1724 1796/1820/1796 1795/1819/1795
f 1724/1747/1724 1725/1748/1725 1796/1820/1796
f 1725/1748/1725 1797/1821/1797 1796/1820/1796
f 1725/1748/1725 1726/1749/1726 1797/1821/1797
f 1726/1749/1726 1798/1822/1798 1797/1821/1797
f 1726/1749/1726 1727/1750/1727 1798/1822/1798
f 1727/1750/1727 1799/1823/1799 1798/1822/1798
f 1727/1750/1727 1728/1751/1728 1799/1823/1799
f 1728/1751/1728 1800/1824/1800 1799/1823/1799
f 1728/1751/1728 1729/1752/1729 1800/1824/1800
f 1729/1752/1729 1801/1825/1801 1800/1824/1800
f 1729/1752/1729 1658/1753/1658 1801/1825/1801
f 1658/1753/1658 1730/1826/1730 1801/1825/1801
f 1730/1754/1730 1731/1755/1731 1802/1827/1802
f 1731/1755/1731 1803/1828/1803 1802/1827/1802
f 1731/1755/1731 1732/1756/1732 1803/1828/1803
f 1732/1756/1732 1804/1829/1804 1803/1828/1803
f 1732/1756/1732 1733/1757/1733 1804/1829/1804
f 1733/1757/1733 1805/1830/1805 1804/1829/1804
f 1733/1757/1733 1734/1758/1734 1805/1830/1805
f 1734/1758/1734 1806/1831/1806 1805/1830/1805
f 1734/1758/1734 1735/1759/1735 1806/1831/1806
f 1735/1759/1735 1807/1832/1807 1806/1831/1806
f 1735/1759/1735 1736/1760/1736 1807/1832/1807
f 1736/1760/1736 1808/1833/1808 1807/1832/1807
f 1736/1760/1736 1737/1761/1737 1808/1833/1808
f 1737/1761/1737 1809/1834/1809 1808/1833/1808
f 1737/1761/1737 1738/1762/1738 1809/1834/1809
f 1738/1762/1738 1810/1835/1810 1809/1834/1809
f 1738/1762/1738 1739/1763/1739 1810/1835/1810
f 1739/1763/1739 1811/1836/1811 1810/1835/1810
f 1739/1763/1739 1740/1764/1740 1811/1836/1811
f 1740/1764/1740 1812/1837/1812 1811/1836/1811
f 1740/1764/1740 1741/1765/1741 1812/1837/1812
f 1741/1765/1741 1813/1838/1813 1812/1837/1812
f 1741/1765/1741 1742/1766/1742 1813/1838/1813
f 1742/1766/1742 1814/1839/1814 1813/1838/1813
f 1742/1766/1742 1743/1767/1743 1814/1839/1814
f 1743/1767/1743 1815/1840/1815 1814/1839/1814
f 1743/1767/1743 1744/1768/1744 1815/1840/1815
f 1744/1768/1744 1816/1841/1816 1815/1840/1815
f 1744/1768/1744 1745/1769/1745 1816/1841/1816
f 1745/1769/1745 1817/1842/1817 1816/1841/1816
f 1745/1769/1745 1746/1770/1746 1817/1842/1817
f 1746/1770/1746 1818/1843/1818 1817/1842/1817
f 1746/1770/1746 1747/1771/1747 1818/1843/1818
f 1747/1771/1747 1819/1844/1819 1818/1843/1818
f 1747/1771/1747 1748/1772/1748 1819/1844/1819
f 1748/1772/1748 1820/1845/1820 1819/1844/1819
f 1748/1772/1748 1749/1773/1749 1820/1845/1820
f 1749/1773/1749 1821/1846/1821 1820/1845/1820
f 1749/1773/1749 1750/1774/1750 1821/1846/1821
f 1750/1774/1750 1822/1847/1822 1821/1846/1821
f 1750/1774/1750 1751/1775/1751 1822/1847/1822
f 1751/1775/1751 1823/1848/1823 1822/1847/1822
f 1751/1775/1751 1752/1776/1752 1823/1848/1823
f 1752/1776/1752 1824/1849/1824 1823/1848/1823
f 1752/1776/1752 1753/1777/1753 1824/1849/1824
f 1753/1777/1753 1825/1850/1825 1824/1849/1824
f 1753/1777/1753 1754/1778/1754 1825/1850/1825
f 1754/1778/1754 1826/1851/1826 1825/1850/1825
f 1754/1778/1754 1755/1779/1755 1826/1851/1826
f 1755/1779/1755 1827/1852/1827 1826/1851/1826
f 1755/1779/1755 1756/1780/1756 1827/1852/1827
f 1756/1780/1756 1828/1853/1828 1827/1852/1827
f 1756/1780/1756 1757/1781/1757 1828/1853/1828
f 1757/1781/1757 1829/1854/1829 1828/1853/1828
f 1757/1781/1757 1758/1782/1758 1829/1854/1829
f 1758/1782/1758 1830/1855/1830 1829/1854/1829
f 1758/1782/1758 1759/1783/1759 1830/1855/1830
f 1759/1783/1759 1831/1856/1831 1830/1855/1830
f 1759/1783/1759 1760/1784/1760 1831/1856/1831
f 1760/1784/1760 1832/1857/1832 1831/1856/1831
f 1760/1784/1760 1761/1785/1761 1832/1857/1832
f 1761/1785/1761 1833/1858/1833 1832/1857/1832
f 1761/1785/1761 1762/1786/1762 1833/1858/1833
f 1762/1786/1762 1834/1859/1834 1833/1858/1833
f 1762/1786/1762 1763/1787/1763 1834/1859/1834
f 1763/1787/1763 1835/1860/1835 1834/1859/1834
f 1763/1787/1763 1764/1788/1764 1835/1860/1835
f 1764/1788/1764 1836/1861/1836 1835/1860/1835
f 1764/1788/1764 1765/1789/1765 1836/1861/1836
f 1765/1789/1765 1837/1862/1837 1836/1861/1836
f 1765/1789/1765 1766/1790/1766 1837/1862/1837
f 1766/1790/1766 1838/1863/1838 1837/1862/1837
f 1766/1790/1766 1767/1791/1767 1838/1863/1838
f 1767/1791/1767 1839/1864/1839 1838/1863/1838
f 1767/1791/1767 1768/1792/1768 1839/1864/1839
f 1768/1792/1768 1840/1865/1840 1839/1864/1839
f 1768/1792/1768 1769/1793/1769 1840/1865/1840
f 1769/1793/1769 1841/1866/1841 1840/1865/1840
f 1769/1793/1769 1770/1794/1770 1841/1866/1841
f 1770/1794/1770 1842/1867/1842 1841/1866/1841
f 1770/1794/1770 1771/1795/1771 1842/1867/1842
f 1771/1795/1771 1843/1868/1843 1842/1867/1842
f 1771/1795/1771 1772/1796/1772 1843/1868/1843
f 1772/1796/1772 1844/1869/1844 1843/1868/1843
f 1772/1796/1772 1773/1797/1773 1844/1869/1844
f 1773/1797/1773 1845/1870/1845 1844/1869/1844
f 1773/1797/1773 1774/1798/1774 1845/1870/1845
f 1774/1798/1774 1846/1871/1846 1845/1870/1845
f 1774/1798/1774 1775/1799/1775 1846/1871/1846
f 1775/1799/1775 1847/1872/1847 1846/1871/1846
f 1775/1799/1775 1776/1800/1776 1847/1872/1847
f 1776/1800/1776 1848/1873/1848 1847/1872/1847
f 1776/1800/1776 1777/1801/1777 1848/1873/1848
f 1777/1801/1777 1849/1874/1849 1848/1873/1848
f 1777/1801/1777 1778/1802/1778 1849/1874/1849
f 1778/1802/1778 1850/1875/1850 1849/1874/1849
f 1778/1802/1778 1779/1803/1779 1850/1875/1850
f 1779/1803/1779 1851/1876/1851 1850/1875/1850
f 1779/1803/1779 1780/1804/1780 1851/1876/1851
f 1780/1804/1780 1852/1877/1852 1851/1876/1851
f 1780/1804/1780 1781/1805/1781 1852/1877/1852
f 1781/1805/1781 1853/1878/1853 1852/1877/1852
f 1781/1805/1781 1782/1806/1782 1853/1878/1853
f 1782/1806/1782 1854/1879/1854 1853/1878/1853
f 1782/1806/1782 1783/1807/1783 1854/1879/1854
f 1783/1807/1783 1855/1880/1855 1854/1879/1854
f 1783/1807/1783 1784/1808/1784 1855/1880/1855
f 1784/1808/1784 1856/1881/1856 1855/1880/1855
f 1784/1808/1784 1785/1809/1785 1856/1881/1856
f 1785/1809/1785 1857/1882/1857 1856/1881/1856
f 1785/1809/1785 1786/1810/1786 1857/1882/1857
f 1786/1810/1786 1858/1883/1858 1857/1882/1857
f 1786/1810/1786 1787/1811/1787 1858/1883/1858
f 1787/1811/1787 1859/1884/1859 1858/1883/1858
f 1787/1811/1787 1788/1812/1788 1859/1884/1859
f 1788/1812/1788 1860/1885/1860 1859/1884/1859
f 1788/1812/1788 1789/1813/1789 1860/1885/1860
f 1789/1813/1789 1861/1886/1861 1860/1885/1860
f 1789/1813/1789 1790/1814/1790 1861/1886/1861
f 1790/1814/1790 1862/1887/1862 1861/1886/1861
f 1790/1814/1790 1791/1815/1791 1862/1887/1862
f 1791/1815/1791 1863/1888/1863 1862/1887/1862
f 1791/1815/1791 1792/1816/1792 1863/1888/1863
f 1792/1816/1792 1864/1889/1864 1863/1888/1863
f 1792/1816/1792 1793/1817/1793 1864/1889/1864
f 1793/1817/1793 1865/1890/1865 1864/1889/1864
f 1793/1817/1793 1794/1818/1794 1865/1890/1865
f 1794/1818/1794 1866/1891/1866 1865/1890/1865
f 1794/1818/1794 1795/1819/1795 1866/1891/1866
f 1795/1819/1795 1867/1892/1867 1866/1891/1866
f 1795/1819/1795 1796/1820/1796 1867/1892/1867
f 1796/1820/1796 1868/1893/1868 1867/1892/1867
f 1796/1820/1796 1797/1821/1797 1868/1893/1868
f 1797/1821/1797 1869/1894/1869 1868/1893/1868
f 1797/1821/1797 1798/1822/1798 1869/1894/1869
f 1798/1822/1798 1870/1895/1870 1869/1894/1869
f 1798/1822/1798 1799/1823/1799 1870/1895/1870
f 1799/1823/1799 1871/1896/1871 1870/1895/1870
f 1799/1823/1799 1800/1824/1800 1871/1896/1871
f 1800/1824/1800 1872/1897/1872 1871/1896/1871
f 1800/1824/1800 1801/1825/1801 1872/1897/1872
f 1801/1825/1801 1873/1898/1873 1872/1897/1872
f 1801/1825/1801 1730/1826/1730 1873/1898/1873
f 1730/1826/1730 1802/1899/1802 1873/1898/1873
f 1802/1827/1802 1803/1828/1803 1874/1900/1874
f 1803/1828/1803 1875/1901/1875 1874/1900/1874
f 1803/1828/1803 1804/1829/1804 1875/1901/1875
f 1804/1829/1804 1876/1902/1876 1875/1901/1875
f 1804/1829/1804 1805/1830/1805 1876/1902/1876
f 1805/1830/1805 1877/1903/1877 1876/1902/1876
f 1805/1830/1805 1806/1831/1806 1877/1903/1877
f 1806/1831/1806 1878/1904/1878 1877/1903/1877
f 1806/1831/1806 1807/1832/1807 1878/1904/1878
f 1807/1832/1807 1879/1905/1879 1878/1904/1878
f 1807/1832/1807 1808/1833/1808 1879/1905/1879
f 1808/1833/1808 1880/1906/1880 1879/1905/1879
f 1808/1833/1808 1809/1834/1809 1880/1906/1880
f 1809/1834/1809 1881/1907/1881 1880/1906/1880
f 1809/1834/1809 1810/1835/1810 1881/1907/1881
f 1810/1835/1810 1882/1908/1882 1881/1907/1881
f 1810/1835/1810 1811/1836/1811 1882/1908/1882
f 1811/1836/1811 1883/1909/1883 1882/1908/1882
f 1811/1836/1811 1812/1837/1812 1883/1909/1883
f 1812/1837/1812 1884/1910/1884 1883/1909/1883
f 1812/1837/1812 1813/1838/1813 1884/1910/1884
f 1813/1838/1813 1885/1911/1885 1884/1910/1884
f 1813/1838/1813 1814/1839/1814 1885/1911/1885
f 1814/1839/1814 1886/1912/1886 1885/1911/1885
f 1814/1839/1814 1815/1840/1815 1886/1912/1886
f 1815/1840/1815 1887/1913/1887 1886/1912/1886
f 1815/1840/1815 1816/1841/1816 1887/1913/1887
f 1816/1841/1816 1888/1914/1888 1887/1913/1887
f 1816/1841/1816 1817/1842/1817 1888/1914/1888
f 1817/1842/1817 1889/1915/1889 1888/1914/1888
f 1817/1842/1817 1818/1843/1818 1889/1915/1889
f 1818/1843/1818 1890/1916/1890 1889/1915/1889
f 1818/1843/1818 1819/1844/1819 1890/1916/1890
f 1819/1844/1819 1891/1917/1891 1890/1916/1890
f 1819/1844/1819 1820/1845/1820 1891/1917/1891
f 1820/1845/1820 1892/1918/1892 1891/1917/1891
f 1820/1845/1820 1821/1846/1821 1892/1918/1892
f 1821/1846/1821 1893/1919/1893 1892/1918/1892
f 1821/1846/1821 1822/1847/1822 1893/1919/1893
f 1822/1847/1822 1894/1920/1894 1893/1919/1893
f 1822/1847/1822 1823/1848/1823 1894/1920/1894
f 1823/1848/1823 1895/1921/1895 1894/1920/1894
f 1823/1848/1823 1824/1849/1824 1895/1921/1895
f 1824/1849/1824 1896/1922/1896 1895/1921/1895
f 1824/1849/1824 1825/1850/1825 1896/1922/1896
f 1825/1850/1825 1897/1923/1897 1896/1922/1896
f 1825/1850/1825 1826/1851/1826 1897/1923/1897
f 1826/1851/1826 1898/1924/1898 1897/1923/1897
f 1826/1851/1826 1827/1852/1827 1898/1924/1898
f 1827/1852/1827 1899/1925/1899 1898/1924/1898
f 1827/1852/1827 1828/1853/1828 1899/1925/1899
f 1828/1853/1828 1900/1926/1900 1899/1925/1899
f 1828/1853/1828 1829/1854/1829 1900/1926/1900
f 1829/1854/1829 1901/1927/1901 1900/1926/1900
f 1829/1854/1829 1830/1855/1830 1901/1927/1901
f 1830/1855/1830 1902/1928/1902 1901/1927/1901
f 1830/1855/1830 1831/1856/1831 1902/1928/1902
f 1831/1856/1831 1903/1929/1903 1902/1928/1902
f 1831/1856/1831 1832/1857/1832 1903/1929/1903
f 1832/1857/1832 1904/1930/1904 1903/1929/1903
f 1832/1857/1832 1833/1858/1833 1904/1930/1904
f 1833/1858/1833 1905/1931/1905 1904/1930/1904
f 1833/1858/1833 1834/1859/1834 1905/1931/1905
f 1834/1859/1834 1906/1932/1906 1905/1931/1905
f 1834/1859/1834 1835/1860/1835 1906/1932/1906
f 1835/1860/1835 1907/1933/1907 1906/1932/1906
f 1835/1860/1835 1836/1861/1836 1907/1933/1907
f 1836/1861/1836 1908/1934/1908 1907/1933/1907
f 1836/1861/1836 1837/1862/1837 1908/1934/1908
f 1837/1862/1837 1909/1935/1909 1908/1934/1908
f 1837/1862/1837 1838/1863/1838 1909/1935/1909
f 1838/1863/1838 1910/1936/1910 1909/1935/1909
f 1838/1863/1838 1839/1864/1839 1910/1936/1910
f 1839/1864/1839 1911/1937/1911 1910/1936/1910
f 1839/1864/1839 1840/1865/1840 1911/1937/1911
f 1840/1865/1840 1912/1938/1912 1911/1937/1911
f 1840/1865/1840 1841/1866/1841 1912/1938/1912
f 1841/1866/1841 1913/1939/1913 1912/1938/1912
f 1841/1866/1841 1842/1867/1842 1913/1939/1913
f 1842/1867/1842 1914/1940/1914 1913/1939/1913
f 1842/1867/1842 1843/1868/1843 1914/1940/1914
f 1843/1868/1843 1915/1941/1915 1914/1940/1914
f 1843/1868/1843 1844/1869/1844 1915/1941/1915
f 1844/1869/1844 1916/1942/1916 1915/1941/1915
f 1844/1869/1844 1845/1870/1845 1916/1942/1916
f 1845/1870/1845 1917/1943/1917 1916/1942/1916
f 1845/1870/1845 1846/1871/1846 1917/1943/1917
f 1846/1871/1846 1918/1944/1918 1917/1943/1917
f 1846/1871/1846 1847/1872/1847 1918/1944/1918
f 1847/1872/1847 1919/1945/1919 1918/1944/1918
f 1847/1872/1847 1848/1873/1848 1919/1945/1919
f 1848/1873/1848 1920/1946/1920 1919/1945/1919
f 1848/1873/1848 1849/1874/1849 1920/1946/1920
f 1849/1874/1849 1921/1947/1921 1920/1946/1920
f 1849/1874/1849 1850/1875/1850 1921/1947/1921
f 1850/1875/1850 1922/1948/1922 1921/1947/1921
f 1850/1875/1850 1851/1876/1851 1922/1948/1922
f 1851/1876/1851 1923/1949/1923 1922/1948/1922
f 1851/1876/1851 1852/1877/1852 1923/1949/1923
f 1852/1877/1852 1924/1950/1924 1923/1949/1923
f 1852/1877/1852 1853/1878/1853 1924/1950/1924
f 1853/1878/1853 1925/1951/1925 1924/1950/1924
f 1853/1878/1853 1854/1879/1854 1925/1951/1925
f 1854/1879/1854 1926/1952/1926 1925/1951/1925
f 1854/1879/1854 1855/1880/1855 1926/1952/1926
f 1855/1880/1855 1927/1953/1927 1926/1952/1926
f 1855/1880/1855 1856/1881/1856 1927/1953/1927
f 1856/1881/1856 1928/1954/1928 1927/1953/1927
f 1856/1881/1856 1857/1882/1857 1928/1954/1928
f 1857/1882/1857 1929/1955/1929 1928/1954/1928
f 1857/1882/1857 1858/1883/1858 1929/1955/1929
f 1858/1883/1858 1930/1956/1930 1929/1955/1929
f 1858/1883/1858 1859/1884/1859 1930/1956/1930
f 1859/1884/1859 1931/1957/1931 1930/1956/1930
f 1859/1884/1859 1860/1885/1860 1931/1957/1931
f 1860/1885/1860 1932/1958/1932 1931/1957/1931
f 1860/1885/1860 1861/1886/1861 1932/1958/1932
f 1861/1886/1861 1933/1959/1933 1932/1958/1932
f 1861/1886/1861 1862/1887/1862 1933/1959/1933
f 1862/1887/1862 1934/1960/1934 1933/1959/1933
f 1862/1887/1862 1863/1888/1863 1934/1960/1934
f 1863/1888/1863 1935/1961/1935 1934/1960/1934
f 1863/1888/1863 1864/1889/1864 1935/1961/1935
f 1864/1889/1864 1936/1962/1936 1935/1961/1935
f 1864/1889/1864 1865/1890/1865 1936/1962/1936
f 1865/1890/1865 1937/1963/1937 1936/1962/1936
f 1865/1890/1865 1866/1891/1866 1937/1963/1937
f 1866/1891/1866 1938/1964/1938 1937/1963/1937
f 1866/1891/1866 1867/1892/1867 1938/1964/1938
f 1867/1892/1867 1939/1965/1939 1938/1964/1938
f 1867/1892/1867 1868/1893/1868 1939/1965/1939
f 1868/1893/1868 1940/1966/1940 1939/1965/1939
f 1868/1893/1868 1869/1894/1869 1940/1966/1940
f 1869/1894/1869 1941/1967/1941 1940/1966/1940
f 1869/1894/1869 1870/1895/1870 1941/1967/1941
f 1870/1895/1870 1942/1968/1942 1941/1967/1941
f 1870/1895/1870 1871/1896/1871 1942/1968/1942
f 1871/1896/1871 1943/1969/1943 1942/1968/1942
f 1871/1896/1871 1872/1897/1872 1943/1969/1943
f 1872/1897/1872 1944/1970/1944 1943/1969/1943
f 1872/1897/1872 1873/1898/1873 1944/1970/1944
f 1873/1898/1873 1945/1971/1945 1944/1970/1944
f 1873/1898/1873 1802/1899/1802 1945/1971/1945
f 1802/1899/1802 1874/1972/1874 1945/1971/1945
f 1874/1900/1874 1875/1901/1875 1946/1973/1946
f 1875/1901/1875 1947/1974/1947 1946/1973/1946
f 1875/1901/1875 1876/1902/1876 1947/1974/1947
f 1876/1902/1876 1948/1975/1948 1947/1974/1947
f 1876/1902/1876 1877/1903/1877 1948/1975/1948
f 1877/1903/1877 1949/1976/1949 1948/1975/1948
f 1877/1903/1877 1878/1904/1878 1949/1976/1949
f 1878/1904/1878 1950/1977/1950 1949/1976/1949
f 1878/1904/1878 1879/1905/1879 1950/1977/1950
f 1879/1905/1879 1951/1978/1951 1950/1977/1950
f 1879/1905/1879 1880/1906/1880 1951/1978/1951
f 1880/1906/1880 1952/1979/1952 1951/1978/1951
f 1880/1906/1880 1881/1907/1881 1952/1979/1952
f 1881/1907/1881 1953/1980/1953 1952/1979/1952
f 1881/1907/1881 1882/1908/1882 1953/1980/1953
f 1882/1908/1882 1954/1981/1954 1953/1980/1953
f 1882/1908/1882 1883/1909/1883 1954/1981/1954
f 1883/1909/1883 1955/1982/1955 1954/1981/1954
f 1883/1909/1883 1884/1910/1884 1955/1982/1955
f 1884/1910/1884 1956/1983/1956 1955/1982/1955
f 1884/1910/1884 1885/1911/1885 1956/1983/1956
f 1885/1911/1885 1957/1984/1957 1956/1983/1956
f 1885/1911/1885 1886/1912/1886 1957/1984/1957
f 1886/1912/1886 1958/1985/1958 1957/1984/1957
f 1886/1912/1886 1887/1913/1887 1958/1985/1958
f 1887/1913/1887 1959/1986/1959 1958/1985/1958
f 1887/1913/1887 1888/1914/1888 1959/1986/1959
f 1888/1914/1888 1960/1987/1960 1959/1986/1959
f 1888/1914/1888 1889/1915/1889 1960/1987/1960
f 1889/1915/1889 1961/1988/1961 1960/1987/1960
f 1889/1915/1889 1890/1916/1890 1961/1988/1961
f 1890/1916/1890 1962/1989/1962 1961/1988/1961
f 1890/1916/1890 1891/1917/1891 1962/1989/1962
f 1891/1917/1891 1963/1990/1963 1962/1989/1962
f 1891/1917/1891 1892/1918/1892 1963/1990/1963
f 1892/1918/1892 1964/1991/1964 1963/1990/1963
f 1892/1918/1892 1893/1919/1893 1964/1991/1964
f 1893/1919/1893 1965/1992/1965 1964/1991/1964
f 1893/1919/1893 1894/1920/1894 1965/1992/1965
f 1894/1920/1894 1966/1993/1966 1965/1992/1965
f 1894/1920/1894 1895/1921/1895 1966/1993/1966
f 1895/1921/1895 1967/1994/1967 1966/1993/1966
f 1895/1921/1895 1896/1922/1896 1967/1994/1967
f 1896/1922/1896 1968/1995/1968 1967/1994/1967
f 1896/1922/1896 1897/1923/1897 1968/1995/1968
f 1897/1923/1897 1969/1996/1969 1968/1995/1968
f 1897/1923/1897 1898/1924/1898 1969/1996/1969
f 1898/1924/1898 1970/1997/1970 1969/1996/1969
f 1898/1924/1898 1899/1925/1899 1970/1997/1970
f 1899/1925/1899 1971/1998/1971 1970/1997/1970
f 1899/1925/1899 1900/1926/1900 1971/1998/1971
f 1900/1926/1900 1972/1999/1972 1971/1998/1971
f 1900/1926/1900 1901/1927/1901 1972/1999/1972
f 1901/1927/1901 1973/2000/1973 1972/1999/1972
f 1901/1927/1901 1902/1928/1902 1973/2000/1973
f 1902/1928/1902 1974/2001/1974 1973/2000/1973
f 1902/1928/1902 1903/1929/1903 1974/2001/1974
f 1903/1929/1903 1975/2002/1975 1974/2001/1974
f 1903/1929/1903 1904/1930/1904 1975/2002/1975
f 1904/1930/1904 1976/2003/1976 1975/2002/1975
f 1904/1930/1904 1905/1931/1905 1976/2003/1976
f 1905/1931/1905 1977/2004/1977 1976/2003/1976
f 1905/1931/1905 1906/1932/1906 1977/2004/1977
f 1906/1932/1906 1978/2005/1978 1977/2004/1977
f 1906/1932/1906 1907/1933/1907 1978/2005/1978
f 1907/1933/1907 1979/2006/1979 1978/2005/1978
f 1907/1933/1907 1908/1934/1908 1979/2006/1979
f 1908/1934/1908 1980/2007/1980 1979/2006/1979
f 1908/1934/1908 1909/1935/1909 1980/2007/1980
f 1909/1935/1909 1981/2008/1981 1980/2007/1980
f 1909/1935/1909 1910/1936/1910 1981/2008/1981
f 1910/1936/1910 1982/2009/1982 1981/2008/1981
f 1910/1936/1910 1911/1937/1911 1982/2009/1982
f 1911/1937/1911 1983/2010/1983 1982/2009/1982
f 1911/1937/1911 1912/1938/1912 1983/2010/1983
f 1912/1938/1912 1984/2011/1984 1983/2010/1983
f 1912/1938/1912 1913/1939/1913 1984/2011/1984
f 1913/1939/1913 1985/2012/1985 1984/2011/1984
f 1913/1939/1913 1914/1940/1914 1985/2012/1985
f 1914/1940/1914 1986/2013/1986 1985/2012/1985
f 1914/1940/1914 1915/1941/1915 1986/2013/1986
f 1915/1941/1915 1987/2014/1987 1986/2013/1986
f 1915/1941/1915 1916/1942/1916 1987/2014/1987
f 1916/1942/1916 1988/2015/1988 1987/2014/1987
f 1916/1942/1916 1917/1943/1917 1988/2015/1988
f 1917/1943/1917 1989/2016/1989 1988/2015/1988
f 1917/1943/1917 1918/1944/1918 1989/2016/1989
f 1918/1944/1918 1990/2017/1990 1989/2016/1989
f 1918/1944/1918 1919/1945/1919 1990/2017/1990
f 1919/1945/1919 1991/2018/1991 1990/2017/1990
f 1919/1945/1919 1920/1946/1920 1991/2018/1991
f 1920/1946/1920 1992/2019/1992 1991/2018/1991
f 1920/1946/1920 1921/1947/1921 1992/2019/1992
f 1921/1947/1921 1993/2020/1993 1992/2019/1992
f 1921/1947/1921 1922/1948/1922 1993/2020/1993
f 1922/1948/1922 1994/2021/1994 1993/2020/1993
f 1922/1948/1922 1923/1949/1923 1994/2021/1994
f 1923/1949/1923 1995/2022/1995 1994/2021/1994
f 1923/1949/1923 1924/1950/1924 1995/2022/1995
f 1924/1950/1924 1996/2023/1996 1995/2022/1995
f 1924/1950/1924 1925/1951/1925 1996/2023/1996
f 1925/1951/1925 1997/2024/1997 1996/2023/1996
f 1925/1951/1925 1926/1952/1926 1997/2024/1997
f 1926/1952/1926 1998/2025/1998 1997/2024/1997
f 1926/1952/1926 1927/1953/1927 1998/2025/1998
f 1927/1953/1927 1999/2026/1999 1998/2025/1998
f 1927/1953/1927 1928/1954/1928 1999/2026/1999
f 1928/1954/1928 2000/2027/2000 1999/2026/1999
f 1928/1954/1928 1929/1955/1929 2000/2027/2000
f 1929/1955/1929 2001/2028/2001 2000/2027/2000
f 1929/1955/1929 1930/1956/1930 2001/2028/2001
f 1930/1956/1930 2002/2029/2002 2001/2028/2001
f 1930/1956/1930 1931/1957/1931 2002/2029/2002
f 1931/1957/1931 2003/2030/2003 2002/2029/2002
f 1931/1957/1931 1932/1958/1932 2003/2030/2003
f 1932/1958/1932 2004/2031/2004 2003/2030/2003
f 1932/1958/1932 1933/1959/1933 2004/2031/2004
f 1933/1959/1933 2005/2032/2005 2004/2031/2004
f 1933/1959/1933 1934/1960/1934 2005/2032/2005
f 1934/1960/1934 2006/2033/2006 2005/2032/2005
f 1934/1960/1934 1935/1961/1935 2006/2033/2006
f 1935/1961/1935 2007/2034/2007 2006/2033/2006
f 1935/1961/1935 1936/1962/1936 2007/2034/2007
f 1936/1962/1936 2008/2035/2008 2007/2034/2007
f 1936/1962/1936 1937/1963/1937 2008/2035/2008
f 1937/1963/1937 2009/2036/2009 2008/2035/2008
f 1937/1963/1937 1938/1964/1938 2009/2036/2009
f 1938/1964/1938 2010/2037/2010 2009/2036/2009
f 1938/1964/1938 1939/1965/1939 2010/2037/2010
f 1939/1965/1939 2011/2038/2011 2010/2037/2010
f 1939/1965/1939 1940/1966/1940 2011/2038/2011
f 1940/1966/1940 2012/2039/2012 2011/2038/2011
f 1940/1966/1940 1941/1967/1941 2012/2039/2012
f 1941/1967/1941 2013/2040/2013 2012/2039/2012
f 1941/1967/1941 1942/1968/1942 2013/2040/2013
f 1942/1968/1942 2014/2041/2014 2013/2040/2013
f 1942/1968/1942 1943/1969/1943 2014/2041/2014
f 1943/1969/1943 2015/2042/2015 2014/2041/2014
f 1943/1969/1943 1944/1970/1944 2015/2042/2015
f 1944/1970/1944 2016/2043/2016 2015/2042/2015
f 1944/1970/1944 1945/1971/1945 2016/2043/2016
f 1945/1971/1945 2017/2044/2017 2016/2043/2016
f 1945/1971/1945 1874/1972/1874 2017/2044/2017
f 1874/1972/1874 1946/2045/1946 2017/2044/2017
f 1946/1973/1946 1947/1974/1947 2018/2046/2018
f 1947/1974/1947 2019/2047/2019 2018/2046/2018
f 1947/1974/1947 1948/1975/1948 2019/2047/2019
f 1948/1975/1948 2020/2048/2020 2019/2047/2019
f 1948/1975/1948 1949/1976/1949 2020/2048/2020
f 1949/1976/1949 2021/2049/2021 2020/2048/2020
f 1949/1976/1949 1950/1977/1950 2021/2049/2021
f 1950/1977/1950 2022/2050/2022 2021/2049/2021
f 1950/1977/1950 1951/1978/1951 2022/2050/2022
f 1951/1978/1951 2023/2051/2023 2022/2050/2022
f 1951/1978/1951 1952/1979/1952 2023/2051/2023
f 1952/1979/1952 2024/2052/2024 2023/2051/2023
f 1952/1979/1952 1953/1980/1953 2024/2052/2024
f 1953/1980/1953 2025/2053/2025 2024/2052/2024
f 1953/1980/1953 1954/1981/1954 2025/2053/2025
f 1954/1981/1954 2026/2054/2026 2025/2053/2025
f 1954/1981/1954 1955/1982/1955 2026/2054/2026
f 1955/1982/1955 2027/2055/2027 2026/2054/2026
f 1955/1982/1955 1956/1983/1956 2027/2055/2027
f 1956/1983/1956 2028/2056/2028 2027/2055/2027
f 1956/1983/1956 1957/1984/1957 2028/2056/2028
f 1957/1984/1957 2029/2057/2029 2028/2056/2028
f 1957/1984/1957 1958/1985/1958 2029/2057/2029
f 1958/1985/1958 2030/2058/2030 2029/2057/2029
f 1958/1985/1958 1959/1986/1959 2030/2058/2030
f 1959/1986/1959 2031/2059/2031 2030/2058/2030
f 1959/1986/1959 1960/1987/1960 2031/2059/2031
f 1960/1987/1960 2032/2060/2032 2031/2059/2031
f 1960/1987/1960 1961/1988/1961 2032/2060/2032
f 1961/1988/1961 2033/2061/2033 2032/2060/2032
f 1961/1988/1961 1962/1989/1962 2033/2061/2033
f 1962/1989/1962 2034/2062/2034 2033/2061/2033
f 1962/1989/1962 1963/1990/1963 2034/2062/2034
f 1963/1990/1963 2035/2063/2035 2034/2062/2034
f 1963/1990/1963 1964/1991/1964 2035/2063/2035
f 1964/1991/1964 2036/2064/2036 2035/2063/2035
f 1964/1991/1964 1965/1992/1965 2036/2064/2036
f 1965/1992/1965 2037/2065/2037 2036/2064/2036
f 1965/1992/1965 1966/1993/1966 2037/2065/2037
f 1966/1993/1966 2038/2066/2038 2037/2065/2037
f 1966/1993/1966 1967/1994/1967 2038/2066/2038
f 1967/1994/1967 2039/2067/2039 2038/2066/2038
f 1967/1994/1967 1968/1995/1968 2039/2067/2039
f 1968/1995/1968 2040/2068/2040 2039/2067/2039
f 1968/1995/1968 1969/1996/1969 2040/2068/2040
f 1969/1996/1969 2041/2069/2041 2040/2068/2040
f 1969/1996/1969 1970/1997/1970 2041/2069/2041
f 1970/1997/1970 2042/2070/2042 2041/2069/2041
f 1970/1997/1970 1971/1998/1971 2042/2070/2042
f 1971/1998/1971 2043/2071/2043 2042/2070/2042
f 1971/1998/1971 1972/1999/1972 2043/2071/2043
f 1972/1999/1972 2044/2072/2044 2043/2071/2043
f 1972/1999/1972 1973/2000/1973 2044/2072/2044
f 1973/2000/1973 2045/2073/2045 2044/2072/2044
f 1973/2000/1973 1974/2001/1974 2045/2073/2045
f 1974/2001/1974 2046/2074/2046 2045/2073/2045
f 1974/2001/1974 1975/2002/1975 2046/2074/2046
f 1975/2002/1975 2047/2075/2047 2046/2074/2046
f 1975/2002/1975 1976/2003/1976 2047/2075/2047
f 1976/2003/1976 2048/2076/2048 2047/2075/2047
f 1976/2003/1976 1977/2004/1977 2048/2076/2048
f 1977/2004/1977 2049/2077/2049 2048/2076/2048
f 1977/2004/1977 1978/2005/1978 2049/2077/2049
f 1978/2005/1978 2050/2078/2050 2049/2077/2049
f 1978/2005/1978 1979/2006/1979 2050/2078/2050
f 1979/2006/1979 2051/2079/2051 2050/2078/2050
f 1979/2006/1979 1980/2007/1980 2051/2079/2051
f 1980/2007/1980 2052/2080/2052 2051/2079/2051
f 1980/2007/1980 1981/2008/1981 2052/2080/2052
f 1981/2008/1981 2053/2081/2053 2052/2080/2052
f 1981/2008/1981 1982/2009/1982 2053/2081/2053
f 1982/2009/1982 2054/2082/2054 2053/2081/2053
f 1982/2009/1982 1983/2010/1983 2054/2082/2054
f 1983/2010/1983 2055/2083/2055 2054/2082/2054
f 1983/2010/1983 1984/2011/1984 2055/2083/2055
f 1984/2011/1984 2056/2084/2056 2055/2083/2055
f 1984/2011/1984 1985/2012/1985 2056/2084/2056
f 1985/2012/1985 2057/2085/2057 2056/2084/2056
f 1985/2012/1985 1986/2013/1986 2057/2085/2057
f 1986/2013/1986 2058/2086/2058 2057/2085/2057
f 1986/2013/1986 1987/2014/1987 2058/2086/2058
f 1987/2014/1987 2059/2087/2059 2058/2086/2058
f 1987/2014/1987 1988/2015/1988 2059/2087/2059
f 1988/2015/1988 2060/2088/2060 2059/2087/2059
f 1988/2015/1988 1989/2016/1989 2060/2088/2060
f 1989/2016/1989 2061/2089/2061 2060/2088/2060
f 1989/2016/1989 1990/2017/1990 2061/2089/2061
f 1990/2017/1990 2062/2090/2062 2061/2089/2061
f 1990/2017/1990 1991/2018/1991 2062/2090/2062
f 1991/2018/1991 2063/2091/2063 2062/2090/2062
f 1991/2018/1991 1992/2019/1992 2063/2091/2063
f 1992/2019/1992 2064/2092/2064 2063/2091/2063
f 1992/2019/1992 1993/2020/1993 2064/2092/2064
f 1993/2020/1993 2065/2093/2065 2064/2092/2064
f 1993/2020/1993 1994/2021/1994 2065/2093/2065
f 1994/2021/1994 2066/2094/2066 2065/2093/2065
f 1994/2021/1994 1995/2022/1995 2066/2094/2066
f 1995/2022/1995 2067/2095/2067 2066/2094/2066
f 1995/2022/1995 1996/2023/1996 2067/2095/2067
f 1996/2023/1996 2068/2096/2068 2067/2095/2067
f 1996/2023/1996 1997/2024/1997 2068/2096/2068
f 1997/2024/1997 2069/2097/2069 2068/2096/2068
f 1997/2024/1997 1998/2025/1998 2069/2097/2069
f 1998/2025/1998 2070/2098/2070 2069/2097/2069
f 1998/2025/1998 1999/2026/1999 2070/2098/2070
f 1999/2026/1999 2071/2099/2071 2070/2098/2070
f 1999/2026/1999 2000/2027/2000 2071/2099/2071
f 2000/2027/2000 2072/2100/2072 2071/2099/2071
f 2000/2027/2000 2001/2028/2001 2072/2100/2072
f 2001/2028/2001 2073/2101/2073 2072/2100/2072
f 2001/2028/2001 2002/2029/2002 2073/2101/2073
f 2002/2029/2002 2074/2102/2074 2073/2101/2073
f 2002/2029/2002 2003/2030/2003 2074/2102/2074
f 2003/2030/2003 2075/2103/2075 2074/2102/2074
f 2003/2030/2003 2004/2031/2004 2075/2103/2075
f 2004/2031/2004 2076/2104/2076 2075/2103/2075
f 2004/2031/2004 2005/2032/2005 2076/2104/2076
f 2005/2032/2005 2077/2105/2077 2076/2104/2076
f 2005/2032/2005 2006/2033/2006 2077/2105/2077
f 2006/2033/2006 2078/2106/2078 2077/2105/2077
f 2006/2033/2006 2007/2034/2007 2078/2106/2078
f 2007/2034/2007 2079/2107/2079 2078/2106/2078
f 2007/2034/2007 2008/2035/2008 2079/2107/2079
f 2008/2035/2008 2080/2108/2080 2079/2107/2079
f 2008/2035/2008 2009/2036/2009 2080/2108/2080
f 2009/2036/2009 2081/2109/2081 2080/2108/2080
f 2009/2036/2009 2010/2037/2010 2081/2109/2081
f 2010/2037/2010 2082/2110/2082 2081/2109/2081
f 2010/2037/2010 2011/2038/2011 2082/2110/2082
f 2011/2038/2011 2083/2111/2083 2082/2110/2082
f 2011/2038/2011 2012/2039/2012 2083/2111/2083
f 2012/2039/2012 2084/2112/2084 2083/2111/2083
f 2012/2039/2012 2013/2040/2013 2084/2112/2084
f 2013/2040/2013 2085/2113/2085 2084/2112/2084
f 2013/2040/2013 2014/2041/2014 2085/2113/2085
f 2014/2041/2014 2086/2114/2086 2085/2113/2085
f 2014/2041/2014 2015/2042/2015 2086/2114/2086
f 2015/2042/2015 2087/2115/2087 2086/2114/2086
f 2015/2042/2015 2016/2043/2016 2087/2115/2087
f 2016/2043/2016 2088/2116/2088 2087/2115/2087
f 2016/2043/2016 2017/2044/2017 2088/2116/2088
f 2017/2044/2017 2089/2117/2089 2088/2116/2088
f 2017/2044/2017 1946/2045/1946 2089/2117/2089
f 1946/2045/1946 2018/2118/2018 2089/2117/2089
f 2018/2046/2018 2019/2047/2019 2090/2119/2090
f 2019/2047/2019 2091/2120/2091 2090/2119/2090
f 2019/2047/2019 2020/2048/2020 2091/2120/2091
f 2020/2048/2020 2092/2121/2092 2091/2120/2091
f 2020/2048/2020 2021/2049/2021 2092/2121/2092
f 2021/2049/2021 2093/2122/2093 2092/2121/2092
f 2021/2049/2021 2022/2050/2022 2093/2122/2093
f 2022/2050/2022 2094/2123/2094 2093/2122/2093
f 2022/2050/2022 2023/2051/2023 2094/2123/2094
f 2023/2051/2023 2095/2124/2095 2094/2123/2094
f 2023/2051/2023 2024/2052/2024 2095/2124/2095
f 2024/2052/2024 2096/2125/2096 2095/2124/2095
f 2024/2052/2024 2025/2053/2025 2096/2125/2096
f 2025/2053/2025 2097/2126/2097 2096/2125/2096
f 2025/2053/2025 2026/2054/2026 2097/2126/2097
f 2026/2054/2026 2098/2127/2098 2097/2126/2097
f 2026/2054/2026 2027/2055/2027 2098/2127/2098
f 2027/2055/2027 2099/2128/2099 2098/2127/2098
f 2027/2055/2027 2028/2056/2028 2099/2128/2099
f 2028/2056/2028 2100/2129/2100 2099/2128/2099
f 2028/2056/2028 2029/2057/2029 2100/2129/2100
f 2029/2057/2029 2101/2130/2101 2100/2129/2100
f 2029/2057/2029 2030/2058/2030 2101/2130/2101
f 2030/2058/2030 2102/2131/2102 2101/2130/2101
f 2030/2058/2030 2031/2059/2031 2102/2131/2102
f 2031/2059/2031 2103/2132/2103 2102/2131/2102
f 2031/2059/2031 2032/2060/2032 2103/2132/2103
f 2032/2060/2032 2104/2133/2104 2103/2132/2103
f 2032/2060/2032 2033/2061/2033 2104/2133/2104
f 2033/2061/2033 2105/2134/2105 2104/2133/2104
f 2033/2061/2033 2034/2062/2034 2105/2134/2105
f 2034/2062/2034 2106/2135/2106 2105/2134/2105
f 2034/2062/2034 2035/2063/2035 2106/2135/2106
f 2035/2063/2035 2107/2136/2107 2106/2135/2106
f 2035/2063/2035 2036/2064/2036 2107/2136/2107
f 2036/2064/2036 2108/2137/2108 2107/2136/2107
f 2036/2064/2036 2037/2065/2037 2108/2137/2108
f 2037/2065/2037 2109/2138/2109 2108/2137/2108
f 2037/2065/2037 2038/2066/2038 2109/2138/2109
f 2038/2066/2038 2110/2139/2110 2109/2138/2109
f 2038/2066/2038 2039/2067/2039 2110/2139/2110
f 2039/2067/2039 2111/2140/2111 2110/2139/2110
f 2039/2067/2039 2040/2068/2040 2111/2140/2111
f 2040/2068/2040 2112/2141/2112 2111/2140/2111
f 2040/2068/2040 2041/2069/2041 2112/2141/2112
f 2041/2069/2041 2113/2142/2113 2112/2141/2112
f 2041/2069/2041 2042/2070/2042 2113/2142/2113
f 2042/2070/2042 2114/2143/2114 2113/2142/2113
f 2042/2070/2042 2043/2071/2043 2114/2143/2114
f 2043/2071/2043 2115/2144/2115 2114/2143/2114
f 2043/2071/2043 2044/2072/2044 2115/2144/2115
f 2044/2072/2044 2116/2145/2116 2115/2144/2115
f 2044/2072/2044 2045/2073/2045 2116/2145/2116
f 2045/2073/2045 2117/2146/2117 2116/2145/2116
f 2045/2073/2045 2046/2074/2046 2117/2146/2117
f 2046/2074/2046 2118/2147/2118 2117/2146/2117
f 2046/2074/2046 2047/2075/2047 2118/2147/2118
f 2047/2075/2047 2119/2148/2119 2118/2147/2118
f 2047/2075/2047 2048/2076/2048 2119/2148/2119
f 2048/2076/2048 2120/2149/2120 2119/2148/2119
f 2048/2076/2048 2049/2077/2049 2120/2149/2120
f 2049/2077/2049 2121/2150/2121 2120/2149/2120
f 2049/2077/2049 2050/2078/2050 2121/2150/2121
f 2050/2078/2050 2122/2151/2122 2121/2150/2121
f 2050/2078/2050 2051/2079/2051 2122/2151/2122
f 2051/2079/2051 2123/2152/2123 2122/2151/2122
f 2051/2079/2051 2052/2080/2052 2123/2152/2123
f 2052/2080/2052 2124/2153/2124 2123/2152/2123
f 2052/2080/2052 2053/2081/2053 2124/2153/2124
f 2053/2081/2053 2125/2154/2125 2124/2153/2124
f 2053/2081/2053 2054/2082/2054 2125/2154/2125
f 2054/2082/2054 2126/2155/2126 2125/2154/2125
f 2054/2082/2054 2055/2083/2055 2126/2155/2126
f 2055/2083/2055 2127/2156/2127 2126/2155/2126
f 2055/2083/2055 2056/2084/2056 2127/2156/2127
f 2056/2084/2056 2128/2157/2128 2127/2156/2127
f 2056/2084/2056 2057/2085/2057 2128/2157/2128
f 2057/2085/2057 2129/2158/2129 2128/2157/2128
f 2057/2085/2057 2058/2086/2058 2129/2158/2129
f 2058/2086/2058 2130/2159/2130 2129/2158/2129
f 2058/2086/2058 2059/2087/2059 2130/2159/2130
f 2059/2087/2059 2131/2160/2131 2130/2159/2130
f 2059/2087/2059 2060/2088/2060 2131/2160/2131
f 2060/2088/2060 2132/2161/2132 2131/2160/2131
f 2060/2088/2060 2061/2089/2061 2132/2161/2132
f 2061/2089/2061 2133/2162/2133 2132/2161/2132
f 2061/2089/2061 2062/2090/2062 2133/2162/2133
f 2062/2090/2062 2134/2163/2134 2133/2162/2133
f 2062/2090/2062 2063/2091/2063 2134/2163/2134
f 2063/2091/2063 2135/2164/2135 2134/2163/2134
f 2063/2091/2063 2064/2092/2064 2135/2164/2135
f 2064/2092/2064 2136/2165/2136 2135/2164/2135
f 2064/2092/2064 2065/2093/2065 2136/2165/2136
f 2065/2093/2065 2137/2166/2137 2136/2165/2136
f 2065/2093/2065 2066/2094/2066 2137/2166/2137
f 2066/2094/2066 2138/2167/2138 2137/2166/2137
f 2066/2094/2066 2067/2095/2067 2138/2167/2138
f 2067/2095/2067 2139/2168/2139 2138/2167/2138
f 2067/2095/2067 2068/2096/2068 2139/2168/2139
f 2068/2096/2068 2140/2169/2140 2139/2168/2139
f 2068/2096/2068 2069/2097/2069 2140/2169/2140
f 2069/2097/2069 2141/2170/2141 2140/2169/2140
f 2069/2097/2069 2070/2098/2070 2141/2170/2141
f 2070/2098/2070 2142/2171/2142 2141/2170/2141
f 2070/2098/2070 2071/2099/2071 2142/2171/2142
f 2071/2099/2071 2143/2172/2143 2142/2171/2142
f 2071/2099/2071 2072/2100/2072 2143/2172/2143
f 2072/2100/2072 2144/2173/2144 2143/2172/2143
f 2072/2100/2072 2073/2101/2073 2144/2173/2144
f 2073/2101/2073 2145/2174/2145 2144/2173/2144
f 2073/2101/2073 2074/2102/2074 2145/2174/2145
f 2074/2102/2074 2146/2175/2146 2145/2174/2145
f 2074/2102/2074 2075/2103/2075 2146/2175/2146
f 2075/2103/2075 2147/2176/2147 2146/2175/2146
f 2075/2103/2075 2076/2104/2076 2147/2176/2147
f 2076/2104/2076 2148/2177/2148 2147/2176/2147
f 2076/2104/2076 2077/2105/2077 2148/2177/2148
f 2077/2105/2077 2149/2178/2149 2148/2177/2148
f 2077/2105/2077 2078/2106/2078 2149/2178/2149
f 2078/2106/2078 2150/2179/2150 2149/2178/2149
f 2078/2106/2078 2079/2107/2079 2150/2179/2150
f 2079/2107/2079 2151/2180/2151 2150/2179/2150
f 2079/2107/2079 2080/2108/2080 2151/2180/2151
f 2080/2108/2080 2152/2181/2152 2151/2180/2151
f 2080/2108/2080 2081/2109/2081 2152/2181/2152
f 2081/2109/2081 2153/2182/2153 2152/2181/2152
f 2081/2109/2081 2082/2110/2082 2153/2182/2153
f 2082/2110/2082 2154/2183/2154 2153/2182/2153
f 2082/2110/2082 2083/2111/2083 2154/2183/2154
f 2083/2111/2083 2155/2184/2155 2154/2183/2154
f 2083/2111/2083 2084/2112/2084 2155/2184/2155
f 2084/2112/2084 2156/2185/2156 2155/2184/2155
f 2084/2112/2084 2085/2113/2085 2156/2185/2156
f 2085/2113/2085 2157/2186/2157 2156/2185/2156
f 2085/2113/2085 2086/2114/2086 2157/2186/2157
f 2086/2114/2086 2158/2187/2158 2157/2186/2157
f 2086/2114/2086 2087/2115/2087 2158/2187/2158
f 2087/2115/2087 2159/2188/2159 2158/2187/2158
f 2087/2115/2087 2088/2116/2088 2159/2188/2159
f 2088/2116/2088 2160/2189/2160 2159/2188/2159
f 2088/2116/2088 2089/2117/2089 2160/2189/2160
f 2089/2117/2089 2161/2190/2161 2160/2189/2160
f 2089/2117/2089 2018/2118/2018 2161/2190/2161
f 2018/2118/2018 2090/2191/2090 2161/2190/2161
f 2090/2119/2090 2091/2120/2091 2162/2192/2162
f 2091/2120/2091 2163/2193/2163 2162/2192/2162
f 2091/2120/2091 2092/2121/2092 2163/2193/2163
f 2092/2121/2092 2164/2194/2164 2163/2193/2163
f 2092/2121/2092 2093/2122/2093 2164/2194/2164
f 2093/2122/2093 2165/2195/2165 2164/2194/2164
f 2093/2122/2093 2094/2123/2094 2165/2195/2165
f 2094/2123/2094 2166/2196/2166 2165/2195/2165
f 2094/2123/2094 2095/2124/2095 2166/2196/2166
f 2095/2124/2095 2167/2197/2167 2166/2196/2166
f 2095/2124/2095 2096/2125/2096 2167/2197/2167
f 2096/2125/2096 2168/2198/2168 2167/2197/2167
f 2096/2125/2096 2097/2126/2097 2168/2198/2168
f 2097/2126/2097 2169/2199/2169 2168/2198/2168
f 2097/2126/2097 2098/2127/2098 2169/2199/2169
f 2098/2127/2098 2170/2200/2170 2169/2199/2169
f 2098/2127/2098 2099/2128/2099 2170/2200/2170
f 2099/2128/2099 2171/2201/2171 2170/2200/2170
f 2099/2128/2099 2100/2129/2100 2171/2201/2171
f 2100/2129/2100 2172/2202/2172 2171/2201/2171
f 2100/2129/2100 2101/2130/2101 2172/2202/2172
f 2101/2130/2101 2173/2203/2173 2172/2202/2172
f 2101/2130/2101 2102/2131/2102 2173/2203/2173
f 2102/2131/2102 2174/2204/2174 2173/2203/2173
f 2102/2131/2102 2103/2132/2103 2174/2204/2174
f 2103/2132/2103 2175/2205/2175 2174/2204/2174
f 2103/2132/2103 2104/2133/2104 2175/2205/2175
f 2104/2133/2104 2176/2206/2176 2175/2205/2175
f 2104/2133/2104 2105/2134/2105 2176/2206/2176
f 2105/2134/2105 2177/2207/2177 2176/2206/2176
f 2105/2134/2105 2106/2135/2106 2177/2207/2177
f 2106/2135/2106 2178/2208/2178 2177/2207/2177
f 2106/2135/2106 2107/2136/2107 2178/2208/2178
f 2107/2136/2107 2179/2209/2179 2178/2208/2178
f 2107/2136/2107 2108/2137/2108 2179/2209/2179
f 2108/2137/2108 2180/2210/2180 2179/2209/2179
f 2108/2137/2108 2109/2138/2109 2180/2210/2180
f 2109/2138/2109 2181/2211/2181 2180/2210/2180
f 2109/2138/2109 2110/2139/2110 2181/2211/2181
f 2110/2139/2110 2182/2212/2182 2181/2211/2181
f 2110/2139/2110 2111/2140/2111 2182/2212/2182
f 2111/2140/2111 2183/2213/2183 2182/2212/2182
f 2111/2140/2111 2112/2141/2112 2183/2213/2183
f 2112/2141/2112 2184/2214/2184 2183/2213/2183
f 2112/2141/2112 2113/2142/2113 2184/2214/2184
f 2113/2142/2113 2185/2215/2185 2184/2214/2184
f 2113/2142/2113 2114/2143/2114 2185/2215/2185
f 2114/2143/2114 2186/2216/2186 2185/2215/2185
f 2114/2143/2114 2115/2144/2115 2186/2216/2186
f 2115/2144/2115 2187/2217/2187 2186/2216/2186
f 2115/2144/2115 2116/2145/2116 2187/2217/2187
f 2116/2145/2116 2188/2218/2188 2187/2217/2187
f 2116/2145/2116 2117/2146/2117 2188/2218/2188
f 2117/2146/2117 2189/2219/2189 2188/2218/2188
f 2117/2146/2117 2118/2147/2118 2189/2219/2189
f 2118/2147/2118 2190/2220/2190 2189/2219/2189
f 2118/2147/2118 2119/2148/2119 2190/2220/2190
f 2119/2148/2119 2191/2221/2191 2190/2220/2190
f 2119/2148/2119 2120/2149/2120 2191/2221/2191
f 2120/2149/2120 2192/2222/2192 2191/2221/2191
f 2120/2149/2120 2121/2150/2121 2192/2222/2192
f 2121/2150/2121 2193/2223/2193 2192/2222/2192
f 2121/2150/2121 2122/2151/2122 2193/2223/2193
f 2122/2151/2122 2194/2224/2194 2193/2223/2193
f 2122/2151/2122 2123/2152/2123 2194/2224/2194
f 2123/2152/2123 2195/2225/2195 2194/2224/2194
f 2123/2152/2123 2124/2153/2124 2195/2225/2195
f 2124/2153/2124 2196/2226/2196 2195/2225/2195
f 2124/2153/2124 2125/2154/2125 2196/2226/2196
f 2125/2154/2125 2197/2227/2197 2196/2226/2196
f 2125/2154/2125 2126/2155/2126 2197/2227/2197
f 2126/2155/2126 2198/2228/2198 2197/2227/2197
f 2126/2155/2126 2127/2156/2127 2198/2228/2198
f 2127/2156/2127 2199/2229/2199 2198/2228/2198
f 2127/2156/2127 2128/2157/2128 2199/2229/2199
f 2128/2157/2128 2200/2230/2200 2199/2229/2199
f 2128/2157/2128 2129/2158/2129 2200/2230/2200
f 2129/2158/2129 2201/2231/2201 2200/2230/2200
f 2129/2158/2129 2130/2159/2130 2201/2231/2201
f 2130/2159/2130 2202/2232/2202 2201/2231/2201
f 2130/2159/2130 2131/2160/2131 2202/2232/2202
f 2131/2160/2131 2203/2233/2203 2202/2232/2202
f 2131/2160/2131 2132/2161/2132 2203/2233/2203
f 2132/2161/2132 2204/2234/2204 2203/2233/2203
f 2132/2161/2132 2133/2162/2133 2204/2234/2204
f 2133/2162/2133 2205/2235/2205 2204/2234/2204
f 2133/2162/2133 2134/2163/2134 2205/2235/2205
f 2134/2163/2134 2206/2236/2206 2205/2235/2205
f 2134/2163/2134 2135/2164/2135 2206/2236/2206
f 2135/2164/2135 2207/2237/2207 2206/2236/2206
f 2135/2164/2135 2136/2165/2136 2207/2237/2207
f 2136/2165/2136 2208/2238/2208 2207/2237/2207
f 2136/2165/2136 2137/2166/2137 2208/2238/2208
f 2137/2166/2137 2209/2239/2209 2208/2238/2208
f 2137/2166/2137 2138/2167/2138 2209/2239/2209
f 2138/2167/2138 2210/2240/2210 2209/2239/2209
f 2138/2167/2138 2139/2168/2139 2210/2240/2210
f 2139/2168/2139 2211/2241/2211 2210/2240/2210
f 2139/2168/2139 2140/2169/2140 2211/2241/2211
f 2140/2169/2140 2212/2242/2212 2211/2241/2211
f 2140/2169/2140 2141/2170/2141 2212/2242/2212
f 2141/2170/2141 2213/2243/2213 2212/2242/2212
f 2141/2170/2141 2142/2171/2142 2213/2243/2213
f 2142/2171/2142 2214/2244/2214 2213/2243/2213
f 2142/2171/2142 2143/2172/2143 2214/2244/2214
f 2143/2172/2143 2215/2245/2215 2214/2244/2214
f 2143/2172/2143 2144/2173/2144 2215/2245/2215
f 2144/2173/2144 2216/2246/2216 2215/2245/2215
f 2144/2173/2144 2145/2174/2145 2216/2246/2216
f 2145/2174/2145 2217/2247/2217 2216/2246/2216
f 2145/2174/2145 2146/2175/2146 2217/2247/2217
f 2146/2175/2146 2218/2248/2218 2217/2247/2217
f 2146/2175/2146 2147/2176/2147 2218/2248/2218
f 2147/2176/2147 2219/2249/2219 2218/2248/2218
f 2147/2176/2147 2148/2177/2148 2219/2249/2219
f 2148/2177/2148 2220/2250/2220 2219/2249/2219
f 2148/2177/2148 2149/2178/2149 2220/2250/2220
f 2149/2178/2149 2221/2251/2221 2220/2250/2220
f 2149/2178/2149 2150/2179/2150 2221/2251/2221
f 2150/2179/2150 2222/2252/2222 2221/2251/2221
f 2150/2179/2150 2151/2180/2151 2222/2252/2222
f 2151/2180/2151 2223/2253/2223 2222/2252/2222
f 2151/2180/2151 2152/2181/2152 2223/2253/2223
f 2152/2181/2152 2224/2254/2224 2223/2253/2223
f 2152/2181/2152 2153/2182/2153 2224/2254/2224
f 2153/2182/2153 2225/2255/2225 2224/2254/2224
f 2153/2182/2153 2154/2183/2154 2225/2255/2225
f 2154/2183/2154 2226/2256/2226 2225/2255/2225
f 2154/2183/2154 2155/2184/2155 2226/2256/2226
f 2155/2184/2155 2227/2257/2227 2226/2256/2226
f 2155/2184/2155 2156/2185/2156 2227/2257/2227
f 2156/2185/2156 2228/2258/2228 2227/2257/2227
f 2156/2185/2156 2157/2186/2157 2228/2258/2228
f 2157/2186/2157 2229/2259/2229 2228/2258/2228
f 2157/2186/2157 2158/2187/2158 2229/2259/2229
f 2158/2187/2158 2230/2260/2230 2229/2259/2229
f 2158/2187/2158 2159/2188/2159 2230/2260/2230
f 2159/2188/2159 2231/2261/2231 2230/2260/2230
f 2159/2188/2159 2160/2189/2160 2231/2261/2231
f 2160/2189/2160 2232/2262/2232 2231/2261/2231
f 2160/2189/2160 2161/2190/2161 2232/2262/2232
f 2161/2190/2161 2233/2263/2233 2232/2262/2232
f 2161/2190/2161 2090/2191/2090 2233/2263/2233
f 2090/2191/2090 2162/2264/2162 2233/2263/2233
f 2162/2192/2162 2163/2193/2163 2234/2265/2234
f 2163/2193/2163 2235/2266/2235 2234/2265/2234
f 2163/2193/2163 2164/2194/2164 2235/2266/2235
f 2164/2194/2164 2236/2267/2236 2235/2266/2235
f 2164/2194/2164 2165/2195/2165 2236/2267/2236
f 2165/2195/2165 2237/2268/2237 2236/2267/2236
f 2165/2195/2165 2166/2196/2166 2237/2268/2237
f 2166/2196/2166 2238/2269/2238 2237/2268/2237
f 2166/2196/2166 2167/2197/2167 2238/2269/2238
f 2167/2197/2167 2239/2270/2239 2238/2269/2238
f 2167/2197/2167 2168/2198/2168 2239/2270/2239
f 2168/2198/2168 2240/2271/2240 2239/2270/2239
f 2168/2198/2168 2169/2199/2169 2240/2271/2240
f 2169/2199/2169 2241/2272/2241 2240/2271/2240
f 2169/2199/2169 2170/2200/2170 2241/2272/2241
f 2170/2200/2170 2242/2273/2242 2241/2272/2241
f 2170/2200/2170 2171/2201/2171 2242/2273/2242
f 2171/2201/2171 2243/2274/2243 2242/2273/2242
f 2171/2201/2171 2172/2202/2172 2243/2274/2243
f 2172/2202/2172 2244/2275/2244 2243/2274/2243
f 2172/2202/2172 2173/2203/2173 2244/2275/2244
f 2173/2203/2173 2245/2276/2245 2244/2275/2244
f 2173/2203/2173 2174/2204/2174 2245/2276/2245
f 2174/2204/2174 2246/2277/2246 2245/2276/2245
f 2174/2204/2174 2175/2205/2175 2246/2277/2246
f 2175/2205/2175 2247/2278/2247 2246/2277/2246
f 2175/2205/2175 2176/2206/2176 2247/2278/2247
f 2176/2206/2176 2248/2279/2248 2247/2278/2247
f 2176/2206/2176 2177/2207/2177 2248/2279/2248
f 2177/2207/2177 2249/2280/2249 2248/2279/2248
f 2177/2207/2177 2178/2208/2178 2249/2280/2249
f 2178/2208/2178 2250/2281/2250 2249/2280/2249
f 2178/2208/2178 2179/2209/2179 2250/2281/2250
f 2179/2209/2179 2251/2282/2251 2250/2281/2250
f 2179/2209/2179 2180/2210/2180 2251/2282/2251
f 2180/2210/2180 2252/2283/2252 2251/2282/2251
f 2180/2210/2180 2181/2211/2181 2252/2283/2252
f 2181/2211/2181 2253/2284/2253 2252/2283/2252
f 2181/2211/2181 2182/2212/2182 2253/2284/2253
f 2182/2212/2182 2254/2285/2254 2253/2284/2253
f 2182/2212/2182 2183/2213/2183 2254/2285/2254
f 2183/2213/2183 2255/2286/2255 2254/2285/2254
f 2183/2213/2183 2184/2214/2184 2255/2286/2255
f 2184/2214/2184 2256/2287/2256 2255/2286/2255
f 2184/2214/2184 2185/2215/2185 2256/2287/2256
f 2185/2215/2185 2257/2288/2257 2256/2287/2256
f 2185/2215/2185 2186/2216/2186 2257/2288/2257
f 2186/2216/2186 2258/2289/2258 2257/2288/2257
f 2186/2216/2186 2187/2217/2187 2258/2289/2258
f 2187/2217/2187 2259/2290/2259 2258/2289/2258
f 2187/2217/2187 2188/2218/2188 2259/2290/2259
f 2188/2218/2188 2260/2291/2260 2259/2290/2259
f 2188/2218/2188 2189/2219/2189 2260/2291/2260
f 2189/2219/2189 2261/2292/2261 2260/2291/2260
f 2189/2219/2189 2190/2220/2190 2261/2292/2261
f 2190/2220/2190 2262/2293/2262 2261/2292/2261
f 2190/2220/2190 2191/2221/2191 2262/2293/2262
f 2191/2221/2191 2263/2294/2263 2262/2293/2262
f 2191/2221/2191 2192/2222/2192 2263/2294/2263
f 2192/2222/2192 2264/2295/2264 2263/2294/2263
f 2192/2222/2192 2193/2223/2193 2264/2295/2264
f 2193/2223/2193 2265/2296/2265 2264/2295/2264
f 2193/2223/2193 2194/2224/2194 2265/2296/2265
f 2194/2224/2194 2266/2297/2266 2265/2296/2265
f 2194/2224/2194 2195/2225/2195 2266/2297/2266
f 2195/2225/2195 2267/2298/2267 2266/2297/2266
f 2195/2225/2195 2196/2226/2196 2267/2298/2267
f 2196/2226/2196 2268/2299/2268 2267/2298/2267
f 2196/2226/2196 2197/2227/2197 2268/2299/2268
f 2197/2227/2197 2269/2300/2269 2268/2299/2268
f 2197/2227/2197 2198/2228/2198 2269/2300/2269
f 2198/2228/2198 2270/2301/2270 2269/2300/2269
f 2198/2228/2198 2199/2229/2199 2270/2301/2270
f 2199/2229/2199 2271/2302/2271 2270/2301/2270
f 2199/2229/2199 2200/2230/2200 2271/2302/2271
f 2200/2230/2200 2272/2303/2272 2271/2302/2271
f 2200/2230/2200 2201/2231/2201 2272/2303/2272
f 2201/2231/2201 2273/2304/2273 2272/2303/2272
f 2201/2231/2201 2202/2232/2202 2273/2304/2273
f 2202/2232/2202 2274/2305/2274 2273/2304/2273
f 2202/2232/2202 2203/2233/2203 2274/2305/2274
f 2203/2233/2203 2275/2306/2275 2274/2305/2274
f 2203/2233/2203 2204/2234/2204 2275/2306/2275
f 2204/2234/2204 2276/2307/2276 2275/2306/2275
f 2204/2234/2204 2205/2235/2205 2276/2307/2276
f 2205/2235/2205 2277/2308/2277 2276/2307/2276
f 2205/2235/2205 2206/2236/2206 2277/2308/2277
f 2206/2236/2206 2278/2309/2278 2277/2308/2277
f 2206/2236/2206 2207/2237/2207 2278/2309/2278
f 2207/2237/2207 2279/2310/2279 2278/2309/2278
f 2207/2237/2207 2208/2238/2208 2279/2310/2279
f 2208/2238/2208 2280/2311/2280 2279/2310/2279
f 2208/2238/2208 2209/2239/2209 2280/2311/2280
f 2209/2239/2209 2281/2312/2281 2280/2311/2280
f 2209/2239/2209 2210/2240/2210 2281/2312/2281
f 2210/2240/2210 2282/2313/2282 2281/2312/2281
f 2210/2240/2210 2211/2241/2211 2282/2313/2282
f 2211/2241/2211 2283/2314/2283 2282/2313/2282
f 2211/2241/2211 2212/2242/2212 2283/2314/2283
f 2212/2242/2212 2284/2315/2284 2283/2314/2283
f 2212/2242/2212 2213/2243/2213 2284/2315/2284
f 2213/2243/2213 2285/2316/2285 2284/2315/2284
f 2213/2243/2213 2214/2244/2214 2285/2316/2285
f 2214/2244/2214 2286/2317/2286 2285/2316/2285
f 2214/2244/2214 2215/2245/2215 2286/2317/2286
f 2215/2245/2215 2287/2318/2287 2286/2317/2286
f 2215/2245/2215 2216/2246/2216 2287/2318/2287
f 2216/2246/2216 2288/2319/2288 2287/2318/2287
f 2216/2246/2216 2217/2247/2217 2288/2319/2288
f 2217/2247/2217 2289/2320/2289 2288/2319/2288
f 2217/2247/2217 2218/2248/2218 2289/2320/2289
f 2218/2248/2218 2290/2321/2290 2289/2320/2289
f 2218/2248/2218 2219/2249/2219 2290/2321/2290
f 2219/2249/2219 2291/2322/2291 2290/2321/2290
f 2219/2249/2219 2220/2250/2220 2291/2322/2291
f 2220/2250/2220 2292/2323/2292 2291/2322/2291
f 2220/2250/2220 2221/2251/2221 2292/2323/2292
f 2221/2251/2221 2293/2324/2293 2292/2323/2292
f 2221/2251/2221 2222/2252/2222 2293/2324/2293
f 2222/2252/2222 2294/2325/2294 2293/2324/2293
f 2222/2252/2222 2223/2253/2223 2294/2325/2294
f 2223/2253/2223 2295/2326/2295 2294/2325/2294
f 2223/2253/2223 2224/2254/2224 2295/2326/2295
f 2224/2254/2224 2296/2327/2296 2295/2326/2295
f 2224/2254/2224 2225/2255/2225 2296/2327/2296
f 2225/2255/2225 2297/2328/2297 2296/2327/2296
f 2225/2255/2225 2226/2256/2226 2297/2328/2297
f 2226/2256/2226 2298/2329/2298 2297/2328/2297
f 2226/2256/2226 2227/2257/2227 2298/2329/2298
f 2227/2257/2227 2299/2330/2299 2298/2329/2298
f 2227/2257/2227 2228/2258/2228 2299/2330/2299
f 2228/2258/2228 2300/2331/2300 2299/2330/2299
f 2228/2258/2228 2229/2259/2229 2300/2331/2300
f 2229/2259/2229 2301/2332/2301 2300/2331/2300
f 2229/2259/2229 2230/2260/2230 2301/2332/2301
f 2230/2260/2230 2302/2333/2302 2301/2332/2301
f 2230/2260/2230 2231/2261/2231 2302/2333/2302
f 2231/2261/2231 2303/2334/2303 2302/2333/2302
f 2231/2261/2231 2232/2262/2232 2303/2334/2303
f 2232/2262/2232 2304/2335/2304 2303/2334/2303
f 2232/2262/2232 2233/2263/2233 2304/2335/2304
f 2233/2263/2233 2305/2336/2305 2304/2335/2304
f 2233/2263/2233 2162/2264/2162 2305/2336/2305
f 2162/2264/2162 2234/2337/2234 2305/2336/2305
f 2234/2265/2234 2235/2266/2235 2306/2338/2306
f 2235/2266/2235 2307/2339/2307 2306/2338/2306
f 2235/2266/2235 2236/2267/2236 2307/2339/2307
f 2236/2267/2236 2308/2340/2308 2307/2339/2307
f 2236/2267/2236 2237/2268/2237 2308/2340/2308
f 2237/2268/2237 2309/2341/2309 2308/2340/2308
f 2237/2268/2237 2238/2269/2238 2309/2341/2309
f 2238/2269/2238 2310/2342/2310 2309/2341/2309
f 2238/2269/2238 2239/2270/2239 2310/2342/2310
f 2239/2270/2239 2311/2343/2311 2310/2342/2310
f 2239/2270/2239 2240/2271/2240 2311/2343/2311
f 2240/2271/2240 2312/2344/2312 2311/2343/2311
f 2240/2271/2240 2241/2272/2241 2312/2344/2312
f 2241/2272/2241 2313/2345/2313 2312/2344/2312
f 2241/2272/2241 2242/2273/2242 2313/2345/2313
f 2242/2273/2242 2314/2346/2314 2313/2345/2313
f 2242/2273/2242 2243/2274/2243 2314/2346/2314
f 2243/2274/2243 2315/2347/2315 2314/2346/2314
f 2243/2274/2243 2244/2275/2244 2315/2347/2315
f 2244/2275/2244 2316/2348/2316 2315/2347/2315
f 2244/2275/2244 2245/2276/2245 2316/2348/2316
f 2245/2276/2245 2317/2349/2317 2316/2348/2316
f 2245/2276/2245 2246/2277/2246 2317/2349/2317
f 2246/2277/2246 2318/2350/2318 2317/2349/2317
f 2246/2277/2246 2247/2278/2247 2318/2350/2318
f 2247/2278/2247 2319/2351/2319 2318/2350/2318
f 2247/2278/2247 2248/2279/2248 2319/2351/2319
f 2248/2279/2248 2320/2352/2320 2319/2351/2319
f 2248/2279/2248 2249/2280/2249 2320/2352/2320
f 2249/2280/2249 2321/2353/2321 2320/2352/2320
f 2249/2280/2249 2250/2281/2250 2321/2353/2321
f 2250/2281/2250 2322/2354/2322 2321/2353/2321
f 2250/2281/2250 2251/2282/2251 2322/2354/2322
f 2251/2282/2251 2323/2355/2323 2322/2354/2322
f 2251/2282/2251 2252/2283/2252 2323/2355/2323
f 2252/2283/2252 2324/2356/2324 2323/2355/2323
f 2252/2283/2252 2253/2284/2253 2324/2356/2324
f 2253/2284/2253 2325/2357/2325 2324/2356/2324
f 2253/2284/2253 2254/2285/2254 2325/2357/2325
f 2254/2285/2254 2326/2358/2326 2325/2357/2325
f 2254/2285/2254 2255/2286/2255 2326/2358/2326
f 2255/2286/2255 2327/2359/2327 2326/2358/2326
f 2255/2286/2255 2256/2287/2256 2327/2359/2327
f 2256/2287/2256 2328/2360/2328 2327/2359/2327
f 2256/2287/2256 2257/2288/2257 2328/2360/2328
f 2257/2288/2257 2329/2361/2329 2328/2360/2328
f 2257/2288/2257 2258/2289/2258 2329/2361/2329
f 2258/2289/2258 2330/2362/2330 2329/2361/2329
f 2258/2289/2258 2259/2290/2259 2330/2362/2330
f 2259/2290/2259 2331/2363/2331 2330/2362/2330
f 2259/2290/2259 2260/2291/2260 2331/2363/2331
f 2260/2291/2260 2332/2364/2332 2331/2363/2331
f 2260/2291/2260 2261/2292/2261 2332/2364/2332
f 2261/2292/2261 2333/2365/2333 2332/2364/2332
f 2261/2292/2261 2262/2293/2262 2333/2365/2333
f 2262/2293/2262 2334/2366/2334 2333/2365/2333
f 2262/2293/2262 2263/2294/2263 2334/2366/2334
f 2263/2294/2263 2335/2367/2335 2334/2366/2334
f 2263/2294/2263 2264/2295/2264 2335/2367/2335
f 2264/2295/2264 2336/2368/2336 2335/2367/2335
f 2264/2295/2264 2265/2296/2265 2336/2368/2336
f 2265/2296/2265 2337/2369/2337 2336/2368/2336
f 2265/2296/2265 2266/2297/2266 2337/2369/2337
f 2266/2297/2266 2338/2370/2338 2337/2369/2337
f 2266/2297/2266 2267/2298/2267 2338/2370/2338
f 2267/2298/2267 2339/2371/2339 2338/2370/2338
f 2267/2298/2267 2268/2299/2268 2339/2371/2339
f 2268/2299/2268 2340/2372/2340 2339/2371/2339
f 2268/2299/2268 2269/2300/2269 2340/2372/2340
f 2269/2300/2269 2341/2373/2341 2340/2372/2340
f 2269/2300/2269 2270/2301/2270 2341/2373/2341
f 2270/2301/2270 2342/2374/2342 2341/2373/2341
f 2270/2301/2270 2271/2302/2271 2342/2374/2342
f 2271/2302/2271 2343/2375/2343 2342/2374/2342
f 2271/2302/2271 2272/2303/2272 2343/2375/2343
f 2272/2303/2272 2344/2376/2344 2343/2375/2343
f 2272/2303/2272 2273/2304/2273 2344/2376/2344
f 2273/2304/2273 2345/2377/2345 2344/2376/2344
f 2273/2304/2273 2274/2305/2274 2345/2377/2345
f 2274/2305/2274 2346/2378/2346 2345/2377/2345
f 2274/2305/2274 2275/2306/2275 2346/2378/2346
f 2275/2306/2275 2347/2379/2347 2346/2378/2346
f 2275/2306/2275 2276/2307/2276 2347/2379/2347
f 2276/2307/2276 2348/2380/2348 2347/2379/2347
f 2276/2307/2276 2277/2308/2277 2348/2380/2348
f 2277/2308/2277 2349/2381/2349 2348/2380/2348
f 2277/2308/2277 2278/2309/2278 2349/2381/2349
f 2278/2309/2278 2350/2382/2350 2349/2381/2349
f 2278/2309/2278 2279/2310/2279 2350/2382/2350
f 2279/2310/2279 2351/2383/2351 2350/2382/2350
f 2279/2310/2279 2280/2311/2280 2351/2383/2351
f 2280/2311/2280 2352/2384/2352 2351/2383/2351
f 2280/2311/2280 2281/2312/2281 2352/2384/2352
f 2281/2312/2281 2353/2385/2353 2352/2384/2352
f 2281/2312/2281 2282/2313/2282 2353/2385/2353
f 2282/2313/2282 2354/2386/2354 2353/2385/2353
f 2282/2313/2282 2283/2314/2283 2354/2386/2354
f 2283/2314/2283 2355/2387/2355 2354/2386/2354
f 2283/2314/2283 2284/2315/2284 2355/2387/2355
f 2284/2315/2284 2356/2388/2356 2355/2387/2355
f 2284/2315/2284 2285/2316/2285 2356/2388/2356
f 2285/2316/2285 2357/2389/2357 2356/2388/2356
f 2285/2316/2285 2286/2317/2286 2357/2389/2357
f 2286/2317/2286 2358/2390/2358 2357/2389/2357
f 2286/2317/2286 2287/2318/2287 2358/2390/2358
f 2287/2318/2287 2359/2391/2359 2358/2390/2358
f 2287/2318/2287 2288/2319/2288 2359/2391/2359
f 2288/2319/2288 2360/2392/2360 2359/2391/2359
f 2288/2319/2288 2289/2320/2289 2360/2392/2360
f 2289/2320/2289 2361/2393/2361 2360/2392/2360
f 2289/2320/2289 2290/2321/2290 2361/2393/2361
f 2290/2321/2290 2362/2394/2362 2361/2393/2361
f 2290/2321/2290 2291/2322/2291 2362/2394/2362
f 2291/2322/2291 2363/2395/2363 2362/2394/2362
f 2291/2322/2291 2292/2323/2292 2363/2395/2363
f 2292/2323/2292 2364/2396/2364 2363/2395/2363
f 2292/2323/2292 2293/2324/2293 2364/2396/2364
f 2293/2324/2293 2365/2397/2365 2364/2396/2364
f 2293/2324/2293 2294/2325/2294 2365/2397/2365
f 2294/2325/2294 2366/2398/2366 2365/2397/2365
f 2294/2325/2294 2295/2326/2295 2366/2398/2366
f 2295/2326/2295 2367/2399/2367 2366/2398/2366
f 2295/2326/2295 2296/2327/2296 2367/2399/2367
f 2296/2327/2296 2368/2400/2368 2367/2399/2367
f 2296/2327/2296 2297/2328/2297 2368/2400/2368
f 2297/2328/2297 2369/2401/2369 2368/2400/2368
f 2297/2328/2297 2298/2329/2298 2369/2401/2369
f 2298/2329/2298 2370/2402/2370 2369/2401/2369
f 2298/2329/2298 2299/2330/2299 2370/2402/2370
f 2299/2330/2299 2371/2403/2371 2370/2402/2370
f 2299/2330/2299 2300/2331/2300 2371/2403/2371
f 2300/2331/2300 2372/2404/2372 2371/2403/2371
f 2300/2331/2300 2301/2332/2301 2372/2404/2372
f 2301/2332/2301 2373/2405/2373 2372/2404/2372
f 2301/2332/2301 2302/2333/2302 2373/2405/2373
f 2302/2333/2302 2374/2406/2374 2373/2405/2373
f 2302/2333/2302 2303/2334/2303 2374/2406/2374
f 2303/2334/2303 2375/2407/2375 2374/2406/2374
f 2303/2334/2303 2304/2335/2304 2375/2407/2375
f 2304/2335/2304 2376/2408/2376 2375/2407/2375
f 2304/2335/2304 2305/2336/2305 2376/2408/2376
f 2305/2336/2305 2377/2409/2377 2376/2408/2376
f 2305/2336/2305 2234/2337/2234 2377/2409/2377
f 2234/2337/2234 2306/2410/2306 2377/2409/2377
f 2306/2338/2306 2307/2339/2307 2378/2411/2378
f 2307/2339/2307 2379/2412/2379 2378/2411/2378
f 2307/2339/2307 2308/2340/2308 2379/2412/2379
f 2308/2340/2308 2380/2413/2380 2379/2412/2379
f 2308/2340/2308 2309/2341/2309 2380/2413/2380
f 2309/2341/2309 2381/2414/2381 2380/2413/2380
f 2309/2341/2309 2310/2342/2310 2381/2414/2381
f 2310/2342/2310 2382/2415/2382 2381/2414/2381
f 2310/2342/2310 2311/2343/2311 2382/2415/2382
f 2311/2343/2311 2383/2416/2383 2382/2415/2382
f 2311/2343/2311 2312/2344/2312 2383/2416/2383
f 2312/2344/2312 2384/2417/2384 2383/2416/2383
f 2312/2344/2312 2313/2345/2313 2384/2417/2384
f 2313/2345/2313 2385/2418/2385 2384/2417/2384
f 2313/2345/2313 2314/2346/2314 2385/2418/2385
f 2314/2346/2314 2386/2419/2386 2385/2418/2385
f 2314/2346/2314 2315/2347/2315 2386/2419/2386
f 2315/2347/2315 2387/2420/2387 2386/2419/2386
f 2315/2347/2315 2316/2348/2316 2387/2420/2387
f 2316/2348/2316 2388/2421/2388 2387/2420/2387
f 2316/2348/2316 2317/2349/2317 2388/2421/2388
f 2317/2349/2317 2389/2422/2389 2388/2421/2388
f 2317/2349/2317 2318/2350/2318 2389/2422/2389
f 2318/2350/2318 2390/2423/2390 2389/2422/2389
f 2318/2350/2318 2319/2351/2319 2390/2423/2390
f 2319/2351/2319 2391/2424/2391 2390/2423/2390
f 2319/2351/2319 2320/2352/2320 2391/2424/2391
f 2320/2352/2320 2392/2425/2392 2391/2424/2391
f 2320/2352/2320 2321/2353/2321 2392/2425/2392
f 2321/2353/2321 2393/2426/2393 2392/2425/2392
f 2321/2353/2321 2322/2354/2322 2393/2426/2393
f 2322/2354/2322 2394/2427/2394 2393/2426/2393
f 2322/2354/2322 2323/2355/2323 2394/2427/2394
f 2323/2355/2323 2395/2428/2395 2394/2427/2394
f 2323/2355/2323 2324/2356/2324 2395/2428/2395
f 2324/2356/2324 2396/2429/2396 2395/2428/2395
f 2324/2356/2324 2325/2357/2325 2396/2429/2396
f 2325/2357/2325 2397/2430/2397 2396/2429/2396
f 2325/2357/2325 2326/2358/2326 2397/2430/2397
f 2326/2358/2326 2398/2431/2398 2397/2430/2397
f 2326/2358/2326 2327/2359/2327 2398/2431/2398
f 2327/2359/2327 2399/2432/2399 2398/2431/2398
f 2327/2359/2327 2328/2360/2328 2399/2432/2399
f 2328/2360/2328 2400/2433/2400 2399/2432/2399
f 2328/2360/2328 2329/2361/2329 2400/2433/2400
f 2329/2361/2329 2401/2434/2401 2400/2433/2400
f 2329/2361/2329 2330/2362/2330 2401/2434/2401
f 2330/2362/2330 2402/2435/2402 2401/2434/2401
f 2330/2362/2330 2331/2363/2331 2402/2435/2402
f 2331/2363/2331 2403/2436/2403 2402/2435/2402
f 2331/2363/2331 2332/2364/2332 2403/2436/2403
f 2332/2364/2332 2404/2437/2404 2403/2436/2403
f 2332/2364/2332 2333/2365/2333 2404/2437/2404
f 2333/2365/2333 2405/2438/2405 2404/2437/2404
f 2333/2365/2333 2334/2366/2334 2405/2438/2405
f 2334/2366/2334 2406/2439/2406 2405/2438/2405
f 2334/2366/2334 2335/2367/2335 2406/2439/2406
f 2335/2367/2335 2407/2440/2407 2406/2439/2406
f 2335/2367/2335 2336/2368/2336 2407/2440/2407
f 2336/2368/2336 2408/2441/2408 2407/2440/2407
f 2336/2368/2336 2337/2369/2337 2408/2441/2408
f 2337/2369/2337 2409/2442/2409 2408/2441/2408
f 2337/2369/2337 2338/2370/2338 2409/2442/2409
f 2338/2370/2338 2410/2443/2410 2409/2442/2409
f 2338/2370/2338 2339/2371/2339 2410/2443/2410
f 2339/2371/2339 2411/2444/2411 2410/2443/2410
f 2339/2371/2339 2340/2372/2340 2411/2444/2411
f 2340/2372/2340 2412/2445/2412 2411/2444/2411
f 2340/2372/2340 2341/2373/2341 2412/2445/2412
f 2341/2373/2341 2413/2446/2413 2412/2445/2412
f 2341/2373/2341 2342/2374/2342 2413/2446/2413
f 2342/2374/2342 2414/2447/2414 2413/2446/2413
f 2342/2374/2342 2343/2375/2343 2414/2447/2414
f 2343/2375/2343 2415/2448/2415 2414/2447/2414
f 2343/2375/2343 2344/2376/2344 2415/2448/2415
f 2344/2376/2344 2416/2449/2416 2415/2448/2415
f 2344/2376/2344 2345/2377/2345 2416/2449/2416
f 2345/2377/2345 2417/2450/2417 2416/2449/2416
f 2345/2377/2345 2346/2378/2346 2417/2450/2417
f 2346/2378/2346 2418/2451/2418 2417/2450/2417
f 2346/2378/2346 2347/2379/2347 2418/2451/2418
f 2347/2379/2347 2419/2452/2419 2418/2451/2418
f 2347/2379/2347 2348/2380/2348 2419/2452/2419
f 2348/2380/2348 2420/2453/2420 2419/2452/2419
f 2348/2380/2348 2349/2381/2349 2420/2453/2420
f 2349/2381/2349 2421/2454/2421 2420/2453/2420
f 2349/2381/2349 2350/2382/2350 2421/2454/2421
f 2350/2382/2350 2422/2455/2422 2421/2454/2421
f 2350/2382/2350 2351/2383/2351 2422/2455/2422
f 2351/2383/2351 2423/2456/2423 2422/2455/2422
f 2351/2383/2351 2352/2384/2352 2423/2456/2423
f 2352/2384/2352 2424/2457/2424 2423/2456/2423
f 2352/2384/2352 2353/2385/2353 2424/2457/2424
f 2353/2385/2353 2425/2458/2425 2424/2457/2424
f 2353/2385/2353 2354/2386/2354 2425/2458/2425
f 2354/2386/2354 2426/2459/2426 2425/2458/2425
f 2354/2386/2354 2355/2387/2355 2426/2459/2426
f 2355/2387/2355 2427/2460/2427 2426/2459/2426
f 2355/2387/2355 2356/2388/2356 2427/2460/2427
f 2356/2388/2356 2428/2461/2428 2427/2460/2427
f 2356/2388/2356 2357/2389/2357 2428/2461/2428
f 2357/2389/2357 2429/2462/2429 2428/2461/2428
f 2357/2389/2357 2358/2390/2358 2429/2462/2429
f 2358/2390/2358 2430/2463/2430 2429/2462/2429
f 2358/2390/2358 2359/2391/2359 2430/2463/2430
f 2359/2391/2359 2431/2464/2431 2430/2463/2430
f 2359/2391/2359 2360/2392/2360 2431/2464/2431
f 2360/2392/2360 2432/2465/2432 2431/2464/2431
f 2360/2392/2360 2361/2393/2361 2432/2465/2432
f 2361/2393/2361 2433/2466/2433 2432/2465/2432
f 2361/2393/2361 2362/2394/2362 2433/2466/2433
f 2362/2394/2362 2434/2467/2434 2433/2466/2433
f 2362/2394/2362 2363/2395/2363 2434/2467/2434
f 2363/2395/2363 2435/2468/2435 2434/2467/2434
f 2363/2395/2363 2364/2396/2364 2435/2468/2435
f 2364/2396/2364 2436/2469/2436 2435/2468/2435
f 2364/2396/2364 2365/2397/2365 2436/2469/2436
f 2365/2397/2365 2437/2470/2437 2436/2469/2436
f 2365/2397/2365 2366/2398/2366 2437/2470/2437
f 2366/2398/2366 2438/2471/2438 2437/2470/2437
f 2366/2398/2366 2367/2399/2367 2438/2471/2438
f 2367/2399/2367 2439/2472/2439 2438/2471/2438
f 2367/2399/2367 2368/2400/2368 2439/2472/2439
f 2368/2400/2368 2440/2473/2440 2439/2472/2439
f 2368/2400/2368 2369/2401/2369 2440/2473/2440
f 2369/2401/2369 2441/2474/2441 2440/2473/2440
f 2369/2401/2369 2370/2402/2370 2441/2474/2441
f 2370/2402/2370 2442/2475/2442 2441/2474/2441
f 2370/2402/2370 2371/2403/2371 2442/2475/2442
f 2371/2403/2371 2443/2476/2443 2442/2475/2442
f 2371/2403/2371 2372/2404/2372 2443/2476/2443
f 2372/2404/2372 2444/2477/2444 2443/2476/2443
f 2372/2404/2372 2373/2405/2373 2444/2477/2444
f 2373/2405/2373 2445/2478/2445 2444/2477/2444
f 2373/2405/2373 2374/2406/2374 2445/2478/2445
f 2374/2406/2374 2446/2479/2446 2445/2478/2445
f 2374/2406/2374 2375/2407/2375 2446/2479/2446
f 2375/2407/2375 2447/2480/2447 2446/2479/2446
f 2375/2407/2375 2376/2408/2376 2447/2480/2447
f 2376/2408/2376 2448/2481/2448 2447/2480/2447
f 2376/2408/2376 2377/2409/2377 2448/2481/2448
f 2377/2409/2377 2449/2482/2449 2448/2481/2448
f 2377/2409/2377 2306/2410/2306 2449/2482/2449
f 2306/2410/2306 2378/2483/2378 2449/2482/2449
f 2378/2411/2378 2379/2412/2379 2450/2484/2450
f 2379/2412/2379 2451/2485/2451 2450/2484/2450
f 2379/2412/2379 2380/2413/2380 2451/2485/2451
f 2380/2413/2380 2452/2486/2452 2451/2485/2451
f 2380/2413/2380 2381/2414/2381 2452/2486/2452
f 2381/2414/2381 2453/2487/2453 2452/2486/2452
f 2381/2414/2381 2382/2415/2382 2453/2487/2453
f 2382/2415/2382 2454/2488/2454 2453/2487/2453
f 2382/2415/2382 2383/2416/2383 2454/2488/2454
f 2383/2416/2383 2455/2489/2455 2454/2488/2454
f 2383/2416/2383 2384/2417/2384 2455/2489/2455
f 2384/2417/2384 2456/2490/2456 2455/2489/2455
f 2384/2417/2384 2385/2418/2385 2456/2490/2456
f 2385/2418/2385 2457/2491/2457 2456/2490/2456
f 2385/2418/2385 2386/2419/2386 2457/2491/2457
f 2386/2419/2386 2458/2492/2458 2457/2491/2457
f 2386/2419/2386 2387/2420/2387 2458/2492/2458
f 2387/2420/2387 2459/2493/2459 2458/2492/2458
f 2387/2420/2387 2388/2421/2388 2459/2493/2459
f 2388/2421/2388 2460/2494/2460 2459/2493/2459
f 2388/2421/2388 2389/2422/2389 2460/2494/2460
f 2389/2422/2389 2461/2495/2461 2460/2494/2460
f 2389/2422/2389 2390/2423/2390 2461/2495/2461
f 2390/2423/2390 2462/2496/2462 2461/2495/2461
f 2390/2423/2390 2391/2424/2391 2462/2496/2462
f 2391/2424/2391 2463/2497/2463 2462/2496/2462
f 2391/2424/2391 2392/2425/2392 2463/2497/2463
f 2392/2425/2392 2464/2498/2464 2463/2497/2463
f 2392/2425/2392 2393/2426/2393 2464/2498/2464
f 2393/2426/2393 2465/2499/2465 2464/2498/2464
f 2393/2426/2393 2394/2427/2394 2465/2499/2465
f 2394/2427/2394 2466/2500/2466 2465/2499/2465
f 2394/2427/2394 2395/2428/2395 2466/2500/2466
f 2395/2428/2395 2467/2501/2467 2466/2500/2466
f 2395/2428/2395 2396/2429/2396 2467/2501/2467
f 2396/2429/2396 2468/2502/2468 2467/2501/2467
f 2396/2429/2396 2397/2430/2397 2468/2502/2468
f 2397/2430/2397 2469/2503/2469 2468/2502/2468
f 2397/2430/2397 2398/2431/2398 2469/2503/2469
f 2398/2431/2398 2470/2504/2470 2469/2503/2469
f 2398/2431/2398 2399/2432/2399 2470/2504/2470
f 2399/2432/2399 2471/2505/2471 2470/2504/2470
f 2399/2432/2399 2400/2433/2400 2471/2505/2471
f 2400/2433/2400 2472/2506/2472 2471/2505/2471
f 2400/2433/2400 2401/2434/2401 2472/2506/2472
f 2401/2434/2401 2473/2507/2473 2472/2506/2472
f 2401/2434/2401 2402/2435/2402 2473/2507/2473
f 2402/2435/2402 2474/2508/2474 2473/2507/2473
f 2402/2435/2402 2403/2436/2403 2474/2508/2474
f 2403/2436/2403 2475/2509/2475 2474/2508/2474
f 2403/2436/2403 2404/2437/2404 2475/2509/2475
f 2404/2437/2404 2476/2510/2476 2475/2509/2475
f 2404/2437/2404 2405/2438/2405 2476/2510/2476
f 2405/2438/2405 2477/2511/2477 2476/2510/2476
f 2405/2438/2405 2406/2439/2406 2477/2511/2477
f 2406/2439/2406 2478/2512/2478 2477/2511/2477
f 2406/2439/2406 2407/2440/2407 2478/2512/2478
f 2407/2440/2407 2479/2513/2479 2478/2512/2478
f 2407/2440/2407 2408/2441/2408 2479/2513/2479
f 2408/2441/2408 2480/2514/2480 2479/2513/2479
f 2408/2441/2408 2409/2442/2409 2480/2514/2480
f 2409/2442/2409 2481/2515/2481 2480/2514/2480
f 2409/2442/2409 2410/2443/2410 2481/2515/2481
f 2410/2443/2410 2482/2516/2482 2481/2515/2481
f 2410/2443/2410 2411/2444/2411 2482/2516/2482
f 2411/2444/2411 2483/2517/2483 2482/2516/2482
f 2411/2444/2411 2412/2445/2412 2483/2517/2483
f 2412/2445/2412 2484/2518/2484 2483/2517/2483
f 2412/2445/2412 2413/2446/2413 2484/2518/2484
f 2413/2446/2413 2485/2519/2485 2484/2518/2484
f 2413/2446/2413 2414/2447/2414 2485/2519/2485
f 2414/2447/2414 2486/2520/2486 2485/2519/2485
f 2414/2447/2414 2415/2448/2415 2486/2520/2486
f 2415/2448/2415 2487/2521/2487 2486/2520/2486
f 2415/2448/2415 2416/2449/2416 2487/2521/2487
f 2416/2449/2416 2488/2522/2488 2487/2521/2487
f 2416/2449/2416 2417/2450/2417 2488/2522/2488
f 2417/2450/2417 2489/2523/2489 2488/2522/2488
f 2417/2450/2417 2418/2451/2418 2489/2523/2489
f 2418/2451/2418 2490/2524/2490 2489/2523/2489
f 2418/2451/2418 2419/2452/2419 2490/2524/2490
f 2419/2452/2419 2491/2525/2491 2490/2524/2490
f 2419/2452/2419 2420/2453/2420 2491/2525/2491
f 2420/2453/2420 2492/2526/2492 2491/2525/2491
f 2420/2453/2420 2421/2454/2421 2492/2526/2492
f 2421/2454/2421 2493/2527/2493 2492/2526/2492
f 2421/2454/2421 2422/2455/2422 2493/2527/2493
f 2422/2455/2422 2494/2528/2494 2493/2527/2493
f 2422/2455/2422 2423/2456/2423 2494/2528/2494
f 2423/2456/2423 2495/2529/2495 2494/2528/2494
f 2423/2456/2423 2424/2457/2424 2495/2529/2495
f 2424/2457/2424 2496/2530/2496 2495/2529/2495
f 2424/2457/2424 2425/2458/2425 2496/2530/2496
f 2425/2458/2425 2497/2531/2497 2496/2530/2496
f 2425/2458/2425 2426/2459/2426 2497/2531/2497
f 2426/2459/2426 2498/2532/2498 2497/2531/2497
f 2426/2459/2426 2427/2460/2427 2498/2532/2498
f 2427/2460/2427 2499/2533/2499 2498/2532/2498
f 2427/2460/2427 2428/2461/2428 2499/2533/2499
f 2428/2461/2428 2500/2534/2500 2499/2533/2499
f 2428/2461/2428 2429/2462/2429 2500/2534/2500
f 2429/2462/2429 2501/2535/2501 2500/2534/2500
f 2429/2462/2429 2430/2463/2430 2501/2535/2501
f 2430/2463/2430 2502/2536/2502 2501/2535/2501
f 2430/2463/2430 2431/2464/2431 2502/2536/2502
f 2431/2464/2431 2503/2537/2503 2502/2536/2502
f 2431/2464/2431 2432/2465/2432 2503/2537/2503
f 2432/2465/2432 2504/2538/2504 2503/2537/2503
f 2432/2465/2432 2433/2466/2433 2504/2538/2504
f 2433/2466/2433 2505/2539/2505 2504/2538/2504
f 2433/2466/2433 2434/2467/2434 2505/2539/2505
f 2434/2467/2434 2506/2540/2506 2505/2539/2505
f 2434/2467/2434 2435/2468/2435 2506/2540/2506
f 2435/2468/2435 2507/2541/2507 2506/2540/2506
f 2435/2468/2435 2436/2469/2436 2507/2541/2507
f 2436/2469/2436 2508/2542/2508 2507/2541/2507
f 2436/2469/2436 2437/2470/2437 2508/2542/2508
f 2437/2470/2437 2509/2543/2509 2508/2542/2508
f 2437/2470/2437 2438/2471/2438 2509/2543/2509
f 2438/2471/2438 2510/2544/2510 2509/2543/2509
f 2438/2471/2438 2439/2472/2439 2510/2544/2510
f 2439/2472/2439 2511/2545/2511 2510/2544/2510
f 2439/2472/2439 2440/2473/2440 2511/2545/2511
f 2440/2473/2440 2512/2546/2512 2511/2545/2511
f 2440/2473/2440 2441/2474/2441 2512/2546/2512
f 2441/2474/2441 2513/2547/2513 2512/2546/2512
f 2441/2474/2441 2442/2475/2442 2513/2547/2513
f 2442/2475/2442 2514/2548/2514 2513/2547/2513
f 2442/2475/2442 2443/2476/2443 2514/2548/2514
f 2443/2476/2443 2515/2549/2515 2514/2548/2514
f 2443/2476/2443 2444/2477/2444 2515/2549/2515
f 2444/2477/2444 2516/2550/2516 2515/2549/2515
f 2444/2477/2444 2445/2478/2445 2516/2550/2516
f 2445/2478/2445 2517/2551/2517 2516/2550/2516
f 2445/2478/2445 2446/2479/2446 2517/2551/2517
f 2446/2479/2446 2518/2552/2518 2517/2551/2517
f 2446/2479/2446 2447/2480/2447 2518/2552/2518
f 2447/2480/2447 2519/2553/2519 2518/2552/2518
f 2447/2480/2447 2448/2481/2448 2519/2553/2519
f 2448/2481/2448 2520/2554/2520 2519/2553/2519
f 2448/2481/2448 2449/2482/2449 2520/2554/2520
f 2449/2482/2449 2521/2555/2521 2520/2554/2520
f 2449/2482/2449 2378/2483/2378 2521/2555/2521
f 2378/2483/2378 2450/2556/2450 2521/2555/2521
f 2450/2484/2450 2451/2485/2451 2522/2557/2522
f 2451/2485/2451 2523/2558/2523 2522/2557/2522
f 2451/2485/2451 2452/2486/2452 2523/2558/2523
f 2452/2486/2452 2524/2559/2524 2523/2558/2523
f 2452/2486/2452 2453/2487/2453 2524/2559/2524
f 2453/2487/2453 2525/2560/2525 2524/2559/2524
f 2453/2487/2453 2454/2488/2454 2525/2560/2525
f 2454/2488/2454 2526/2561/2526 2525/2560/2525
f 2454/2488/2454 2455/2489/2455 2526/2561/2526
f 2455/2489/2455 2527/2562/2527 2526/2561/2526
f 2455/2489/2455 2456/2490/2456 2527/2562/2527
f 2456/2490/2456 2528/2563/2528 2527/2562/2527
f 2456/2490/2456 2457/2491/2457 2528/2563/2528
f 2457/2491/2457 2529/2564/2529 2528/2563/2528
f 2457/2491/2457 2458/2492/2458 2529/2564/2529
f 2458/2492/2458 2530/2565/2530 2529/2564/2529
f 2458/2492/2458 2459/2493/2459 2530/2565/2530
f 2459/2493/2459 2531/2566/2531 2530/2565/2530
f 2459/2493/2459 2460/2494/2460 2531/2566/2531
f 2460/2494/2460 2532/2567/2532 2531/2566/2531
f 2460/2494/2460 2461/2495/2461 2532/2567/2532
f 2461/2495/2461 2533/2568/2533 2532/2567/2532
f 2461/2495/2461 2462/2496/2462 2533/2568/2533
f 2462/2496/2462 2534/2569/2534 2533/2568/2533
f 2462/2496/2462 2463/2497/2463 2534/2569/2534
f 2463/2497/2463 2535/2570/2535 2534/2569/2534
f 2463/2497/2463 2464/2498/2464 2535/2570/2535
f 2464/2498/2464 2536/2571/2536 2535/2570/2535
f 2464/2498/2464 2465/2499/2465 2536/2571/2536
f 2465/2499/2465 2537/2572/2537 2536/2571/2536
f 2465/2499/2465 2466/2500/2466 2537/2572/2537
f 2466/2500/2466 2538/2573/2538 2537/2572/2537
f 2466/2500/2466 2467/2501/2467 2538/2573/2538
f 2467/2501/2467 2539/2574/2539 2538/2573/2538
f 2467/2501/2467 2468/2502/2468 2539/2574/2539
f 2468/2502/2468 2540/2575/2540 2539/2574/2539
f 2468/2502/2468 2469/2503/2469 2540/2575/2540
f 2469/2503/2469 2541/2576/2541 2540/2575/2540
f 2469/2503/2469 2470/2504/2470 2541/2576/2541
f 2470/2504/2470 2542/2577/2542 2541/2576/2541
f 2470/2504/2470 2471/2505/2471 2542/2577/2542
f 2471/2505/2471 2543/2578/2543 2542/2577/2542
f 2471/2505/2471 2472/2506/2472 2543/2578/2543
f 2472/2506/2472 2544/2579/2544 2543/2578/2543
f 2472/2506/2472 2473/2507/2473 2544/2579/2544
f 2473/2507/2473 2545/2580/2545 2544/2579/2544
f 2473/2507/2473 2474/2508/2474 2545/2580/2545
f 2474/2508/2474 2546/2581/2546 2545/2580/2545
f 2474/2508/2474 2475/2509/2475 2546/2581/2546
f 2475/2509/2475 2547/2582/2547 2546/2581/2546
f 2475/2509/2475 2476/2510/2476 2547/2582/2547
f 2476/2510/2476 2548/2583/2548 2547/2582/2547
f 2476/2510/2476 2477/2511/2477 2548/2583/2548
f 2477/2511/2477 2549/2584/2549 2548/2583/2548
f 2477/2511/2477 2478/2512/2478 2549/2584/2549
f 2478/2512/2478 2550/2585/2550 2549/2584/2549
f 2478/2512/2478 2479/2513/2479 2550/2585/2550
f 2479/2513/2479 2551/2586/2551 2550/2585/2550
f 2479/2513/2479 2480/2514/2480 2551/2586/2551
f 2480/2514/2480 2552/2587/2552 2551/2586/2551
f 2480/2514/2480 2481/2515/2481 2552/2587/2552
f 2481/2515/2481 2553/2588/2553 2552/2587/2552
f 2481/2515/2481 2482/2516/2482 2553/2588/2553
f 2482/2516/2482 2554/2589/2554 2553/2588/2553
f 2482/2516/2482 2483/2517/2483 2554/2589/2554
f 2483/2517/2483 2555/2590/2555 2554/2589/2554
f 2483/2517/2483 2484/2518/2484 2555/2590/2555
f 2484/2518/2484 2556/2591/2556 2555/2590/2555
f 2484/2518/2484 2485/2519/2485 2556/2591/2556
f 2485/2519/2485 2557/2592/2557 2556/2591/2556
f 2485/2519/2485 2486/2520/2486 2557/2592/2557
f 2486/2520/2486 2558/2593/2558 2557/2592/2557
f 2486/2520/2486 2487/2521/2487 2558/2593/2558
f 2487/2521/2487 2559/2594/2559 2558/2593/2558
f 2487/2521/2487 2488/2522/2488 2559/2594/2559
f 2488/2522/2488 2560/2595/2560 2559/2594/2559
f 2488/2522/2488 2489/2523/2489 2560/2595/2560
f 2489/2523/2489 2561/2596/2561 2560/2595/2560
f 2489/2523/2489 2490/2524/2490 2561/2596/2561
f 2490/2524/2490 2562/2597/2562 2561/2596/2561
f 2490/2524/2490 2491/2525/2491 2562/2597/2562
f 2491/2525/2491 2563/2598/2563 2562/2597/2562
f 2491/2525/2491 2492/2526/2492 2563/2598/2563
f 2492/2526/2492 2564/2599/2564 2563/2598/2563
f 2492/2526/2492 2493/2527/2493 2564/2599/2564
f 2493/2527/2493 2565/2600/2565 2564/2599/2564
f 2493/2527/2493 2494/2528/2494 2565/2600/2565
f 2494/2528/2494 2566/2601/2566 2565/2600/2565
f 2494/2528/2494 2495/2529/2495 2566/2601/2566
f 2495/2529/2495 2567/2602/2567 2566/2601/2566
f 2495/2529/2495 2496/2530/2496 2567/2602/2567
f 2496/2530/2496 2568/2603/2568 2567/2602/2567
f 2496/2530/2496 2497/2531/2497 2568/2603/2568
f 2497/2531/2497 2569/2604/2569 2568/2603/2568
f 2497/2531/2497 2498/2532/2498 2569/2604/2569
f 2498/2532/2498 2570/2605/2570 2569/2604/2569
f 2498/2532/2498 2499/2533/2499 2570/2605/2570
f 2499/2533/2499 2571/2606/2571 2570/2605/2570
f 2499/2533/2499 2500/2534/2500 2571/2606/2571
f 2500/2534/2500 2572/2607/2572 2571/2606/2571
f 2500/2534/2500 2501/2535/2501 2572/2607/2572
f 2501/2535/2501 2573/2608/2573 2572/2607/2572
f 2501/2535/2501 2502/2536/2502 2573/2608/2573
f 2502/2536/2502 2574/2609/2574 2573/2608/2573
f 2502/2536/2502 2503/2537/2503 2574/2609/2574
f 2503/2537/2503 2575/2610/2575 2574/2609/2574
f 2503/2537/2503 2504/2538/2504 2575/2610/2575
f 2504/2538/2504 2576/2611/2576 2575/2610/2575
f 2504/2538/2504 2505/2539/2505 2576/2611/2576
f 2505/2539/2505 2577/2612/2577 2576/2611/2576
f 2505/2539/2505 2506/2540/2506 2577/2612/2577
f 2506/2540/2506 2578/2613/2578 2577/2612/2577
f 2506/2540/2506 2507/2541/2507 2578/2613/2578
f 2507/2541/2507 2579/2614/2579 2578/2613/2578
f 2507/2541/2507 2508/2542/2508 2579/2614/2579
f 2508/2542/2508 2580/2615/2580 2579/2614/2579
f 2508/2542/2508 2509/2543/2509 2580/2615/2580
f 2509/2543/2509 2581/2616/2581 2580/2615/2580
f 2509/2543/2509 2510/2544/2510 2581/2616/2581
f 2510/2544/2510 2582/2617/2582 2581/2616/2581
f 2510/2544/2510 2511/2545/2511 2582/2617/2582
f 2511/2545/2511 2583/2618/2583 2582/2617/2582
f 2511/2545/2511 2512/2546/2512 2583/2618/2583
f 2512/2546/2512 2584/2619/2584 2583/2618/2583
f 2512/2546/2512 2513/2547/2513 2584/2619/2584
f 2513/2547/2513 2585/2620/2585 2584/2619/2584
f 2513/2547/2513 2514/2548/2514 2585/2620/2585
f 2514/2548/2514 2586/2621/2586 2585/2620/2585
f 2514/2548/2514 2515/2549/2515 2586/2621/2586
f 2515/2549/2515 2587/2622/2587 2586/2621/2586
f 2515/2549/2515 2516/2550/2516 2587/2622/2587
f 2516/2550/2516 2588/2623/2588 2587/2622/2587
f 2516/2550/2516 2517/2551/2517 2588/2623/2588
f 2517/2551/2517 2589/2624/2589 2588/2623/2588
f 2517/2551/2517 2518/2552/2518 2589/2624/2589
f 2518/2552/2518 2590/2625/2590 2589/2624/2589
f 2518/2552/2518 2519/2553/2519 2590/2625/2590
f 2519/2553/2519 2591/2626/2591 2590/2625/2590
f 2519/2553/2519 2520/2554/2520 2591/2626/2591
f 2520/2554/2520 2592/2627/2592 2591/2626/2591
f 2520/2554/2520 2521/2555/2521 2592/2627/2592
f 2521/2555/2521 2593/2628/2593 2592/2627/2592
f 2521/2555/2521 2450/2556/2450 2593/2628/2593
f 2450/2556/2450 2522/2629/2522 2593/2628/2593
f 2522/2557/2522 2523/2558/2523 2594/2630/2594
f 2523/2558/2523 2595/2631/2595 2594/2630/2594
f 2523/2558/2523 2524/2559/2524 2595/2631/2595
f 2524/2559/2524 2596/2632/2596 2595/2631/2595
f 2524/2559/2524 2525/2560/2525 2596/2632/2596
f 2525/2560/2525 2597/2633/2597 2596/2632/2596
f 2525/2560/2525 2526/2561/2526 2597/2633/2597
f 2526/2561/2526 2598/2634/2598 2597/2633/2597
f 2526/2561/2526 2527/2562/2527 2598/2634/2598
f 2527/2562/2527 2599/2635/2599 2598/2634/2598
f 2527/2562/2527 2528/2563/2528 2599/2635/2599
f 2528/2563/2528 2600/2636/2600 2599/2635/2599
f 2528/2563/2528 2529/2564/2529 2600/2636/2600
f 2529/2564/2529 2601/2637/2601 2600/2636/2600
f 2529/2564/2529 2530/2565/2530 2601/2637/2601
f 2530/2565/2530 2602/2638/2602 2601/2637/2601
f 2530/2565/2530 2531/2566/2531 2602/2638/2602
f 2531/2566/2531 2603/2639/2603 2602/2638/2602
f 2531/2566/2531 2532/2567/2532 2603/2639/2603
f 2532/2567/2532 2604/2640/2604 2603/2639/2603
f 2532/2567/2532 2533/2568/2533 2604/2640/2604
f 2533/2568/2533 2605/2641/2605 2604/2640/2604
f 2533/2568/2533 2534/2569/2534 2605/2641/2605
f 2534/2569/2534 2606/2642/2606 2605/2641/2605
f 2534/2569/2534 2535/2570/2535 2606/2642/2606
f 2535/2570/2535 2607/2643/2607 2606/2642/2606
f 2535/2570/2535 2536/2571/2536 2607/2643/2607
f 2536/2571/2536 2608/2644/2608 2607/2643/2607
f 2536/2571/2536 2537/2572/2537 2608/2644/2608
f 2537/2572/2537 2609/2645/2609 2608/2644/2608
f 2537/2572/2537 2538/2573/2538 2609/2645/2609
f 2538/2573/2538 2610/2646/2610 2609/2645/2609
f 2538/2573/2538 2539/2574/2539 2610/2646/2610
f 2539/2574/2539 2611/2647/2611 2610/2646/2610
f 2539/2574/2539 2540/2575/2540 2611/2647/2611
f 2540/2575/2540 2612/2648/2612 2611/2647/2611
f 2540/2575/2540 2541/2576/2541 2612/2648/2612
f 2541/2576/2541 2613/2649/2613 2612/2648/2612
f 2541/2576/2541 2542/2577/2542 2613/2649/2613
f 2542/2577/2542 2614/2650/2614 2613/2649/2613
f 2542/2577/2542 2543/2578/2543 2614/2650/2614
f 2543/2578/2543 2615/2651/2615 2614/2650/2614
f 2543/2578/2543 2544/2579/2544 2615/2651/2615
f 2544/2579/2544 2616/2652/2616 2615/2651/2615
f 2544/2579/2544 2545/2580/2545 2616/2652/2616
f 2545/2580/2545 2617/2653/2617 2616/2652/2616
f 2545/2580/2545 2546/2581/2546 2617/2653/2617
f 2546/2581/2546 2618/2654/2618 2617/2653/2617
f 2546/2581/2546 2547/2582/2547 2618/2654/2618
f 2547/2582/2547 2619/2655/2619 2618/2654/2618
f 2547/2582/2547 2548/2583/2548 2619/2655/2619
f 2548/2583/2548 2620/2656/2620 2619/2655/2619
f 2548/2583/2548 2549/2584/2549 2620/2656/2620
f 2549/2584/2549 2621/2657/2621 2620/2656/2620
f 2549/2584/2549 2550/2585/2550 2621/2657/2621
f 2550/2585/2550 2622/2658/2622 2621/2657/2621
f 2550/2585/2550 2551/2586/2551 2622/2658/2622
f 2551/2586/2551 2623/2659/2623 2622/2658/2622
f 2551/2586/2551 2552/2587/2552 2623/2659/2623
f 2552/2587/2552 2624/2660/2624 2623/2659/2623
f 2552/2587/2552 2553/2588/2553 2624/2660/2624
f 2553/2588/2553 2625/2661/2625 2624/2660/2624
f 2553/2588/2553 2554/2589/2554 2625/2661/2625
f 2554/2589/2554 2626/2662/2626 2625/2661/2625
f 2554/2589/2554 2555/2590/2555 2626/2662/2626
f 2555/2590/2555 2627/2663/2627 2626/2662/2626
f 2555/2590/2555 2556/2591/2556 2627/2663/2627
f 2556/2591/2556 2628/2664/2628 2627/2663/2627
f 2556/2591/2556 2557/2592/2557 2628/2664/2628
f 2557/2592/2557 2629/2665/2629 2628/2664/2628
f 2557/2592/2557 2558/2593/2558 2629/2665/2629
f 2558/2593/2558 2630/2666/2630 2629/2665/2629
f 2558/2593/2558 2559/2594/2559 2630/2666/2630
f 2559/2594/2559 2631/2667/2631 2630/2666/2630
f 2559/2594/2559 2560/2595/2560 2631/2667/2631
f 2560/2595/2560 2632/2668/2632 2631/2667/2631
f 2560/2595/2560 2561/2596/2561 2632/2668/2632
f 2561/2596/2561 2633/2669/2633 2632/2668/2632
f 2561/2596/2561 2562/2597/2562 2633/2669/2633
f 2562/2597/2562 2634/2670/2634 2633/2669/2633
f 2562/2597/2562 2563/2598/2563 2634/2670/2634
f 2563/2598/2563 2635/2671/2635 2634/2670/2634
f 2563/2598/2563 2564/2599/2564 2635/2671/2635
f 2564/2599/2564 2636/2672/2636 2635/2671/2635
f 2564/2599/2564 2565/2600/2565 2636/2672/2636
f 2565/2600/2565 2637/2673/2637 2636/2672/2636
f 2565/2600/2565 2566/2601/2566 2637/2673/2637
f 2566/2601/2566 2638/2674/2638 2637/2673/2637
f 2566/2601/2566 2567/2602/2567 2638/2674/2638
f 2567/2602/2567 2639/2675/2639 2638/2674/2638
f 2567/2602/2567 2568/2603/2568 2639/2675/2639
f 2568/2603/2568 2640/2676/2640 2639/2675/2639
f 2568/2603/2568 2569/2604/2569 2640/2676/2640
f 2569/2604/2569 2641/2677/2641 2640/2676/2640
f 2569/2604/2569 2570/2605/2570 2641/2677/2641
f 2570/2605/2570 2642/2678/2642 2641/2677/2641
f 2570/2605/2570 2571/2606/2571 2642/2678/2642
f 2571/2606/2571 2643/2679/2643 2642/2678/2642
f 2571/2606/2571 2572/2607/2572 2643/2679/2643
f 2572/2607/2572 2644/2680/2644 2643/2679/2643
f 2572/2607/2572 2573/2608/2573 2644/2680/2644
f 2573/2608/2573 2645/2681/2645 2644/2680/2644
f 2573/2608/2573 2574/2609/2574 2645/2681/2645
f 2574/2609/2574 2646/2682/2646 2645/2681/2645
f 2574/2609/2574 2575/2610/2575 2646/2682/2646
f 2575/2610/2575 2647/2683/2647 2646/2682/2646
f 2575/2610/2575 2576/2611/2576 2647/2683/2647
f 2576/2611/2576 2648/2684/2648 2647/2683/2647
f 2576/2611/2576 2577/2612/2577 2648/2684/2648
f 2577/2612/2577 2649/2685/2649 2648/2684/2648
f 2577/2612/2577 2578/2613/2578 2649/2685/2649
f 2578/2613/2578 2650/2686/2650 2649/2685/2649
f 2578/2613/2578 2579/2614/2579 2650/2686/2650
f 2579/2614/2579 2651/2687/2651 2650/2686/2650
f 2579/2614/2579 2580/2615/2580 2651/2687/2651
f 2580/2615/2580 2652/2688/2652 2651/2687/2651
f 2580/2615/2580 2581/2616/2581 2652/2688/2652
f 2581/2616/2581 2653/2689/2653 2652/2688/2652
f 2581/2616/2581 2582/2617/2582 2653/2689/2653
f 2582/2617/2582 2654/2690/2654 2653/2689/2653
f 2582/2617/2582 2583/2618/2583 2654/2690/2654
f 2583/2618/2583 2655/2691/2655 2654/2690/2654
f 2583/2618/2583 2584/2619/2584 2655/2691/2655
f 2584/2619/2584 2656/2692/2656 2655/2691/2655
f 2584/2619/2584 2585/2620/2585 2656/2692/2656
f 2585/2620/2585 2657/2693/2657 2656/2692/2656
f 2585/2620/2585 2586/2621/2586 2657/2693/2657
f 2586/2621/2586 2658/2694/2658 2657/2693/2657
f 2586/2621/2586 2587/2622/2587 2658/2694/2658
f 2587/2622/2587 2659/2695/2659 2658/2694/2658
f 2587/2622/2587 2588/2623/2588 2659/2695/2659
f 2588/2623/2588 2660/2696/2660 2659/2695/2659
f 2588/2623/2588 2589/2624/2589 2660/2696/2660
f 2589/2624/2589 2661/2697/2661 2660/2696/2660
f 2589/2624/2589 2590/2625/2590 2661/2697/2661
f 2590/2625/2590 2662/2698/2662 2661/2697/2661
f 2590/2625/2590 2591/2626/2591 2662/2698/2662
f 2591/2626/2591 2663/2699/2663 2662/2698/2662
f 2591/2626/2591 2592/2627/2592 2663/2699/2663
f 2592/2627/2592 2664/2700/2664 2663/2699/2663
f 2592/2627/2592 2593/2628/2593 2664/2700/2664
f 2593/2628/2593 2665/2701/2665 2664/2700/2664
f 2593/2628/2593 2522/2629/2522 2665/2701/2665
f 2522/2629/2522 2594/2702/2594 2665/2701/2665
f 2594/2630/2594 2595/2631/2595 2666/2703/2666
f 2595/2631/2595 2667/2704/2667 2666/2703/2666
f 2595/2631/2595 2596/2632/2596 2667/2704/2667
f 2596/2632/2596 2668/2705/2668 2667/2704/2667
f 2596/2632/2596 2597/2633/2597 2668/2705/2668
f 2597/2633/2597 2669/2706/2669 2668/2705/2668
f 2597/2633/2597 2598/2634/2598 2669/2706/2669
f 2598/2634/2598 2670/2707/2670 2669/2706/2669
f 2598/2634/2598 2599/2635/2599 2670/2707/2670
f 2599/2635/2599 2671/2708/2671 2670/2707/2670
f 2599/2635/2599 2600/2636/2600 2671/2708/2671
f 2600/2636/2600 2672/2709/2672 2671/2708/2671
f 2600/2636/2600 2601/2637/2601 2672/2709/2672
f 2601/2637/2601 2673/2710/2673 2672/2709/2672
f 2601/2637/2601 2602/2638/2602 2673/2710/2673
f 2602/2638/2602 2674/2711/2674 2673/2710/2673
f 2602/2638/2602 2603/2639/2603 2674/2711/2674
f 2603/2639/2603 2675/2712/2675 2674/2711/2674
f 2603/2639/2603 2604/2640/2604 2675/2712/2675
f 2604/2640/2604 2676/2713/2676 2675/2712/2675
f 2604/2640/2604 2605/2641/2605 2676/2713/2676
f 2605/2641/2605 2677/2714/2677 2676/2713/2676
f 2605/2641/2605 2606/2642/2606 2677/2714/2677
f 2606/2642/2606 2678/2715/2678 2677/2714/2677
f 2606/2642/2606 2607/2643/2607 2678/2715/2678
f 2607/2643/2607 2679/2716/2679 2678/2715/2678
f 2607/2643/2607 2608/2644/2608 2679/2716/2679
f 2608/2644/2608 2680/2717/2680 2679/2716/2679
f 2608/2644/2608 2609/2645/2609 2680/2717/2680
f 2609/2645/2609 2681/2718/2681 2680/2717/2680
f 2609/2645/2609 2610/2646/2610 2681/2718/2681
f 2610/2646/2610 2682/2719/2682 2681/2718/2681
f 2610/2646/2610 2611/2647/2611 2682/2719/2682
f 2611/2647/2611 2683/2720/2683 2682/2719/2682
f 2611/2647/2611 2612/2648/2612 2683/2720/2683
f 2612/2648/2612 2684/2721/2684 2683/2720/2683
f 2612/2648/2612 2613/2649/2613 2684/2721/2684
f 2613/2649/2613 2685/2722/2685 2684/2721/2684
f 2613/2649/2613 2614/2650/2614 2685/2722/2685
f 2614/2650/2614 2686/2723/2686 2685/2722/2685
f 2614/2650/2614 2615/2651/2615 2686/2723/2686
f 2615/2651/2615 2687/2724/2687 2686/2723/2686
f 2615/2651/2615 2616/2652/2616 2687/2724/2687
f 2616/2652/2616 2688/2725/2688 2687/2724/2687
f 2616/2652/2616 2617/2653/2617 2688/2725/2688
f 2617/2653/2617 2689/2726/2689 2688/2725/2688
f 2617/2653/2617 2618/2654/2618 2689/2726/2689
f 2618/2654/2618 2690/2727/2690 2689/2726/2689
f 2618/2654/2618 2619/2655/2619 2690/2727/2690
f 2619/2655/2619 2691/2728/2691 2690/2727/2690
f 2619/2655/2619 2620/2656/2620 2691/2728/2691
f 2620/2656/2620 2692/2729/2692 2691/2728/2691
f 2620/2656/2620 2621/2657/2621 2692/2729/2692
f 2621/2657/2621 2693/2730/2693 2692/2729/2692
f 2621/2657/2621 2622/2658/2622 2693/2730/2693
f 2622/2658/2622 2694/2731/2694 2693/2730/2693
f 2622/2658/2622 2623/2659/2623 2694/2731/2694
f 2623/2659/2623 2695/2732/2695 2694/2731/2694
f 2623/2659/2623 2624/2660/2624 2695/2732/2695
f 2624/2660/2624 2696/2733/2696 2695/2732/2695
f 2624/2660/2624 2625/2661/2625 2696/2733/2696
f 2625/2661/2625 2697/2734/2697 2696/2733/2696
f 2625/2661/2625 2626/2662/2626 2697/2734/2697
f 2626/2662/2626 2698/2735/2698 2697/2734/2697
f 2626/2662/2626 2627/2663/2627 2698/2735/2698
f 2627/2663/2627 2699/2736/2699 2698/2735/2698
f 2627/2663/2627 2628/2664/2628 2699/2736/2699
f 2628/2664/2628 2700/2737/2700 2699/2736/2699
f 2628/2664/2628 2629/2665/2629 2700/2737/2700
f 2629/2665/2629 2701/2738/2701 2700/2737/2700
f 2629/2665/2629 2630/2666/2630 2701/2738/2701
f 2630/2666/2630 2702/2739/2702 2701/2738/2701
f 2630/2666/2630 2631/2667/2631 2702/2739/2702
f 2631/2667/2631 2703/2740/2703 2702/2739/2702
f 2631/2667/2631 2632/2668/2632 2703/2740/2703
f 2632/2668/2632 2704/2741/2704 2703/2740/2703
f 2632/2668/2632 2633/2669/2633 2704/2741/2704
f 2633/2669/2633 2705/2742/2705 2704/2741/2704
f 2633/2669/2633 2634/2670/2634 2705/2742/2705
f 2634/2670/2634 2706/2743/2706 2705/2742/2705
f 2634/2670/2634 2635/2671/2635 2706/2743/2706
f 2635/2671/2635 2707/2744/2707 2706/2743/2706
f 2635/2671/2635 2636/2672/2636 2707/2744/2707
f 2636/2672/2636 2708/2745/2708 2707/2744/2707
f 2636/2672/2636 2637/2673/2637 2708/2745/2708
f 2637/2673/2637 2709/2746/2709 2708/2745/2708
f 2637/2673/2637 2638/2674/2638 2709/2746/2709
f 2638/2674/2638 2710/2747/2710 2709/2746/2709
f 2638/2674/2638 2639/2675/2639 2710/2747/2710
f 2639/2675/2639 2711/2748/2711 2710/2747/2710
f 2639/2675/2639 2640/2676/2640 2711/2748/2711
f 2640/2676/2640 2712/2749/2712 2711/2748/2711
f 2640/2676/2640 2641/2677/2641 2712/2749/2712
f 2641/2677/2641 2713/2750/2713 2712/2749/2712
f 2641/2677/2641 2642/2678/2642 2713/2750/2713
f 2642/2678/2642 2714/2751/2714 2713/2750/2713
f 2642/2678/2642 2643/2679/2643 2714/2751/2714
f 2643/2679/2643 2715/2752/2715 2714/2751/2714
f 2643/2679/2643 2644/2680/2644 2715/2752/2715
f 2644/2680/2644 2716/2753/2716 2715/2752/2715
f 2644/2680/2644 2645/2681/2645 2716/2753/2716
f 2645/2681/2645 2717/2754/2717 2716/2753/2716
f 2645/2681/2645 2646/2682/2646 2717/2754/2717
f 2646/2682/2646 2718/2755/2718 2717/2754/2717
f 2646/2682/2646 2647/2683/2647 2718/2755/2718
f 2647/2683/2647 2719/2756/2719 2718/2755/2718
f 2647/2683/2647 2648/2684/2648 2719/2756/2719
f 2648/2684/2648 2720/2757/2720 2719/2756/2719
f 2648/2684/2648 2649/2685/2649 2720/2757/2720
f 2649/2685/2649 2721/2758/2721 2720/2757/2720
f 2649/2685/2649 2650/2686/2650 2721/2758/2721
f 2650/2686/2650 2722/2759/2722 2721/2758/2721
f 2650/2686/2650 2651/2687/2651 2722/2759/2722
f 2651/2687/2651 2723/2760/2723 2722/2759/2722
f 2651/2687/2651 2652/2688/2652 2723/2760/2723
f 2652/2688/2652 2724/2761/2724 2723/2760/2723
f 2652/2688/2652 2653/2689/2653 2724/2761/2724
f 2653/2689/2653 2725/2762/2725 2724/2761/2724
f 2653/2689/2653 2654/2690/2654 2725/2762/2725
f 2654/2690/2654 2726/2763/2726 2725/2762/2725
f 2654/2690/2654 2655/2691/2655 2726/2763/2726
f 2655/2691/2655 2727/2764/2727 2726/2763/2726
f 2655/2691/2655 2656/2692/2656 2727/2764/2727
f 2656/2692/2656 2728/2765/2728 2727/2764/2727
f 2656/2692/2656 2657/2693/2657 2728/2765/2728
f 2657/2693/2657 2729/2766/2729 2728/2765/2728
f 2657/2693/2657 2658/2694/2658 2729/2766/2729
f 2658/2694/2658 2730/2767/2730 2729/2766/2729
f 2658/2694/2658 2659/2695/2659 2730/2767/2730
f 2659/2695/2659 2731/2768/2731 2730/2767/2730
f 2659/2695/2659 2660/2696/2660 2731/2768/2731
f 2660/2696/2660 2732/2769/2732 2731/2768/2731
f 2660/2696/2660 2661/2697/2661 2732/2769/2732
f 2661/2697/2661 2733/2770/2733 2732/2769/2732
f 2661/2697/2661 2662/2698/2662 2733/2770/2733
f 2662/2698/2662 2734/2771/2734 2733/2770/2733
f 2662/2698/2662 2663/2699/2663 2734/2771/2734
f 2663/2699/2663 2735/2772/2735 2734/2771/2734
f 2663/2699/2663 2664/2700/2664 2735/2772/2735
f 2664/2700/2664 2736/2773/2736 2735/2772/2735
f 2664/2700/2664 2665/2701/2665 2736/2773/2736
f 2665/2701/2665 2737/2774/2737 2736/2773/2736
f 2665/2701/2665 2594/2702/2594 2737/2774/2737
f 2594/2702/2594 2666/2775/2666 2737/2774/2737
f 2666/2703/2666 2667/2704/2667 2738/2776/2738
f 2667/2704/2667 2739/2777/2739 2738/2776/2738
f 2667/2704/2667 2668/2705/2668 2739/2777/2739
f 2668/2705/2668 2740/2778/2740 2739/2777/2739
f 2668/2705/2668 2669/2706/2669 2740/2778/2740
f 2669/2706/2669 2741/2779/2741 2740/2778/2740
f 2669/2706/2669 2670/2707/2670 2741/2779/2741
f 2670/2707/2670 2742/2780/2742 2741/2779/2741
f 2670/2707/2670 2671/2708/2671 2742/2780/2742
f 2671/2708/2671 2743/2781/2743 2742/2780/2742
f 2671/2708/2671 2672/2709/2672 2743/2781/2743
f 2672/2709/2672 2744/2782/2744 2743/2781/2743
f 2672/2709/2672 2673/2710/2673 2744/2782/2744
f 2673/2710/2673 2745/2783/2745 2744/2782/2744
f 2673/2710/2673 2674/2711/2674 2745/2783/2745
f 2674/2711/2674 2746/2784/2746 2745/2783/2745
f 2674/2711/2674 2675/2712/2675 2746/2784/2746
f 2675/2712/2675 2747/2785/2747 2746/2784/2746
f 2675/2712/2675 2676/2713/2676 2747/2785/2747
f 2676/2713/2676 2748/2786/2748 2747/2785/2747
f 2676/2713/2676 2677/2714/2677 2748/2786/2748
f 2677/2714/2677 2749/2787/2749 2748/2786/2748
f 2677/2714/2677 2678/2715/2678 2749/2787/2749
f 2678/2715/2678 2750/2788/2750 2749/2787/2749
f 2678/2715/2678 2679/2716/2679 2750/2788/2750
f 2679/2716/2679 2751/2789/2751 2750/2788/2750
f 2679/2716/2679 2680/2717/2680 2751/2789/2751
f 2680/2717/2680 2752/2790/2752 2751/2789/2751
f 2680/2717/2680 2681/2718/2681 2752/2790/2752
f 2681/2718/2681 2753/2791/2753 2752/2790/2752
f 2681/2718/2681 2682/2719/2682 2753/2791/2753
f 2682/2719/2682 2754/2792/2754 2753/2791/2753
f 2682/2719/2682 2683/2720/2683 2754/2792/2754
f 2683/2720/2683 2755/2793/2755 2754/2792/2754
f 2683/2720/2683 2684/2721/2684 2755/2793/2755
f 2684/2721/2684 2756/2794/2756 2755/2793/2755
f 2684/2721/2684 2685/2722/2685 2756/2794/2756
f 2685/2722/2685 2757/2795/2757 2756/2794/2756
f 2685/2722/2685 2686/2723/2686 2757/2795/2757
f 2686/2723/2686 2758/2796/2758 2757/2795/2757
f 2686/2723/2686 2687/2724/2687 2758/2796/2758
f 2687/2724/2687 2759/2797/2759 2758/2796/2758
f 2687/2724/2687 2688/2725/2688 2759/2797/2759
f 2688/2725/2688 2760/2798/2760 2759/2797/2759
f 2688/2725/2688 2689/2726/2689 2760/2798/2760
f 2689/2726/2689 2761/2799/2761 2760/2798/2760
f 2689/2726/2689 2690/2727/2690 2761/2799/2761
f 2690/2727/2690 2762/2800/2762 2761/2799/2761
f 2690/2727/2690 2691/2728/2691 2762/2800/2762
f 2691/2728/2691 2763/2801/2763 2762/2800/2762
f 2691/2728/2691 2692/2729/2692 2763/2801/2763
f 2692/2729/2692 2764/2802/2764 2763/2801/2763
f 2692/2729/2692 2693/2730/2693 2764/2802/2764
f 2693/2730/2693 2765/2803/2765 2764/2802/2764
f 2693/2730/2693 2694/2731/2694 2765/2803/2765
f 2694/2731/2694 2766/2804/2766 2765/2803/2765
f 2694/2731/2694 2695/2732/2695 2766/2804/2766
f 2695/2732/2695 2767/2805/2767 2766/2804/2766
f 2695/2732/2695 2696/2733/2696 2767/2805/2767
f 2696/2733/2696 2768/2806/2768 2767/2805/2767
f 2696/2733/2696 2697/2734/2697 2768/2806/2768
f 2697/2734/2697 2769/2807/2769 2768/2806/2768
f 2697/2734/2697 2698/2735/2698 2769/2807/2769
f 2698/2735/2698 2770/2808/2770 2769/2807/2769
f 2698/2735/2698 2699/2736/2699 2770/2808/2770
f 2699/2736/2699 2771/2809/2771 2770/2808/2770
f 2699/2736/2699 2700/2737/2700 2771/2809/2771
f 2700/2737/2700 2772/2810/2772 2771/2809/2771
f 2700/2737/2700 2701/2738/2701 2772/2810/2772
f 2701/2738/2701 2773/2811/2773 2772/2810/2772
f 2701/2738/2701 2702/2739/2702 2773/2811/2773
f 2702/2739/2702 2774/2812/2774 2773/2811/2773
f 2702/2739/2702 2703/2740/2703 2774/2812/2774
f 2703/2740/2703 2775/2813/2775 2774/2812/2774
f 2703/2740/2703 2704/2741/2704 2775/2813/2775
f 2704/2741/2704 2776/2814/2776 2775/2813/2775
f 2704/2741/2704 2705/2742/2705 2776/2814/2776
f 2705/2742/2705 2777/2815/2777 2776/2814/2776
f 2705/2742/2705 2706/2743/2706 2777/2815/2777
f 2706/2743/2706 2778/2816/2778 2777/2815/2777
f 2706/2743/2706 2707/2744/2707 2778/2816/2778
f 2707/2744/2707 2779/2817/2779 2778/2816/2778
f 2707/2744/2707 2708/2745/2708 2779/2817/2779
f 2708/2745/2708 2780/2818/2780 2779/2817/2779
f 2708/2745/2708 2709/2746/2709 2780/2818/2780
f 2709/2746/2709 2781/2819/2781 2780/2818/2780
f 2709/2746/2709 2710/2747/2710 2781/2819/2781
f 2710/2747/2710 2782/2820/2782 2781/2819/2781
f 2710/2747/2710 2711/2748/2711 2782/2820/2782
f 2711/2748/2711 2783/2821/2783 2782/2820/2782
f 2711/2748/2711 2712/2749/2712 2783/2821/2783
f 2712/2749/2712 2784/2822/2784 2783/2821/2783
f 2712/2749/2712 2713/2750/2713 2784/2822/2784
f 2713/2750/2713 2785/2823/2785 2784/2822/2784
f 2713/2750/2713 2714/2751/2714 2785/2823/2785
f 2714/2751/2714 2786/2824/2786 2785/2823/2785
f 2714/2751/2714 2715/2752/2715 2786/2824/2786
f 2715/2752/2715 2787/2825/2787 2786/2824/2786
f 2715/2752/2715 2716/2753/2716 2787/2825/2787
f 2716/2753/2716 2788/2826/2788 2787/2825/2787
f 2716/2753/2716 2717/2754/2717 2788/2826/2788
f 2717/2754/2717 2789/2827/2789 2788/2826/2788
f 2717/2754/2717 2718/2755/2718 2789/2827/2789
f 2718/2755/2718 2790/2828/2790 2789/2827/2789
f 2718/2755/2718 2719/2756/2719 2790/2828/2790
f 2719/2756/2719 2791/2829/2791 2790/2828/2790
f 2719/2756/2719 2720/2757/2720 2791/2829/2791
f 2720/2757/2720 2792/2830/2792 2791/2829/2791
f 2720/2757/2720 2721/2758/2721 2792/2830/2792
f 2721/2758/2721 2793/2831/2793 2792/2830/2792
f 2721/2758/2721 2722/2759/2722 2793/2831/2793
f 2722/2759/2722 2794/2832/2794 2793/2831/2793
f 2722/2759/2722 2723/2760/2723 2794/2832/2794
f 2723/2760/2723 2795/2833/2795 2794/2832/2794
f 2723/2760/2723 2724/2761/2724 2795/2833/2795
f 2724/2761/2724 2796/2834/2796 2795/2833/2795
f 2724/2761/2724 2725/2762/2725 2796/2834/2796
f 2725/2762/2725 2797/2835/2797 2796/2834/2796
f 2725/2762/2725 2726/2763/2726 2797/2835/2797
f 2726/2763/2726 2798/2836/2798 2797/2835/2797
f 2726/2763/2726 2727/2764/2727 2798/2836/2798
f 2727/2764/2727 2799/2837/2799 2798/2836/2798
f 2727/2764/2727 2728/2765/2728 2799/2837/2799
f 2728/2765/2728 2800/2838/2800 2799/2837/2799
f 2728/2765/2728 2729/2766/2729 2800/2838/2800
f 2729/2766/2729 2801/2839/2801 2800/2838/2800
f 2729/2766/2729 2730/2767/2730 2801/2839/2801
f 2730/2767/2730 2802/2840/2802 2801/2839/2801
f 2730/2767/2730 2731/2768/2731 2802/2840/2802
f 2731/2768/2731 2803/2841/2803 2802/2840/2802
f 2731/2768/2731 2732/2769/2732 2803/2841/2803
f 2732/2769/2732 2804/2842/2804 2803/2841/2803
f 2732/2769/2732 2733/2770/2733 2804/2842/2804
f 2733/2770/2733 2805/2843/2805 2804/2842/2804
f 2733/2770/2733 2734/2771/2734 2805/2843/2805
f 2734/2771/2734 2806/2844/2806 2805/2843/2805
f 2734/2771/2734 2735/2772/2735 2806/2844/2806
f 2735/2772/2735 2807/2845/2807 2806/2844/2806
f 2735/2772/2735 2736/2773/2736 2807/2845/2807
f 2736/2773/2736 2808/2846/2808 2807/2845/2807
f 2736/2773/2736 2737/2774/2737 2808/2846/2808
f 2737/2774/2737 2809/2847/2809 2808/2846/2808
f 2737/2774/2737 2666/2775/2666 2809/2847/2809
f 2666/2775/2666 2738/2848/2738 2809/2847/2809
f 2738/2776/2738 2739/2777/2739 2810/2849/2810
f 2739/2777/2739 2811/2850/2811 2810/2849/2810
f 2739/2777/2739 2740/2778/2740 2811/2850/2811
f 2740/2778/2740 2812/2851/2812 2811/2850/2811
f 2740/2778/2740 2741/2779/2741 2812/2851/2812
f 2741/2779/2741 2813/2852/2813 2812/2851/2812
f 2741/2779/2741 2742/2780/2742 2813/2852/2813
f 2742/2780/2742 2814/2853/2814 2813/2852/2813
f 2742/2780/2742 2743/2781/2743 2814/2853/2814
f 2743/2781/2743 2815/2854/2815 2814/2853/2814
f 2743/2781/2743 2744/2782/2744 2815/2854/2815
f 2744/2782/2744 2816/2855/2816 2815/2854/2815
f 2744/2782/2744 2745/2783/2745 2816/2855/2816
f 2745/2783/2745 2817/2856/2817 2816/2855/2816
f 2745/2783/2745 2746/2784/2746 2817/2856/2817
f 2746/2784/2746 2818/2857/2818 2817/2856/2817
f 2746/2784/2746 2747/2785/2747 2818/2857/2818
f 2747/2785/2747 2819/2858/2819 2818/2857/2818
f 2747/2785/2747 2748/2786/2748 2819/2858/2819
f 2748/2786/2748 2820/2859/2820 2819/2858/2819
f 2748/2786/2748 2749/2787/2749 2820/2859/2820
f 2749/2787/2749 2821/2860/2821 2820/2859/2820
f 2749/2787/2749 2750/2788/2750 2821/2860/2821
f 2750/2788/2750 2822/2861/2822 2821/2860/2821
f 2750/2788/2750 2751/2789/2751 2822/2861/2822
f 2751/2789/2751 2823/2862/2823 2822/2861/2822
f 2751/2789/2751 2752/2790/2752 2823/2862/2823
f 2752/2790/2752 2824/2863/2824 2823/2862/2823
f 2752/2790/2752 2753/2791/2753 2824/2863/2824
f 2753/2791/2753 2825/2864/2825 2824/2863/2824
f 2753/2791/2753 2754/2792/2754 2825/2864/2825
f 2754/2792/2754 2826/2865/2826 2825/2864/2825
f 2754/2792/2754 2755/2793/2755 2826/2865/2826
f 2755/2793/2755 2827/2866/2827 2826/2865/2826
f 2755/2793/2755 2756/2794/2756 2827/2866/2827
f 2756/2794/2756 2828/2867/2828 2827/2866/2827
f 2756/2794/2756 2757/2795/2757 2828/2867/2828
f 2757/2795/2757 2829/2868/2829 2828/2867/2828
f 2757/2795/2757 2758/2796/2758 2829/2868/2829
f 2758/2796/2758 2830/2869/2830 2829/2868/2829
f 2758/2796/2758 2759/2797/2759 2830/2869/2830
f 2759/2797/2759 2831/2870/2831 2830/2869/2830
f 2759/2797/2759 2760/2798/2760 2831/2870/2831
f 2760/2798/2760 2832/2871/2832 2831/2870/2831
f 2760/2798/2760 2761/2799/2761 2832/2871/2832
f 2761/2799/2761 2833/2872/2833 2832/2871/2832
f 2761/2799/2761 2762/2800/2762 2833/2872/2833
f 2762/2800/2762 2834/2873/2834 2833/2872/2833
f 2762/2800/2762 2763/2801/2763 2834/2873/2834
f 2763/2801/2763 2835/2874/2835 2834/2873/2834
f 2763/2801/2763 2764/2802/2764 2835/2874/2835
f 2764/2802/2764 2836/2875/2836 2835/2874/2835
f 2764/2802/2764 2765/2803/2765 2836/2875/2836
f 2765/2803/2765 2837/2876/2837 2836/2875/2836
f 2765/2803/2765 2766/2804/2766 2837/2876/2837
f 2766/2804/2766 2838/2877/2838 2837/2876/2837
f 2766/2804/2766 2767/2805/2767 2838/2877/2838
f 2767/2805/2767 2839/2878/2839 2838/2877/2838
f 2767/2805/2767 2768/2806/2768 2839/2878/2839
f 2768/2806/2768 2840/2879/2840 2839/2878/2839
f 2768/2806/2768 2769/2807/2769 2840/2879/2840
f 2769/2807/2769 2841/2880/2841 2840/2879/2840
f 2769/2807/2769 2770/2808/2770 2841/2880/2841
f 2770/2808/2770 2842/2881/2842 2841/2880/2841
f 2770/2808/2770 2771/2809/2771 2842/2881/2842
f 2771/2809/2771 2843/2882/2843 2842/2881/2842
f 2771/2809/2771 2772/2810/2772 2843/2882/2843
f 2772/2810/2772 2844/2883/2844 2843/2882/2843
f 2772/2810/2772 2773/2811/2773 2844/2883/2844
f 2773/2811/2773 2845/2884/2845 2844/2883/2844
f 2773/2811/2773 2774/2812/2774 2845/2884/2845
f 2774/2812/2774 2846/2885/2846 2845/2884/2845
f 2774/2812/2774 2775/2813/2775 2846/2885/2846
f 2775/2813/2775 2847/2886/2847 2846/2885/2846
f 2775/2813/2775 2776/2814/2776 2847/2886/2847
f 2776/2814/2776 2848/2887/2848 2847/2886/2847
f 2776/2814/2776 2777/2815/2777 2848/2887/2848
f 2777/2815/2777 2849/2888/2849 2848/2887/2848
f 2777/2815/2777 2778/2816/2778 2849/2888/2849
f 2778/2816/2778 2850/2889/2850 2849/2888/2849
f 2778/2816/2778 2779/2817/2779 2850/2889/2850
f 2779/2817/2779 2851/2890/2851 2850/2889/2850
f 2779/2817/2779 2780/2818/2780 2851/2890/2851
f 2780/2818/2780 2852/2891/2852 2851/2890/2851
f 2780/2818/2780 2781/2819/2781 2852/2891/2852
f 2781/2819/2781 2853/2892/2853 2852/2891/2852
f 2781/2819/2781 2782/2820/2782 2853/2892/2853
f 2782/2820/2782 2854/2893/2854 2853/2892/2853
f 2782/2820/2782 2783/2821/2783 2854/2893/2854
f 2783/2821/2783 2855/2894/2855 2854/2893/2854
f 2783/2821/2783 2784/2822/2784 2855/2894/2855
f 2784/2822/2784 2856/2895/2856 2855/2894/2855
f 2784/2822/2784 2785/2823/2785 2856/2895/2856
f 2785/2823/2785 2857/2896/2857 2856/2895/2856
f 2785/2823/2785 2786/2824/2786 2857/2896/2857
f 2786/2824/2786 2858/2897/2858 2857/2896/2857
f 2786/2824/2786 2787/2825/2787 2858/2897/2858
f 2787/2825/2787 2859/2898/2859 2858/2897/2858
f 2787/2825/2787 2788/2826/2788 2859/2898/2859
f 2788/2826/2788 2860/2899/2860 2859/2898/2859
f 2788/2826/2788 2789/2827/2789 2860/2899/2860
f 2789/2827/2789 2861/2900/2861 2860/2899/2860
f 2789/2827/2789 2790/2828/2790 2861/2900/2861
f 2790/2828/2790 2862/2901/2862 2861/2900/2861
f 2790/2828/2790 2791/2829/2791 2862/2901/2862
f 2791/2829/2791 2863/2902/2863 2862/2901/2862
f 2791/2829/2791 2792/2830/2792 2863/2902/2863
f 2792/2830/2792 2864/2903/2864 2863/2902/2863
f 2792/2830/2792 2793/2831/2793 2864/2903/2864
f 2793/2831/2793 2865/2904/2865 2864/2903/2864
f 2793/2831/2793 2794/2832/2794 2865/2904/2865
f 2794/2832/2794 2866/2905/2866 2865/2904/2865
f 2794/2832/2794 2795/2833/2795 2866/2905/2866
f 2795/2833/2795 2867/2906/2867 2866/2905/2866
f 2795/2833/2795 2796/2834/2796 2867/2906/2867
f 2796/2834/2796 2868/2907/2868 2867/2906/2867
f 2796/2834/2796 2797/2835/2797 2868/2907/2868
f 2797/2835/2797 2869/2908/2869 2868/2907/2868
f 2797/2835/2797 2798/2836/2798 2869/2908/2869
f 2798/2836/2798 2870/2909/2870 2869/2908/2869
f 2798/2836/2798 2799/2837/2799 2870/2909/2870
f 2799/2837/2799 2871/2910/2871 2870/2909/2870
f 2799/2837/2799 2800/2838/2800 2871/2910/2871
f 2800/2838/2800 2872/2911/2872 2871/2910/2871
f 2800/2838/2800 2801/2839/2801 2872/2911/2872
f 2801/2839/2801 2873/2912/2873 2872/2911/2872
f 2801/2839/2801 2802/2840/2802 2873/2912/2873
f 2802/2840/2802 2874/2913/2874 2873/2912/2873
f 2802/2840/2802 2803/2841/2803 2874/2913/2874
f 2803/2841/2803 2875/2914/2875 2874/2913/2874
f 2803/2841/2803 2804/2842/2804 2875/2914/2875
f 2804/2842/2804 2876/2915/2876 2875/2914/2875
f 2804/2842/2804 2805/2843/2805 2876/2915/2876
f 2805/2843/2805 2877/2916/2877 2876/2915/2876
f 2805/2843/2805 2806/2844/2806 2877/2916/2877
f 2806/2844/2806 2878/2917/2878 2877/2916/2877
f 2806/2844/2806 2807/2845/2807 2878/2917/2878
f 2807/2845/2807 2879/2918/2879 2878/2917/2878
f 2807/2845/2807 2808/2846/2808 2879/2918/2879
f 2808/2846/2808 2880/2919/2880 2879/2918/2879
f 2808/2846/2808 2809/2847/2809 2880/2919/2880
f 2809/2847/2809 2881/2920/2881 2880/2919/2880
f 2809/2847/2809 2738/2848/2738 2881/2920/2881
f 2738/2848/2738 2810/2921/2810 2881/2920/2881
f 2810/2849/2810 2811/2850/2811 2882/2922/2882
f 2811/2850/2811 2883/2923/2883 2882/2922/2882
f 2811/2850/2811 2812/2851/2812 2883/2923/2883
f 2812/2851/2812 2884/2924/2884 2883/2923/2883
f 2812/2851/2812 2813/2852/2813 2884/2924/2884
f 2813/2852/2813 2885/2925/2885 2884/2924/2884
f 2813/2852/2813 2814/2853/2814 2885/2925/2885
f 2814/2853/2814 2886/2926/2886 2885/2925/2885
f 2814/2853/2814 2815/2854/2815 2886/2926/2886
f 2815/2854/2815 2887/2927/2887 2886/2926/2886
f 2815/2854/2815 2816/2855/2816 2887/2927/2887
f 2816/2855/2816 2888/2928/2888 2887/2927/2887
f 2816/2855/2816 2817/2856/2817 2888/2928/2888
f 2817/2856/2817 2889/2929/2889 2888/2928/2888
f 2817/2856/2817 2818/2857/2818 2889/2929/2889
f 2818/2857/2818 2890/2930/2890 2889/2929/2889
f 2818/2857/2818 2819/2858/2819 2890/2930/2890
f 2819/2858/2819 2891/2931/2891 2890/2930/2890
f 2819/2858/2819 2820/2859/2820 2891/2931/2891
f 2820/2859/2820 2892/2932/2892 2891/2931/2891
f 2820/2859/2820 2821/2860/2821 2892/2932/2892
f 2821/2860/2821 2893/2933/2893 2892/2932/2892
f 2821/2860/2821 2822/2861/2822 2893/2933/2893
f 2822/2861/2822 2894/2934/2894 2893/2933/2893
f 2822/2861/2822 2823/2862/2823 2894/2934/2894
f 2823/2862/2823 2895/2935/2895 2894/2934/2894
f 2823/2862/2823 2824/2863/2824 2895/2935/2895
f 2824/2863/2824 2896/2936/2896 2895/2935/2895
f 2824/2863/2824 2825/2864/2825 2896/2936/2896
f 2825/2864/2825 2897/2937/2897 2896/2936/2896
f 2825/2864/2825 2826/2865/2826 2897/2937/2897
f 2826/2865/2826 2898/2938/2898 2897/2937/2897
f 2826/2865/2826 2827/2866/2827 2898/2938/2898
f 2827/2866/2827 2899/2939/2899 2898/2938/2898
f 2827/2866/2827 2828/2867/2828 2899/2939/2899
f 2828/2867/2828 2900/2940/2900 2899/2939/2899
f 2828/2867/2828 2829/2868/2829 2900/2940/2900
f 2829/2868/2829 2901/2941/2901 2900/2940/2900
f 2829/2868/2829 2830/2869/2830 2901/2941/2901
f 2830/2869/2830 2902/2942/2902 2901/2941/2901
f 2830/2869/2830 2831/2870/2831 2902/2942/2902
f 2831/2870/2831 2903/2943/2903 2902/2942/2902
f 2831/2870/2831 2832/2871/2832 2903/2943/2903
f 2832/2871/2832 2904/2944/2904 2903/2943/2903
f 2832/2871/2832 2833/2872/2833 2904/2944/2904
f 2833/2872/2833 2905/2945/2905 2904/2944/2904
f 2833/2872/2833 2834/2873/2834 2905/2945/2905
f 2834/2873/2834 2906/2946/2906 2905/2945/2905
f 2834/2873/2834 2835/2874/2835 2906/2946/2906
f 2835/2874/2835 2907/2947/2907 2906/2946/2906
f 2835/2874/2835 2836/2875/2836 2907/2947/2907
f 2836/2875/2836 2908/2948/2908 2907/2947/2907
f 2836/2875/2836 2837/2876/2837 2908/2948/2908
f 2837/2876/2837 2909/2949/2909 2908/2948/2908
f 2837/2876/2837 2838/2877/2838 2909/2949/2909
f 2838/2877/2838 2910/2950/2910 2909/2949/2909
f 2838/2877/2838 2839/2878/2839 2910/2950/2910
f 2839/2878/2839 2911/2951/2911 2910/2950/2910
f 2839/2878/2839 2840/2879/2840 2911/2951/2911
f 2840/2879/2840 2912/2952/2912 2911/2951/2911
f 2840/2879/2840 2841/2880/2841 2912/2952/2912
f 2841/2880/2841 2913/2953/2913 2912/2952/2912
f 2841/2880/2841 2842/2881/2842 2913/2953/2913
f 2842/2881/2842 2914/2954/2914 2913/2953/2913
f 2842/2881/2842 2843/2882/2843 2914/2954/2914
f 2843/2882/2843 2915/2955/2915 2914/2954/2914
f 2843/2882/2843 2844/2883/2844 2915/2955/2915
f 2844/2883/2844 2916/2956/2916 2915/2955/2915
f 2844/2883/2844 2845/2884/2845 2916/2956/2916
f 2845/2884/2845 2917/2957/2917 2916/2956/2916
f 2845/2884/2845 2846/2885/2846 2917/2957/2917
f 2846/2885/2846 2918/2958/2918 2917/2957/2917
f 2846/2885/2846 2847/2886/2847 2918/2958/2918
f 2847/2886/2847 2919/2959/2919 2918/2958/2918
f 2847/2886/2847 2848/2887/2848 2919/2959/2919
f 2848/2887/2848 2920/2960/2920 2919/2959/2919
f 2848/2887/2848 2849/2888/2849 2920/2960/2920
f 2849/2888/2849 2921/2961/2921 2920/2960/2920
f 2849/2888/2849 2850/2889/2850 2921/2961/2921
f 2850/2889/2850 2922/2962/2922 2921/2961/2921
f 2850/2889/2850 2851/2890/2851 2922/2962/2922
f 2851/2890/2851 2923/2963/2923 2922/2962/2922
f 2851/2890/2851 2852/2891/2852 2923/2963/2923
f 2852/2891/2852 2924/2964/2924 2923/2963/2923
f 2852/2891/2852 2853/2892/2853 2924/2964/2924
f 2853/2892/2853 2925/2965/2925 2924/2964/2924
f 2853/2892/2853 2854/2893/2854 2925/2965/2925
f 2854/2893/2854 2926/2966/2926 2925/2965/2925
f 2854/2893/2854 2855/2894/2855 2926/2966/2926
f 2855/2894/2855 2927/2967/2927 2926/2966/2926
f 2855/2894/2855 2856/2895/2856 2927/2967/2927
f 2856/2895/2856 2928/2968/2928 2927/2967/2927
f 2856/2895/2856 2857/2896/2857 2928/2968/2928
f 2857/2896/2857 2929/2969/2929 2928/2968/2928
f 2857/2896/2857 2858/2897/2858 2929/2969/2929
f 2858/2897/2858 2930/2970/2930 2929/2969/2929
f 2858/2897/2858 2859/2898/2859 2930/2970/2930
f 2859/2898/2859 2931/2971/2931 2930/2970/2930
f 2859/2898/2859 2860/2899/2860 2931/2971/2931
f 2860/2899/2860 2932/2972/2932 2931/2971/2931
f 2860/2899/2860 2861/2900/2861 2932/2972/2932
f 2861/2900/2861 2933/2973/2933 2932/2972/2932
f 2861/2900/2861 2862/2901/2862 2933/2973/2933
f 2862/2901/2862 2934/2974/2934 2933/2973/2933
f 2862/2901/2862 2863/2902/2863 2934/2974/2934
f 2863/2902/2863 2935/2975/2935 2934/2974/2934
f 2863/2902/2863 2864/2903/2864 2935/2975/2935
f 2864/2903/2864 2936/2976/2936 2935/2975/2935
f 2864/2903/2864 2865/2904/2865 2936/2976/2936
f 2865/2904/2865 2937/2977/2937 2936/2976/2936
f 2865/2904/2865 2866/2905/2866 2937/2977/2937
f 2866/2905/2866 2938/2978/2938 2937/2977/2937
f 2866/2905/2866 2867/2906/2867 2938/2978/2938
f 2867/2906/2867 2939/2979/2939 2938/2978/2938
f 2867/2906/2867 2868/2907/2868 2939/2979/2939
f 2868/2907/2868 2940/2980/2940 2939/2979/2939
f 2868/2907/2868 2869/2908/2869 2940/2980/2940
f 2869/2908/2869 2941/2981/2941 2940/2980/2940
f 2869/2908/2869 2870/2909/2870 2941/2981/2941
f 2870/2909/2870 2942/2982/2942 2941/2981/2941
f 2870/2909/2870 2871/2910/2871 2942/2982/2942
f 2871/2910/2871 2943/2983/2943 2942/2982/2942
f 2871/2910/2871 2872/2911/2872 2943/2983/2943
f 2872/2911/2872 2944/2984/2944 2943/2983/2943
f 2872/2911/2872 2873/2912/2873 2944/2984/2944
f 2873/2912/2873 2945/2985/2945 2944/2984/2944
f 2873/2912/2873 2874/2913/2874 2945/2985/2945
f 2874/2913/2874 2946/2986/2946 2945/2985/2945
f 2874/2913/2874 2875/2914/2875 2946/2986/2946
f 2875/2914/2875 2947/2987/2947 2946/2986/2946
f 2875/2914/2875 2876/2915/2876 2947/2987/2947
f 2876/2915/2876 2948/2988/2948 2947/2987/2947
f 2876/2915/2876 2877/2916/2877 2948/2988/2948
f 2877/2916/2877 2949/2989/2949 2948/2988/2948
f 2877/2916/2877 2878/2917/2878 2949/2989/2949
f 2878/2917/2878 2950/2990/2950 2949/2989/2949
f 2878/2917/2878 2879/2918/2879 2950/2990/2950
f 2879/2918/2879 2951/2991/2951 2950/2990/2950
f 2879/2918/2879 2880/2919/2880 2951/2991/2951
f 2880/2919/2880 2952/2992/2952 2951/2991/2951
f 2880/2919/2880 2881/2920/2881 2952/2992/2952
f 2881/2920/2881 2953/2993/2953 2952/2992/2952
f 2881/2920/2881 2810/2921/2810 2953/2993/2953
f 2810/2921/2810 2882/2994/2882 2953/2993/2953
f 2882/2922/2882 2883/2923/2883 2954/2995/2954
f 2883/2923/2883 2955/2996/2955 2954/2995/2954
f 2883/2923/2883 2884/2924/2884 2955/2996/2955
f 2884/2924/2884 2956/2997/2956 2955/2996/2955
f 2884/2924/2884 2885/2925/2885 2956/2997/2956
f 2885/2925/2885 2957/2998/2957 2956/2997/2956
f 2885/2925/2885 2886/2926/2886 2957/2998/2957
f 2886/2926/2886 2958/2999/2958 2957/2998/2957
f 2886/2926/2886 2887/2927/2887 2958/2999/2958
f 2887/2927/2887 2959/3000/2959 2958/2999/2958
f 2887/2927/2887 2888/2928/2888 2959/3000/2959
f 2888/2928/2888 2960/3001/2960 2959/3000/2959
f 2888/2928/2888 2889/2929/2889 2960/3001/2960
f 2889/2929/2889 2961/3002/2961 2960/3001/2960
f 2889/2929/2889 2890/2930/2890 2961/3002/2961
f 2890/2930/2890 2962/3003/2962 2961/3002/2961
f 2890/2930/2890 2891/2931/2891 2962/3003/2962
f 2891/2931/2891 2963/3004/2963 2962/3003/2962
f 2891/2931/2891 2892/2932/2892 2963/3004/2963
f 2892/2932/2892 2964/3005/2964 2963/3004/2963
f 2892/2932/2892 2893/2933/2893 2964/3005/2964
f 2893/2933/2893 2965/3006/2965 2964/3005/2964
f 2893/2933/2893 2894/2934/2894 2965/3006/2965
f 2894/2934/2894 2966/3007/2966 2965/3006/2965
f 2894/2934/2894 2895/2935/2895 2966/3007/2966
f 2895/2935/2895 2967/3008/2967 2966/3007/2966
f 2895/2935/2895 2896/2936/2896 2967/3008/2967
f 2896/2936/2896 2968/3009/2968 2967/3008/2967
f 2896/2936/2896 2897/2937/2897 2968/3009/2968
f 2897/2937/2897 2969/3010/2969 2968/3009/2968
f 2897/2937/2897 2898/2938/2898 2969/3010/2969
f 2898/2938/2898 2970/3011/2970 2969/3010/2969
f 2898/2938/2898 2899/2939/2899 2970/3011/2970
f 2899/2939/2899 2971/3012/2971 2970/3011/2970
f 2899/2939/2899 2900/2940/2900 2971/3012/2971
f 2900/2940/2900 2972/3013/2972 2971/3012/2971
f 2900/2940/2900 2901/2941/2901 2972/3013/2972
f 2901/2941/2901 2973/3014/2973 2972/3013/2972
f 2901/2941/2901 2902/2942/2902 2973/3014/2973
f 2902/2942/2902 2974/3015/2974 2973/3014/2973
f 2902/2942/2902 2903/2943/2903 2974/3015/2974
f 2903/2943/2903 2975/3016/2975 2974/3015/2974
f 2903/2943/2903 2904/2944/2904 2975/3016/2975
f 2904/2944/2904 2976/3017/2976 2975/3016/2975
f 2904/2944/2904 2905/2945/2905 2976/3017/2976
f 2905/2945/2905 2977/3018/2977 2976/3017/2976
f 2905/2945/2905 2906/2946/2906 2977/3018/2977
f 2906/2946/2906 2978/3019/2978 2977/3018/2977
f 2906/2946/2906 2907/2947/2907 2978/3019/2978
f 2907/2947/2907 2979/3020/2979 2978/3019/2978
f 2907/2947/2907 2908/2948/2908 2979/3020/2979
f 2908/2948/2908 2980/3021/2980 2979/3020/2979
f 2908/2948/2908 2909/2949/2909 2980/3021/2980
f 2909/2949/2909 2981/3022/2981 2980/3021/2980
f 2909/2949/2909 2910/2950/2910 2981/3022/2981
f 2910/2950/2910 2982/3023/2982 2981/3022/2981
f 2910/2950/2910 2911/2951/2911 2982/3023/2982
f 2911/2951/2911 2983/3024/2983 2982/3023/2982
f 2911/2951/2911 2912/2952/2912 2983/3024/2983
f 2912/2952/2912 2984/3025/2984 2983/3024/2983
f 2912/2952/2912 2913/2953/2913 2984/3025/2984
f 2913/2953/2913 2985/3026/2985 2984/3025/2984
f 2913/2953/2913 2914/2954/2914 2985/3026/2985
f 2914/2954/2914 2986/3027/2986 2985/3026/2985
f 2914/2954/2914 2915/2955/2915 2986/3027/2986
f 2915/2955/2915 2987/3028/2987 2986/3027/2986
f 2915/2955/2915 2916/2956/2916 2987/3028/2987
f 2916/2956/2916 2988/3029/2988 2987/3028/2987
f 2916/2956/2916 2917/2957/2917 2988/3029/2988
f 2917/2957/2917 2989/3030/2989 2988/3029/2988
f 2917/2957/2917 2918/2958/2918 2989/3030/2989
f 2918/2958/2918 2990/3031/2990 2989/3030/2989
f 2918/2958/2918 2919/2959/2919 2990/3031/2990
f 2919/2959/2919 2991/3032/2991 2990/3031/2990
f 2919/2959/2919 2920/2960/2920 2991/3032/2991
f 2920/2960/2920 2992/3033/2992 2991/3032/2991
f 2920/2960/2920 2921/2961/2921 2992/3033/2992
f 2921/2961/2921 2993/3034/2993 2992/3033/2992
f 2921/2961/2921 2922/2962/2922 2993/3034/2993
f 2922/2962/2922 2994/3035/2994 2993/3034/2993
f 2922/2962/2922 2923/2963/2923 2994/3035/2994
f 2923/2963/2923 2995/3036/2995 2994/3035/2994
f 2923/2963/2923 2924/2964/2924 2995/3036/2995
f 2924/2964/2924 2996/3037/2996 2995/3036/2995
f 2924/2964/2924 2925/2965/2925 2996/3037/2996
f 2925/2965/2925 2997/3038/2997 2996/3037/2996
f 2925/2965/2925 2926/2966/2926 2997/3038/2997
f 2926/2966/2926 2998/3039/2998 2997/3038/2997
f 2926/2966/2926 2927/2967/2927 2998/3039/2998
f 2927/2967/2927 2999/3040/2999 2998/3039/2998
f 2927/2967/2927 2928/2968/2928 2999/3040/2999
f 2928/2968/2928 3000/3041/3000 2999/3040/2999
f 2928/2968/2928 2929/2969/2929 3000/3041/3000
f 2929/2969/2929 3001/3042/3001 3000/3041/3000
f 2929/2969/2929 2930/2970/2930 3001/3042/3001
f 2930/2970/2930 3002/3043/3002 3001/3042/3001
f 2930/2970/2930 2931/2971/2931 3002/3043/3002
f 2931/2971/2931 3003/3044/3003 3002/3043/3002
f 2931/2971/2931 2932/2972/2932 3003/3044/3003
f 2932/2972/2932 3004/3045/3004 3003/3044/3003
f 2932/2972/2932 2933/2973/2933 3004/3045/3004
f 2933/2973/2933 3005/3046/3005 3004/3045/3004
f 2933/2973/2933 2934/2974/2934 3005/3046/3005
f 2934/2974/2934 3006/3047/3006 3005/3046/3005
f 2934/2974/2934 2935/2975/2935 3006/3047/3006
f 2935/2975/2935 3007/3048/3007 3006/3047/3006
f 2935/2975/2935 2936/2976/2936 3007/3048/3007
f 2936/2976/2936 3008/3049/3008 3007/3048/3007
f 2936/2976/2936 2937/2977/2937 3008/3049/3008
f 2937/2977/2937 3009/3050/3009 3008/3049/3008
f 2937/2977/2937 2938/2978/2938 3009/3050/3009
f 2938/2978/2938 3010/3051/3010 3009/3050/3009
f 2938/2978/2938 2939/2979/2939 3010/3051/3010
f 2939/2979/2939 3011/3052/3011 3010/3051/3010
f 2939/2979/2939 2940/2980/2940 3011/3052/3011
f 2940/2980/2940 3012/3053/3012 3011/3052/3011
f 2940/2980/2940 2941/2981/2941 3012/3053/3012
f 2941/2981/2941 3013/3054/3013 3012/3053/3012
f 2941/2981/2941 2942/2982/2942 3013/3054/3013
f 2942/2982/2942 3014/3055/3014 3013/3054/3013
f 2942/2982/2942 2943/2983/2943 3014/3055/3014
f 2943/2983/2943 3015/3056/3015 3014/3055/3014
f 2943/2983/2943 2944/2984/2944 3015/3056/3015
f 2944/2984/2944 3016/3057/3016 3015/3056/3015
f 2944/2984/2944 2945/2985/2945 3016/3057/3016
f 2945/2985/2945 3017/3058/3017 3016/3057/3016
f 2945/2985/2945 2946/2986/2946 3017/3058/3017
f 2946/2986/2946 3018/3059/3018 3017/3058/3017
f 2946/2986/2946 2947/2987/2947 3018/3059/3018
f 2947/2987/2947 3019/3060/3019 3018/3059/3018
f 2947/2987/2947 2948/2988/2948 3019/3060/3019
f 2948/2988/2948 3020/3061/3020 3019/3060/3019
f 2948/2988/2948 2949/2989/2949 3020/3061/3020
f 2949/2989/2949 3021/3062/3021 3020/3061/3020
f 2949/2989/2949 2950/2990/2950 3021/3062/3021
f 2950/2990/2950 3022/3063/3022 3021/3062/3021
f 2950/2990/2950 2951/2991/2951 3022/3063/3022
f 2951/2991/2951 3023/3064/3023 3022/3063/3022
f 2951/2991/2951 2952/2992/2952 3023/3064/3023
f 2952/2992/2952 3024/3065/3024 3023/3064/3023
f 2952/2992/2952 2953/2993/2953 3024/3065/3024
f 2953/2993/2953 3025/3066/3025 3024/3065/3024
f 2953/2993/2953 2882/2994/2882 3025/3066/3025
f 2882/2994/2882 2954/3067/2954 3025/3066/3025
f 2954/2995/2954 2955/2996/2955 3026/3068/3026
f 2955/2996/2955 3027/3069/3027 3026/3068/3026
f 2955/2996/2955 2956/2997/2956 3027/3069/3027
f 2956/2997/2956 3028/3070/3028 3027/3069/3027
f 2956/2997/2956 2957/2998/2957 3028/3070/3028
f 2957/2998/2957 3029/3071/3029 3028/3070/3028
f 2957/2998/2957 2958/2999/2958 3029/3071/3029
f 2958/2999/2958 3030/3072/3030 3029/3071/3029
f 2958/2999/2958 2959/3000/2959 3030/3072/3030
f 2959/3000/2959 3031/3073/3031 3030/3072/3030
f 2959/3000/2959 2960/3001/2960 3031/3073/3031
f 2960/3001/2960 3032/3074/3032 3031/3073/3031
f 2960/3001/2960 2961/3002/2961 3032/3074/3032
f 2961/3002/2961 3033/3075/3033 3032/3074/3032
f 2961/3002/2961 2962/3003/2962 3033/3075/3033
f 2962/3003/2962 3034/3076/3034 3033/3075/3033
f 2962/3003/2962 2963/3004/2963 3034/3076/3034
f 2963/3004/2963 3035/3077/3035 3034/3076/3034
f 2963/3004/2963 2964/3005/2964 3035/3077/3035
f 2964/3005/2964 3036/3078/3036 3035/3077/3035
f 2964/3005/2964 2965/3006/2965 3036/3078/3036
f 2965/3006/2965 3037/3079/3037 3036/3078/3036
f 2965/3006/2965 2966/3007/2966 3037/3079/3037
f 2966/3007/2966 3038/3080/3038 3037/3079/3037
f 2966/3007/2966 2967/3008/2967 3038/3080/3038
f 2967/3008/2967 3039/3081/3039 3038/3080/3038
f 2967/3008/2967 2968/3009/2968 3039/3081/3039
f 2968/3009/2968 3040/3082/3040 3039/3081/3039
f 2968/3009/2968 2969/3010/2969 3040/3082/3040
f 2969/3010/2969 3041/3083/3041 3040/3082/3040
f 2969/3010/2969 2970/3011/2970 3041/3083/3041
f 2970/3011/2970 3042/3084/3042 3041/3083/3041
f 2970/3011/2970 2971/3012/2971 3042/3084/3042
f 2971/3012/2971 3043/3085/3043 3042/3084/3042
f 2971/3012/2971 2972/3013/2972 3043/3085/3043
f 2972/3013/2972 3044/3086/3044 3043/3085/3043
f 2972/3013/2972 2973/3014/2973 3044/3086/3044
f 2973/3014/2973 3045/3087/3045 3044/3086/3044
f 2973/3014/2973 2974/3015/2974 3045/3087/3045
f 2974/3015/2974 3046/3088/3046 3045/3087/3045
f 2974/3015/2974 2975/3016/2975 3046/3088/3046
f 2975/3016/2975 3047/3089/3047 3046/3088/3046
f 2975/3016/2975 2976/3017/2976 3047/3089/3047
f 2976/3017/2976 3048/3090/3048 3047/3089/3047
f 2976/3017/2976 2977/3018/2977 3048/3090/3048
f 2977/3018/2977 3049/3091/3049 3048/3090/3048
f 2977/3018/2977 2978/3019/2978 3049/3091/3049
f 2978/3019/2978 3050/3092/3050 3049/3091/3049
f 2978/3019/2978 2979/3020/2979 3050/3092/3050
f 2979/3020/2979 3051/3093/3051 3050/3092/3050
f 2979/3020/2979 2980/3021/2980 3051/3093/3051
f 2980/3021/2980 3052/3094/3052 3051/3093/3051
f 2980/3021/2980 2981/3022/2981 3052/3094/3052
f 2981/3022/2981 3053/3095/3053 3052/3094/3052
f 2981/3022/2981 2982/3023/2982 3053/3095/3053
f 2982/3023/2982 3054/3096/3054 3053/3095/3053
f 2982/3023/2982 2983/3024/2983 3054/3096/3054
f 2983/3024/2983 3055/3097/3055 3054/3096/3054
f 2983/3024/2983 2984/3025/2984 3055/3097/3055
f 2984/3025/2984 3056/3098/3056 3055/3097/3055
f 2984/3025/2984 2985/3026/2985 3056/3098/3056
f 2985/3026/2985 3057/3099/3057 3056/3098/3056
f 2985/3026/2985 2986/3027/2986 3057/3099/3057
f 2986/3027/2986 3058/3100/3058 3057/3099/3057
f 2986/3027/2986 2987/3028/2987 3058/3100/3058
f 2987/3028/2987 3059/3101/3059 3058/3100/3058
f 2987/3028/2987 2988/3029/2988 3059/3101/3059
f 2988/3029/2988 3060/3102/3060 3059/3101/3059
f 2988/3029/2988 2989/3030/2989 3060/3102/3060
f 2989/3030/2989 3061/3103/3061 3060/3102/3060
f 2989/3030/2989 2990/3031/2990 3061/3103/3061
f 2990/3031/2990 3062/3104/3062 3061/3103/3061
f 2990/3031/2990 2991/3032/2991 3062/3104/3062
f 2991/3032/2991 3063/3105/3063 3062/3104/3062
f 2991/3032/2991 2992/3033/2992 3063/3105/3063
f 2992/3033/2992 3064/3106/3064 3063/3105/3063
f 2992/3033/2992 2993/3034/2993 3064/3106/3064
f 2993/3034/2993 3065/3107/3065 3064/3106/3064
f 2993/3034/2993 2994/3035/2994 3065/3107/3065
f 2994/3035/2994 3066/3108/3066 3065/3107/3065
f 2994/3035/2994 2995/3036/2995 3066/3108/3066
f 2995/3036/2995 3067/3109/3067 3066/3108/3066
f 2995/3036/2995 2996/3037/2996 3067/3109/3067
f 2996/3037/2996 3068/3110/3068 3067/3109/3067
f 2996/3037/2996 2997/3038/2997 3068/3110/3068
f 2997/3038/2997 3069/3111/3069 3068/3110/3068
f 2997/3038/2997 2998/3039/2998 3069/3111/3069
f 2998/3039/2998 3070/3112/3070 3069/3111/3069
f 2998/3039/2998 2999/3040/2999 3070/3112/3070
f 2999/3040/2999 3071/3113/3071 3070/3112/3070
f 2999/3040/2999 3000/3041/3000 3071/3113/3071
f 3000/3041/3000 3072/3114/3072 3071/3113/3071
f 3000/3041/3000 3001/3042/3001 3072/3114/3072
f 3001/3042/3001 3073/3115/3073 3072/3114/3072
f 3001/3042/3001 3002/3043/3002 3073/3115/3073
f 3002/3043/3002 3074/3116/3074 3073/3115/3073
f 3002/3043/3002 3003/3044/3003 3074/3116/3074
f 3003/3044/3003 3075/3117/3075 3074/3116/3074
f 3003/3044/3003 3004/3045/3004 3075/3117/3075
f 3004/3045/3004 3076/3118/3076 3075/3117/3075
f 3004/3045/3004 3005/3046/3005 3076/3118/3076
f 3005/3046/3005 3077/3119/3077 3076/3118/3076
f 3005/3046/3005 3006/3047/3006 3077/3119/3077
f 3006/3047/3006 3078/3120/3078 3077/3119/3077
f 3006/3047/3006 3007/3048/3007 3078/3120/3078
f 3007/3048/3007 3079/3121/3079 3078/3120/3078
f 3007/3048/3007 3008/3049/3008 3079/3121/3079
f 3008/3049/3008 3080/3122/3080 3079/3121/3079
f 3008/3049/3008 3009/3050/3009 3080/3122/3080
f 3009/3050/3009 3081/3123/3081 3080/3122/3080
f 3009/3050/3009 3010/3051/3010 3081/3123/3081
f 3010/3051/3010 3082/3124/3082 3081/3123/3081
f 3010/3051/3010 3011/3052/3011 3082/3124/3082
f 3011/3052/3011 3083/3125/3083 3082/3124/3082
f 3011/3052/3011 3012/3053/3012 3083/3125/3083
f 3012/3053/3012 3084/3126/3084 3083/3125/3083
f 3012/3053/3012 3013/3054/3013 3084/3126/3084
f 3013/3054/3013 3085/3127/3085 3084/3126/3084
f 3013/3054/3013 3014/3055/3014 3085/3127/3085
f 3014/3055/3014 3086/3128/3086 3085/3127/3085
f 3014/3055/3014 3015/3056/3015 3086/3128/3086
f 3015/3056/3015 3087/3129/3087 3086/3128/3086
f 3015/3056/3015 3016/3057/3016 3087/3129/3087
f 3016/3057/3016 3088/3130/3088 3087/3129/3087
f 3016/3057/3016 3017/3058/3017 3088/3130/3088
f 3017/3058/3017 3089/3131/3089 3088/3130/3088
f 3017/3058/3017 3018/3059/3018 3089/3131/3089
f 3018/3059/3018 3090/3132/3090 3089/3131/3089
f 3018/3059/3018 3019/3060/3019 3090/3132/3090
f 3019/3060/3019 3091/3133/3091 3090/3132/3090
f 3019/3060/3019 3020/3061/3020 3091/3133/3091
f 3020/3061/3020 3092/3134/3092 3091/3133/3091
f 3020/3061/3020 3021/3062/3021 3092/3134/3092
f 3021/3062/3021 3093/3135/3093 3092/3134/3092
f 3021/3062/3021 3022/3063/3022 3093/3135/3093
f 3022/3063/3022 3094/3136/3094 3093/3135/3093
f 3022/3063/3022 3023/3064/3023 3094/3136/3094
f 3023/3064/3023 3095/3137/3095 3094/3136/3094
f 3023/3064/3023 3024/3065/3024 3095/3137/3095
f 3024/3065/3024 3096/3138/3096 3095/3137/3095
f 3024/3065/3024 3025/3066/3025 3096/3138/3096
f 3025/3066/3025 3097/3139/3097 3096/3138/3096
f 3025/3066/3025 2954/3067/2954 3097/3139/3097
f 2954/3067/2954 3026/3140/3026 3097/3139/3097
f 3026/3068/3026 3027/3069/3027 3098/3141/3098
f 3027/3069/3027 3099/3142/3099 3098/3141/3098
f 3027/3069/3027 3028/3070/3028 3099/3142/3099
f 3028/3070/3028 3100/3143/3100 3099/3142/3099
f 3028/3070/3028 3029/3071/3029 3100/3143/3100
f 3029/3071/3029 3101/3144/3101 3100/3143/3100
f 3029/3071/3029 3030/3072/3030 3101/3144/3101
f 3030/3072/3030 3102/3145/3102 3101/3144/3101
f 3030/3072/3030 3031/3073/3031 3102/3145/3102
f 3031/3073/3031 3103/3146/3103 3102/3145/3102
f 3031/3073/3031 3032/3074/3032 3103/3146/3103
f 3032/3074/3032 3104/3147/3104 3103/3146/3103
f 3032/3074/3032 3033/3075/3033 3104/3147/3104
f 3033/3075/3033 3105/3148/3105 3104/3147/3104
f 3033/3075/3033 3034/3076/3034 3105/3148/3105
f 3034/3076/3034 3106/3149/3106 3105/3148/3105
f 3034/3076/3034 3035/3077/3035 3106/3149/3106
f 3035/3077/3035 3107/3150/3107 3106/3149/3106
f 3035/3077/3035 3036/3078/3036 3107/3150/3107
f 3036/3078/3036 3108/3151/3108 3107/3150/3107
f 3036/3078/3036 3037/3079/3037 3108/3151/3108
f 3037/3079/3037 3109/3152/3109 3108/3151/3108
f 3037/3079/3037 3038/3080/3038 3109/3152/3109
f 3038/3080/3038 3110/3153/3110 3109/3152/3109
f 3038/3080/3038 3039/3081/3039 3110/3153/3110
f 3039/3081/3039 3111/3154/3111 3110/3153/3110
f 3039/3081/3039 3040/3082/3040 3111/3154/3111
f 3040/3082/3040 3112/3155/3112 3111/3154/3111
f 3040/3082/3040 3041/3083/3041 3112/3155/3112
f 3041/3083/3041 3113/3156/3113 3112/3155/3112
f 3041/3083/3041 3042/3084/3042 3113/3156/3113
f 3042/3084/3042 3114/3157/3114 3113/3156/3113
f 3042/3084/3042 3043/3085/3043 3114/3157/3114
f 3043/3085/3043 3115/3158/3115 3114/3157/3114
f 3043/3085/3043 3044/3086/3044 3115/3158/3115
f 3044/3086/3044 3116/3159/3116 3115/3158/3115
f 3044/3086/3044 3045/3087/3045 3116/3159/3116
f 3045/3087/3045 3117/3160/3117 3116/3159/3116
f 3045/3087/3045 3046/3088/3046 3117/3160/3117
f 3046/3088/3046 3118/3161/3118 3117/3160/3117
f 3046/3088/3046 3047/3089/3047 3118/3161/3118
f 3047/3089/3047 3119/3162/3119 3118/3161/3118
f 3047/3089/3047 3048/3090/3048 3119/3162/3119
f 3048/3090/3048 3120/3163/3120 3119/3162/3119
f 3048/3090/3048 3049/3091/3049 3120/3163/3120
f 3049/3091/3049 3121/3164/3121 3120/3163/3120
f 3049/3091/3049 3050/3092/3050 3121/3164/3121
f 3050/3092/3050 3122/3165/3122 3121/3164/3121
f 3050/3092/3050 3051/3093/3051 3122/3165/3122
f 3051/3093/3051 3123/3166/3123 3122/3165/3122
f 3051/3093/3051 3052/3094/3052 3123/3166/3123
f 3052/3094/3052 3124/3167/3124 3123/3166/3123
f 3052/3094/3052 3053/3095/3053 3124/3167/3124
f 3053/3095/3053 3125/3168/3125 3124/3167/3124
f 3053/3095/3053 3054/3096/3054 3125/3168/3125
f 3054/3096/3054 3126/3169/3126 3125/3168/3125
f 3054/3096/3054 3055/3097/3055 3126/3169/3126
f 3055/3097/3055 3127/3170/3127 3126/3169/3126
f 3055/3097/3055 3056/3098/3056 3127/3170/3127
f 3056/3098/3056 3128/3171/3128 3127/3170/3127
f 3056/3098/3056 3057/3099/3057 3128/3171/3128
f 3057/3099/3057 3129/3172/3129 3128/3171/3128
f 3057/3099/3057 3058/3100/3058 3129/3172/3129
f 3058/3100/3058 3130/3173/3130 3129/3172/3129
f 3058/3100/3058 3059/3101/3059 3130/3173/3130
f 3059/3101/3059 3131/3174/3131 3130/3173/3130
f 3059/3101/3059 3060/3102/3060 3131/3174/3131
f 3060/3102/3060 3132/3175/3132 3131/3174/3131
f 3060/3102/3060 3061/3103/3061 3132/3175/3132
f 3061/3103/3061 3133/3176/3133 3132/3175/3132
f 3061/3103/3061 3062/3104/3062 3133/3176/3133
f 3062/3104/3062 3134/3177/3134 3133/3176/3133
f 3062/3104/3062 3063/3105/3063 3134/3177/3134
f 3063/3105/3063 3135/3178/3135 3134/3177/3134
f 3063/3105/3063 3064/3106/3064 3135/3178/3135
f 3064/3106/3064 3136/3179/3136 3135/3178/3135
f 3064/3106/3064 3065/3107/3065 3136/3179/3136
f 3065/3107/3065 3137/3180/3137 3136/3179/3136
f 3065/3107/3065 3066/3108/3066 3137/3180/3137
f 3066/3108/3066 3138/3181/3138 3137/3180/3137
f 3066/3108/3066 3067/3109/3067 3138/3181/3138
f 3067/3109/3067 3139/3182/3139 3138/3181/3138
f 3067/3109/3067 3068/3110/3068 3139/3182/3139
f 3068/3110/3068 3140/3183/3140 3139/3182/3139
f 3068/3110/3068 3069/3111/3069 3140/3183/3140
f 3069/3111/3069 3141/3184/3141 3140/3183/3140
f 3069/3111/3069 3070/3112/3070 3141/3184/3141
f 3070/3112/3070 3142/3185/3142 3141/3184/3141
f 3070/3112/3070 3071/3113/3071 3142/3185/3142
f 3071/3113/3071 3143/3186/3143 3142/3185/3142
f 3071/3113/3071 3072/3114/3072 3143/3186/3143
f 3072/3114/3072 3144/3187/3144 3143/3186/3143
f 3072/3114/3072 3073/3115/3073 3144/3187/3144
f 3073/3115/3073 3145/3188/3145 3144/3187/3144
f 3073/3115/3073 3074/3116/3074 3145/3188/3145
f 3074/3116/3074 3146/3189/3146 3145/3188/3145
f 3074/3116/3074 3075/3117/3075 3146/3189/3146
f 3075/3117/3075 3147/3190/3147 3146/3189/3146
f 3075/3117/3075 3076/3118/3076 3147/3190/3147
f 3076/3118/3076 3148/3191/3148 3147/3190/3147
f 3076/3118/3076 3077/3119/3077 3148/3191/3148
f 3077/3119/3077 3149/3192/3149 3148/3191/3148
f 3077/3119/3077 3078/3120/3078 3149/3192/3149
f 3078/3120/3078 3150/3193/3150 3149/3192/3149
f 3078/3120/3078 3079/3121/3079 3150/3193/3150
f 3079/3121/3079 3151/3194/3151 3150/3193/3150
f 3079/3121/3079 3080/3122/3080 3151/3194/3151
f 3080/3122/3080 3152/3195/3152 3151/3194/3151
f 3080/3122/3080 3081/3123/3081 3152/3195/3152
f 3081/3123/3081 3153/3196/3153 3152/3195/3152
f 3081/3123/3081 3082/3124/3082 3153/3196/3153
f 3082/3124/3082 3154/3197/3154 3153/3196/3153
f 3082/3124/3082 3083/3125/3083 3154/3197/3154
f 3083/3125/3083 3155/3198/3155 3154/3197/3154
f 3083/3125/3083 3084/3126/3084 3155/3198/3155
f 3084/3126/3084 3156/3199/3156 3155/3198/3155
f 3084/3126/3084 3085/3127/3085 3156/3199/3156
f 3085/3127/3085 3157/3200/3157 3156/3199/3156
f 3085/3127/3085 3086/3128/3086 3157/3200/3157
f 3086/3128/3086 3158/3201/3158 3157/3200/3157
f 3086/3128/3086 3087/3129/3087 3158/3201/3158
f 3087/3129/3087 3159/3202/3159 3158/3201/3158
f 3087/3129/3087 3088/3130/3088 3159/3202/3159
f 3088/3130/3088 3160/3203/3160 3159/3202/3159
f 3088/3130/3088 3089/3131/3089 3160/3203/3160
f 3089/3131/3089 3161/3204/3161 3160/3203/3160
f 3089/3131/3089 3090/3132/3090 3161/3204/3161
f 3090/3132/3090 3162/3205/3162 3161/3204/3161
f 3090/3132/3090 3091/3133/3091 3162/3205/3162
f 3091/3133/3091 3163/3206/3163 3162/3205/3162
f 3091/3133/3091 3092/3134/3092 3163/3206/3163
f 3092/3134/3092 3164/3207/3164 3163/3206/3163
f 3092/3134/3092 3093/3135/3093 3164/3207/3164
f 3093/3135/3093 3165/3208/3165 3164/3207/3164
f 3093/3135/3093 3094/3136/3094 3165/3208/3165
f 3094/3136/3094 3166/3209/3166 3165/3208/3165
f 3094/3136/3094 3095/3137/3095 3166/3209/3166
f 3095/3137/3095 3167/3210/3167 3166/3209/3166
f 3095/3137/3095 3096/3138/3096 3167/3210/3167
f 3096/3138/3096 3168/3211/3168 3167/3210/3167
f 3096/3138/3096 3097/3139/3097 3168/3211/3168
f 3097/3139/3097 3169/3212/3169 3168/3211/3168
f 3097/3139/3097 3026/3140/3026 3169/3212/3169
f 3026/3140/3026 3098/3213/3098 3169/3212/3169
f 3098/3141/3098 3099/3142/3099 3170/3214/3170
f 3099/3142/3099 3171/3215/3171 3170/3214/3170
f 3099/3142/3099 3100/3143/3100 3171/3215/3171
f 3100/3143/3100 3172/3216/3172 3171/3215/3171
f 3100/3143/3100 3101/3144/3101 3172/3216/3172
f 3101/3144/3101 3173/3217/3173 3172/3216/3172
f 3101/3144/3101 3102/3145/3102 3173/3217/3173
f 3102/3145/3102 3174/3218/3174 3173/3217/3173
f 3102/3145/3102 3103/3146/3103 3174/3218/3174
f 3103/3146/3103 3175/3219/3175 3174/3218/3174
f 3103/3146/3103 3104/3147/3104 3175/3219/3175
f 3104/3147/3104 3176/3220/3176 3175/3219/3175
f 3104/3147/3104 3105/3148/3105 3176/3220/3176
f 3105/3148/3105 3177/3221/3177 3176/3220/3176
f 3105/3148/3105 3106/3149/3106 3177/3221/3177
f 3106/3149/3106 3178/3222/3178 3177/3221/3177
f 3106/3149/3106 3107/3150/3107 3178/3222/3178
f 3107/3150/3107 3179/3223/3179 3178/3222/3178
f 3107/3150/3107 3108/3151/3108 3179/3223/3179
f 3108/3151/3108 3180/3224/3180 3179/3223/3179
f 3108/3151/3108 3109/3152/3109 3180/3224/3180
f 3109/3152/3109 3181/3225/3181 3180/3224/3180
f 3109/3152/3109 3110/3153/3110 3181/3225/3181
f 3110/3153/3110 3182/3226/3182 3181/3225/3181
f 3110/3153/3110 3111/3154/3111 3182/3226/3182
f 3111/3154/3111 3183/3227/3183 3182/3226/3182
f 3111/3154/3111 3112/3155/3112 3183/3227/3183
f 3112/3155/3112 3184/3228/3184 3183/3227/3183
f 3112/3155/3112 3113/3156/3113 3184/3228/3184
f 3113/3156/3113 3185/3229/3185 3184/3228/3184
f 3113/3156/3113 3114/3157/3114 3185/3229/3185
f 3114/3157/3114 3186/3230/3186 3185/3229/3185
f 3114/3157/3114 3115/3158/3115 3186/3230/3186
f 3115/3158/3115 3187/3231/3187 3186/3230/3186
f 3115/3158/3115 3116/3159/3116 3187/3231/3187
f 3116/3159/3116 3188/3232/3188 3187/3231/3187
f 3116/3159/3116 3117/3160/3117 3188/3232/3188
f 3117/3160/3117 3189/3233/3189 3188/3232/3188
f 3117/3160/3117 3118/3161/3118 3189/3233/3189
f 3118/3161/3118 3190/3234/3190 3189/3233/3189
f 3118/3161/3118 3119/3162/3119 3190/3234/3190
f 3119/3162/3119 3191/3235/3191 3190/3234/3190
f 3119/3162/3119 3120/3163/3120 3191/3235/3191
f 3120/3163/3120 3192/3236/3192 3191/3235/3191
f 3120/3163/3120 3121/3164/3121 3192/3236/3192
f 3121/3164/3121 3193/3237/3193 3192/3236/3192
f 3121/3164/3121 3122/3165/3122 3193/3237/3193
f 3122/3165/3122 3194/3238/3194 3193/3237/3193
f 3122/3165/3122 3123/3166/3123 3194/3238/3194
f 3123/3166/3123 3195/3239/3195 3194/3238/3194
f 3123/3166/3123 3124/3167/3124 3195/3239/3195
f 3124/3167/3124 3196/3240/3196 3195/3239/3195
f 3124/3167/3124 3125/3168/3125 3196/3240/3196
f 3125/3168/3125 3197/3241/3197 3196/3240/3196
f 3125/3168/3125 3126/3169/3126 3197/3241/3197
f 3126/3169/3126 3198/3242/3198 3197/3241/3197
f 3126/3169/3126 3127/3170/3127 3198/3242/3198
f 3127/3170/3127 3199/3243/3199 3198/3242/3198
f 3127/3170/3127 3128/3171/3128 3199/3243/3199
f 3128/3171/3128 3200/3244/3200 3199/3243/3199
f 3128/3171/3128 3129/3172/3129 3200/3244/3200
f 3129/3172/3129 3201/3245/3201 3200/3244/3200
f 3129/3172/3129 3130/3173/3130 3201/3245/3201
f 3130/3173/3130 3202/3246/3202 3201/3245/3201
f 3130/3173/3130 3131/3174/3131 3202/3246/3202
f 3131/3174/3131 3203/3247/3203 3202/3246/3202
f 3131/3174/3131 3132/3175/3132 3203/3247/3203
f 3132/3175/3132 3204/3248/3204 3203/3247/3203
f 3132/3175/3132 3133/3176/3133 3204/3248/3204
f 3133/3176/3133 3205/3249/3205 3204/3248/3204
f 3133/3176/3133 3134/3177/3134 3205/3249/3205
f 3134/3177/3134 3206/3250/3206 3205/3249/3205
f 3134/3177/3134 3135/3178/3135 3206/3250/3206
f 3135/3178/3135 3207/3251/3207 3206/3250/3206
f 3135/3178/3135 3136/3179/3136 3207/3251/3207
f 3136/3179/3136 3208/3252/3208 3207/3251/3207
f 3136/3179/3136 3137/3180/3137 3208/3252/3208
f 3137/3180/3137 3209/3253/3209 3208/3252/3208
f 3137/3180/3137 3138/3181/3138 3209/3253/3209
f 3138/3181/3138 3210/3254/3210 3209/3253/3209
f 3138/3181/3138 3139/3182/3139 3210/3254/3210
f 3139/3182/3139 3211/3255/3211 3210/3254/3210
f 3139/3182/3139 3140/3183/3140 3211/3255/3211
f 3140/3183/3140 3212/3256/3212 3211/3255/3211
f 3140/3183/3140 3141/3184/3141 3212/3256/3212
f 3141/3184/3141 3213/3257/3213 3212/3256/3212
f 3141/3184/3141 3142/3185/3142 3213/3257/3213
f 3142/3185/3142 3214/3258/3214 3213/3257/3213
f 3142/3185/3142 3143/3186/3143 3214/3258/3214
f 3143/3186/3143 3215/3259/3215 3214/3258/3214
f 3143/3186/3143 3144/3187/3144 3215/3259/3215
f 3144/3187/3144 3216/3260/3216 3215/3259/3215
f 3144/3187/3144 3145/3188/3145 3216/3260/3216
f 3145/3188/3145 3217/3261/3217 3216/3260/3216
f 3145/3188/3145 3146/3189/3146 3217/3261/3217
f 3146/3189/3146 3218/3262/3218 3217/3261/3217
f 3146/3189/3146 3147/3190/3147 3218/3262/3218
f 3147/3190/3147 3219/3263/3219 3218/3262/3218
f 3147/3190/3147 3148/3191/3148 3219/3263/3219
f 3148/3191/3148 3220/3264/3220 3219/3263/3219
f 3148/3191/3148 3149/3192/3149 3220/3264/3220
f 3149/3192/3149 3221/3265/3221 3220/3264/3220
f 3149/3192/3149 3150/3193/3150 3221/3265/3221
f 3150/3193/3150 3222/3266/3222 3221/3265/3221
f 3150/3193/3150 3151/3194/3151 3222/3266/3222
f 3151/3194/3151 3223/3267/3223 3222/3266/3222
f 3151/3194/3151 3152/3195/3152 3223/3267/3223
f 3152/3195/3152 3224/3268/3224 3223/3267/3223
f 3152/3195/3152 3153/3196/3153 3224/3268/3224
f 3153/3196/3153 3225/3269/3225 3224/3268/3224
f 3153/3196/3153 3154/3197/3154 3225/3269/3225
f 3154/3197/3154 3226/3270/3226 3225/3269/3225
f 3154/3197/3154 3155/3198/3155 3226/3270/3226
f 3155/3198/3155 3227/3271/3227 3226/3270/3226
f 3155/3198/3155 3156/3199/3156 3227/3271/3227
f 3156/3199/3156 3228/3272/3228 3227/3271/3227
f 3156/3199/3156 3157/3200/3157 3228/3272/3228
f 3157/3200/3157 3229/3273/3229 3228/3272/3228
f 3157/3200/3157 3158/3201/3158 3229/3273/3229
f 3158/3201/3158 3230/3274/3230 3229/3273/3229
f 3158/3201/3158 3159/3202/3159 3230/3274/3230
f 3159/3202/3159 3231/3275/3231 3230/3274/3230
f 3159/3202/3159 3160/3203/3160 3231/3275/3231
f 3160/3203/3160 3232/3276/3232 3231/3275/3231
f 3160/3203/3160 3161/3204/3161 3232/3276/3232
f 3161/3204/3161 3233/3277/3233 3232/3276/3232
f 3161/3204/3161 3162/3205/3162 3233/3277/3233
f 3162/3205/3162 3234/3278/3234 3233/3277/3233
f 3162/3205/3162 3163/3206/3163 3234/3278/3234
f 3163/3206/3163 3235/3279/3235 3234/3278/3234
f 3163/3206/3163 3164/3207/3164 3235/3279/3235
f 3164/3207/3164 3236/3280/3236 3235/3279/3235
f 3164/3207/3164 3165/3208/3165 3236/3280/3236
f 3165/3208/3165 3237/3281/3237 3236/3280/3236
f 3165/3208/3165 3166/3209/3166 3237/3281/3237
f 3166/3209/3166 3238/3282/3238 3237/3281/3237
f 3166/3209/3166 3167/3210/3167 3238/3282/3238
f 3167/3210/3167 3239/3283/3239 3238/3282/3238
f 3167/3210/3167 3168/3211/3168 3239/3283/3239
f 3168/3211/3168 3240/3284/3240 3239/3283/3239
f 3168/3211/3168 3169/3212/3169 3240/3284/3240
f 3169/3212/3169 3241/3285/3241 3240/3284/3240
f 3169/3212/3169 3098/3213/3098 3241/3285/3241
f 3098/3213/3098 3170/3286/3170 3241/3285/3241
f 3170/3214/3170 3171/3215/3171 3242/3287/3242
f 3171/3215/3171 3243/3288/3243 3242/3287/3242
f 3171/3215/3171 3172/3216/3172 3243/3288/3243
f 3172/3216/3172 3244/3289/3244 3243/3288/3243
f 3172/3216/3172 3173/3217/3173 3244/3289/3244
f 3173/3217/3173 3245/3290/3245 3244/3289/3244
f 3173/3217/3173 3174/3218/3174 3245/3290/3245
f 3174/3218/3174 3246/3291/3246 3245/3290/3245
f 3174/3218/3174 3175/3219/3175 3246/3291/3246
f 3175/3219/3175 3247/3292/3247 3246/3291/3246
f 3175/3219/3175 3176/3220/3176 3247/3292/3247
f 3176/3220/3176 3248/3293/3248 3247/3292/3247
f 3176/3220/3176 3177/3221/3177 3248/3293/3248
f 3177/3221/3177 3249/3294/3249 3248/3293/3248
f 3177/3221/3177 3178/3222/3178 3249/3294/3249
f 3178/3222/3178 3250/3295/3250 3249/3294/3249
f 3178/3222/3178 3179/3223/3179 3250/3295/3250
f 3179/3223/3179 3251/3296/3251 3250/3295/3250
f 3179/3223/3179 3180/3224/3180 3251/3296/3251
f 3180/3224/3180 3252/3297/3252 3251/3296/3251
f 3180/3224/3180 3181/3225/3181 3252/3297/3252
f 3181/3225/3181 3253/3298/3253 3252/3297/3252
f 3181/3225/3181 3182/3226/3182 3253/3298/3253
f 3182/3226/3182 3254/3299/3254 3253/3298/3253
f 3182/3226/3182 3183/3227/3183 3254/3299/3254
f 3183/3227/3183 3255/3300/3255 3254/3299/3254
f 3183/3227/3183 3184/3228/3184 3255/3300/3255
f 3184/3228/3184 3256/3301/3256 3255/3300/3255
f 3184/3228/3184 3185/3229/3185 3256/3301/3256
f 3185/3229/3185 3257/3302/3257 3256/3301/3256
f 3185/3229/3185 3186/3230/3186 3257/3302/3257
f 3186/3230/3186 3258/3303/3258 3257/3302/3257
f 3186/3230/3186 3187/3231/3187 3258/3303/3258
f 3187/3231/3187 3259/3304/3259 3258/3303/3258
f 3187/3231/3187 3188/3232/3188 3259/3304/3259
f 3188/3232/3188 3260/3305/3260 3259/3304/3259
f 3188/3232/3188 3189/3233/3189 3260/3305/3260
f 3189/3233/3189 3261/3306/3261 3260/3305/3260
f 3189/3233/3189 3190/3234/3190 3261/3306/3261
f 3190/3234/3190 3262/3307/3262 3261/3306/3261
f 3190/3234/3190 3191/3235/3191 3262/3307/3262
f 3191/3235/3191 3263/3308/3263 3262/3307/3262
f 3191/3235/3191 3192/3236/3192 3263/3308/3263
f 3192/3236/3192 3264/3309/3264 3263/3308/3263
f 3192/3236/3192 3193/3237/3193 3264/3309/3264
f 3193/3237/3193 3265/3310/3265 3264/3309/3264
f 3193/3237/3193 3194/3238/3194 3265/3310/3265
f 3194/3238/3194 3266/3311/3266 3265/3310/3265
f 3194/3238/3194 3195/3239/3195 3266/3311/3266
f 3195/3239/3195 3267/3312/3267 3266/3311/3266
f 3195/3239/3195 3196/3240/3196 3267/3312/3267
f 3196/3240/3196 3268/3313/3268 3267/3312/3267
f 3196/3240/3196 3197/3241/3197 3268/3313/3268
f 3197/3241/3197 3269/3314/3269 3268/3313/3268
f 3197/3241/3197 3198/3242/3198 3269/3314/3269
f 3198/3242/3198 3270/3315/3270 3269/3314/3269
f 3198/3242/3198 3199/3243/3199 3270/3315/3270
f 3199/3243/3199 3271/3316/3271 3270/3315/3270
f 3199/3243/3199 3200/3244/3200 3271/3316/3271
f 3200/3244/3200 3272/3317/3272 3271/3316/3271
f 3200/3244/3200 3201/3245/3201 3272/3317/3272
f 3201/3245/3201 3273/3318/3273 3272/3317/3272
f 3201/3245/3201 3202/3246/3202 3273/3318/3273
f 3202/3246/3202 3274/3319/3274 3273/3318/3273
f 3202/3246/3202 3203/3247/3203 3274/3319/3274
f 3203/3247/3203 3275/3320/3275 3274/3319/3274
f 3203/3247/3203 3204/3248/3204 3275/3320/3275
f 3204/3248/3204 3276/3321/3276 3275/3320/3275
f 3204/3248/3204 3205/3249/3205 3276/3321/3276
f 3205/3249/3205 3277/3322/3277 3276/3321/3276
f 3205/3249/3205 3206/3250/3206 3277/3322/3277
f 3206/3250/3206 3278/3323/3278 3277/3322/3277
f 3206/3250/3206 3207/3251/3207 3278/3323/3278
f 3207/3251/3207 3279/3324/3279 3278/3323/3278
f 3207/3251/3207 3208/3252/3208 3279/3324/3279
f 3208/3252/3208 3280/3325/3280 3279/3324/3279
f 3208/3252/3208 3209/3253/3209 3280/3325/3280
f 3209/3253/3209 3281/3326/3281 3280/3325/3280
f 3209/3253/3209 3210/3254/3210 3281/3326/3281
f 3210/3254/3210 3282/3327/3282 3281/3326/3281
f 3210/3254/3210 3211/3255/3211 3282/3327/3282
f 3211/3255/3211 3283/3328/3283 3282/3327/3282
f 3211/3255/3211 3212/3256/3212 3283/3328/3283
f 3212/3256/3212 3284/3329/3284 3283/3328/3283
f 3212/3256/3212 3213/3257/3213 3284/3329/3284
f 3213/3257/3213 3285/3330/3285 3284/3329/3284
f 3213/3257/3213 3214/3258/3214 3285/3330/3285
f 3214/3258/3214 3286/3331/3286 3285/3330/3285
f 3214/3258/3214 3215/3259/3215 3286/3331/3286
f 3215/3259/3215 3287/3332/3287 3286/3331/3286
f 3215/3259/3215 3216/3260/3216 3287/3332/3287
f 3216/3260/3216 3288/3333/3288 3287/3332/3287
f 3216/3260/3216 3217/3261/3217 3288/3333/3288
f 3217/3261/3217 3289/3334/3289 3288/3333/3288
f 3217/3261/3217 3218/3262/3218 3289/3334/3289
f 3218/3262/3218 3290/3335/3290 3289/3334/3289
f 3218/3262/3218 3219/3263/3219 3290/3335/3290
f 3219/3263/3219 3291/3336/3291 3290/3335/3290
f 3219/3263/3219 3220/3264/3220 3291/3336/3291
f 3220/3264/3220 3292/3337/3292 3291/3336/3291
f 3220/3264/3220 3221/3265/3221 3292/3337/3292
f 3221/3265/3221 3293/3338/3293 3292/3337/3292
f 3221/3265/3221 3222/3266/3222 3293/3338/3293
f 3222/3266/3222 3294/3339/3294 3293/3338/3293
f 3222/3266/3222 3223/3267/3223 3294/3339/3294
f 3223/3267/3223 3295/3340/3295 3294/3339/3294
f 3223/3267/3223 3224/3268/3224 3295/3340/3295
f 3224/3268/3224 3296/3341/3296 3295/3340/3295
f 3224/3268/3224 3225/3269/3225 3296/3341/3296
f 3225/3269/3225 3297/3342/3297 3296/3341/3296
f 3225/3269/3225 3226/3270/3226 3297/3342/3297
f 3226/3270/3226 3298/3343/3298 3297/3342/3297
f 3226/3270/3226 3227/3271/3227 3298/3343/3298
f 3227/3271/3227 3299/3344/3299 3298/3343/3298
f 3227/3271/3227 3228/3272/3228 3299/3344/3299
f 3228/3272/3228 3300/3345/3300 3299/3344/3299
f 3228/3272/3228 3229/3273/3229 3300/3345/3300
f 3229/3273/3229 3301/3346/3301 3300/3345/3300
f 3229/3273/3229 3230/3274/3230 3301/3346/3301
f 3230/3274/3230 3302/3347/3302 3301/3346/3301
f 3230/3274/3230 3231/3275/3231 3302/3347/3302
f 3231/3275/3231 3303/3348/3303 3302/3347/3302
f 3231/3275/3231 3232/3276/3232 3303/3348/3303
f 3232/3276/3232 3304/3349/3304 3303/3348/3303
f 3232/3276/3232 3233/3277/3233 3304/3349/3304
f 3233/3277/3233 3305/3350/3305 3304/3349/3304
f 3233/3277/3233 3234/3278/3234 3305/3350/3305
f 3234/3278/3234 3306/3351/3306 3305/3350/3305
f 3234/3278/3234 3235/3279/3235 3306/3351/3306
f 3235/3279/3235 3307/3352/3307 3306/3351/3306
f 3235/3279/3235 3236/3280/3236 3307/3352/3307
f 3236/3280/3236 3308/3353/3308 3307/3352/3307
f 3236/3280/3236 3237/3281/3237 3308/3353/3308
f 3237/3281/3237 3309/3354/3309 3308/3353/3308
f 3237/3281/3237 3238/3282/3238 3309/3354/3309
f 3238/3282/3238 3310/3355/3310 3309/3354/3309
f 3238/3282/3238 3239/3283/3239 3310/3355/3310
f 3239/3283/3239 3311/3356/3311 3310/3355/3310
f 3239/3283/3239 3240/3284/3240 3311/3356/3311
f 3240/3284/3240 3312/3357/3312 3311/3356/3311
f 3240/3284/3240 3241/3285/3241 3312/3357/3312
f 3241/3285/3241 3313/3358/3313 3312/3357/3312
f 3241/3285/3241 3170/3286/3170 3313/3358/3313
f 3170/3286/3170 3242/3359/3242 3313/3358/3313
f 3242/3287/3242 3243/3288/3243 3314/3360/3314
f 3243/3288/3243 3315/3361/3315 3314/3360/3314
f 3243/3288/3243 3244/3289/3244 3315/3361/3315
f 3244/3289/3244 3316/3362/3316 3315/3361/3315
f 3244/3289/3244 3245/3290/3245 3316/3362/3316
f 3245/3290/3245 3317/3363/3317 3316/3362/3316
f 3245/3290/3245 3246/3291/3246 3317/3363/3317
f 3246/3291/3246 3318/3364/3318 3317/3363/3317
f 3246/3291/3246 3247/3292/3247 3318/3364/3318
f 3247/3292/3247 3319/3365/3319 3318/3364/3318
f 3247/3292/3247 3248/3293/3248 3319/3365/3319
f 3248/3293/3248 3320/3366/3320 3319/3365/3319
f 3248/3293/3248 3249/3294/3249 3320/3366/3320
f 3249/3294/3249 3321/3367/3321 3320/3366/3320
f 3249/3294/3249 3250/3295/3250 3321/3367/3321
f 3250/3295/3250 3322/3368/3322 3321/3367/3321
f 3250/3295/3250 3251/3296/3251 3322/3368/3322
f 3251/3296/3251 3323/3369/3323 3322/3368/3322
f 3251/3296/3251 3252/3297/3252 3323/3369/3323
f 3252/3297/3252 3324/3370/3324 3323/3369/3323
f 3252/3297/3252 3253/3298/3253 3324/3370/3324
f 3253/3298/3253 3325/3371/3325 3324/3370/3324
f 3253/3298/3253 3254/3299/3254 3325/3371/3325
f 3254/3299/3254 3326/3372/3326 3325/3371/3325
f 3254/3299/3254 3255/3300/3255 3326/3372/3326
f 3255/3300/3255 3327/3373/3327 3326/3372/3326
f 3255/3300/3255 3256/3301/3256 3327/3373/3327
f 3256/3301/3256 3328/3374/3328 3327/3373/3327
f 3256/3301/3256 3257/3302/3257 3328/3374/3328
f 3257/3302/3257 3329/3375/3329 3328/3374/3328
f 3257/3302/3257 3258/3303/3258 3329/3375/3329
f 3258/3303/3258 3330/3376/3330 3329/3375/3329
f 3258/3303/3258 3259/3304/3259 3330/3376/3330
f 3259/3304/3259 3331/3377/3331 3330/3376/3330
f 3259/3304/3259 3260/3305/3260 3331/3377/3331
f 3260/3305/3260 3332/3378/3332 3331/3377/3331
f 3260/3305/3260 3261/3306/3261 3332/3378/3332
f 3261/3306/3261 3333/3379/3333 3332/3378/3332
f 3261/3306/3261 3262/3307/3262 3333/3379/3333
f 3262/3307/3262 3334/3380/3334 3333/3379/3333
f 3262/3307/3262 3263/3308/3263 3334/3380/3334
f 3263/3308/3263 3335/3381/3335 3334/3380/3334
f 3263/3308/3263 3264/3309/3264 3335/3381/3335
f 3264/3309/3264 3336/3382/3336 3335/3381/3335
f 3264/3309/3264 3265/3310/3265 3336/3382/3336
f 3265/3310/3265 3337/3383/3337 3336/3382/3336
f 3265/3310/3265 3266/3311/3266 3337/3383/3337
f 3266/3311/3266 3338/3384/3338 3337/3383/3337
f 3266/3311/3266 3267/3312/3267 3338/3384/3338
f 3267/3312/3267 3339/3385/3339 3338/3384/3338
f 3267/3312/3267 3268/3313/3268 3339/3385/3339
f 3268/3313/3268 3340/3386/3340 3339/3385/3339
f 3268/3313/3268 3269/3314/3269 3340/3386/3340
f 3269/3314/3269 3341/3387/3341 3340/3386/3340
f 3269/3314/3269 3270/3315/3270 3341/3387/3341
f 3270/3315/3270 3342/3388/3342 3341/3387/3341
f 3270/3315/3270 3271/3316/3271 3342/3388/3342
f 3271/3316/3271 3343/3389/3343 3342/3388/3342
f 3271/3316/3271 3272/3317/3272 3343/3389/3343
f 3272/3317/3272 3344/3390/3344 3343/3389/3343
f 3272/3317/3272 3273/3318/3273 3344/3390/3344
f 3273/3318/3273 3345/3391/3345 3344/3390/3344
f 3273/3318/3273 3274/3319/3274 3345/3391/3345
f 3274/3319/3274 3346/3392/3346 3345/3391/3345
f 3274/3319/3274 3275/3320/3275 3346/3392/3346
f 3275/3320/3275 3347/3393/3347 3346/3392/3346
f 3275/3320/3275 3276/3321/3276 3347/3393/3347
f 3276/3321/3276 3348/3394/3348 3347/3393/3347
f 3276/3321/3276 3277/3322/3277 3348/3394/3348
f 3277/3322/3277 3349/3395/3349 3348/3394/3348
f 3277/3322/3277 3278/3323/3278 3349/3395/3349
f 3278/3323/3278 3350/3396/3350 3349/3395/3349
f 3278/3323/3278 3279/3324/3279 3350/3396/3350
f 3279/3324/3279 3351/3397/3351 3350/3396/3350
f 3279/3324/3279 3280/3325/3280 3351/3397/3351
f 3280/3325/3280 3352/3398/3352 3351/3397/3351
f 3280/3325/3280 3281/3326/3281 3352/3398/3352
f 3281/3326/3281 3353/3399/3353 3352/3398/3352
f 3281/3326/3281 3282/3327/3282 3353/3399/3353
f 3282/3327/3282 3354/3400/3354 3353/3399/3353
f 3282/3327/3282 3283/3328/3283 3354/3400/3354
f 3283/3328/3283 3355/3401/3355 3354/3400/3354
f 3283/3328/3283 3284/3329/3284 3355/3401/3355
f 3284/3329/3284 3356/3402/3356 3355/3401/3355
f 3284/3329/3284 3285/3330/3285 3356/3402/3356
f 3285/3330/3285 3357/3403/3357 3356/3402/3356
f 3285/3330/3285 3286/3331/3286 3357/3403/3357
f 3286/3331/3286 3358/3404/3358 3357/3403/3357
f 3286/3331/3286 3287/3332/3287 3358/3404/3358
f 3287/3332/3287 3359/3405/3359 3358/3404/3358
f 3287/3332/3287 3288/3333/3288 3359/3405/3359
f 3288/3333/3288 3360/3406/3360 3359/3405/3359
f 3288/3333/3288 3289/3334/3289 3360/3406/3360
f 3289/3334/3289 3361/3407/3361 3360/3406/3360
f 3289/3334/3289 3290/3335/3290 3361/3407/3361
f 3290/3335/3290 3362/3408/3362 3361/3407/3361
f 3290/3335/3290 3291/3336/3291 3362/3408/3362
f 3291/3336/3291 3363/3409/3363 3362/3408/3362
f 3291/3336/3291 3292/3337/3292 3363/3409/3363
f 3292/3337/3292 3364/3410/3364 3363/3409/3363
f 3292/3337/3292 3293/3338/3293 3364/3410/3364
f 3293/3338/3293 3365/3411/3365 3364/3410/3364
f 3293/3338/3293 3294/3339/3294 3365/3411/3365
f 3294/3339/3294 3366/3412/3366 3365/3411/3365
f 3294/3339/3294 3295/3340/3295 3366/3412/3366
f 3295/3340/3295 3367/3413/3367 3366/3412/3366
f 3295/3340/3295 3296/3341/3296 3367/3413/3367
f 3296/3341/3296 3368/3414/3368 3367/3413/3367
f 3296/3341/3296 3297/3342/3297 3368/3414/3368
f 3297/3342/3297 3369/3415/3369 3368/3414/3368
f 3297/3342/3297 3298/3343/3298 3369/3415/3369
f 3298/3343/3298 3370/3416/3370 3369/3415/3369
f 3298/3343/3298 3299/3344/3299 3370/3416/3370
f 3299/3344/3299 3371/3417/3371 3370/3416/3370
f 3299/3344/3299 3300/3345/3300 3371/3417/3371
f 3300/3345/3300 3372/3418/3372 3371/3417/3371
f 3300/3345/3300 3301/3346/3301 3372/3418/3372
f 3301/3346/3301 3373/3419/3373 3372/3418/3372
f 3301/3346/3301 3302/3347/3302 3373/3419/3373
f 3302/3347/3302 3374/3420/3374 3373/3419/3373
f 3302/3347/3302 3303/3348/3303 3374/3420/3374
f 3303/3348/3303 3375/3421/3375 3374/3420/3374
f 3303/3348/3303 3304/3349/3304 3375/3421/3375
f 3304/3349/3304 3376/3422/3376 3375/3421/3375
f 3304/3349/3304 3305/3350/3305 3376/3422/3376
f 3305/3350/3305 3377/3423/3377 3376/3422/3376
f 3305/3350/3305 3306/3351/3306 3377/3423/3377
f 3306/3351/3306 3378/3424/3378 3377/3423/3377
f 3306/3351/3306 3307/3352/3307 3378/3424/3378
f 3307/3352/3307 3379/3425/3379 3378/3424/3378
f 3307/3352/3307 3308/3353/3308 3379/3425/3379
f 3308/3353/3308 3380/3426/3380 3379/3425/3379
f 3308/3353/3308 3309/3354/3309 3380/3426/3380
f 3309/3354/3309 3381/3427/3381 3380/3426/3380
f 3309/3354/3309 3310/3355/3310 3381/3427/3381
f 3310/3355/3310 3382/3428/3382 3381/3427/3381
f 3310/3355/3310 3311/3356/3311 3382/3428/3382
f 3311/3356/3311 3383/3429/3383 3382/3428/3382
f 3311/3356/3311 3312/3357/3312 3383/3429/3383
f 3312/3357/3312 3384/3430/3384 3383/3429/3383
f 3312/3357/3312 3313/3358/3313 3384/3430/3384
f 3313/3358/3313 3385/3431/3385 3384/3430/3384
f 3313/3358/3313 3242/3359/3242 3385/3431/3385
f 3242/3359/3242 3314/3432/3314 3385/3431/3385
f 3314/3360/3314 3315/3361/3315 3386/3433/3386
f 3315/3361/3315 3387/3434/3387 3386/3433/3386
f 3315/3361/3315 3316/3362/3316 3387/3434/3387
f 3316/3362/3316 3388/3435/3388 3387/3434/3387
f 3316/3362/3316 3317/3363/3317 3388/3435/3388
f 3317/3363/3317 3389/3436/3389 3388/3435/3388
f 3317/3363/3317 3318/3364/3318 3389/3436/3389
f 3318/3364/3318 3390/3437/3390 3389/3436/3389
f 3318/3364/3318 3319/3365/3319 3390/3437/3390
f 3319/3365/3319 3391/3438/3391 3390/3437/3390
f 3319/3365/3319 3320/3366/3320 3391/3438/3391
f 3320/3366/3320 3392/3439/3392 3391/3438/3391
f 3320/3366/3320 3321/3367/3321 3392/3439/3392
f 3321/3367/3321 3393/3440/3393 3392/3439/3392
f 3321/3367/3321 3322/3368/3322 3393/3440/3393
f 3322/3368/3322 3394/3441/3394 3393/3440/3393
f 3322/3368/3322 3323/3369/3323 3394/3441/3394
f 3323/3369/3323 3395/3442/3395 3394/3441/3394
f 3323/3369/3323 3324/3370/3324 3395/3442/3395
f 3324/3370/3324 3396/3443/3396 3395/3442/3395
f 3324/3370/3324 3325/3371/3325 3396/3443/3396
f 3325/3371/3325 3397/3444/3397 3396/3443/3396
f 3325/3371/3325 3326/3372/3326 3397/3444/3397
f 3326/3372/3326 3398/3445/3398 3397/3444/3397
f 3326/3372/3326 3327/3373/3327 3398/3445/3398
f 3327/3373/3327 3399/3446/3399 3398/3445/3398
f 3327/3373/3327 3328/3374/3328 3399/3446/3399
f 3328/3374/3328 3400/3447/3400 3399/3446/3399
f 3328/3374/3328 3329/3375/3329 3400/3447/3400
f 3329/3375/3329 3401/3448/3401 3400/3447/3400
f 3329/3375/3329 3330/3376/3330 3401/3448/3401
f 3330/3376/3330 3402/3449/3402 3401/3448/3401
f 3330/3376/3330 3331/3377/3331 3402/3449/3402
f 3331/3377/3331 3403/3450/3403 3402/3449/3402
f 3331/3377/3331 3332/3378/3332 3403/3450/3403
f 3332/3378/3332 3404/3451/3404 3403/3450/3403
f 3332/3378/3332 3333/3379/3333 3404/3451/3404
f 3333/3379/3333 3405/3452/3405 3404/3451/3404
f 3333/3379/3333 3334/3380/3334 3405/3452/3405
f 3334/3380/3334 3406/3453/3406 3405/3452/3405
f 3334/3380/3334 3335/3381/3335 3406/3453/3406
f 3335/3381/3335 3407/3454/3407 3406/3453/3406
f 3335/3381/3335 3336/3382/3336 3407/3454/3407
f 3336/3382/3336 3408/3455/3408 3407/3454/3407
f 3336/3382/3336 3337/3383/3337 3408/3455/3408
f 3337/3383/3337 3409/3456/3409 3408/3455/3408
f 3337/3383/3337 3338/3384/3338 3409/3456/3409
f 3338/3384/3338 3410/3457/3410 3409/3456/3409
f 3338/3384/3338 3339/3385/3339 3410/3457/3410
f 3339/3385/3339 3411/3458/3411 3410/3457/3410
f 3339/3385/3339 3340/3386/3340 3411/3458/3411
f 3340/3386/3340 3412/3459/3412 3411/3458/3411
f 3340/3386/3340 3341/3387/3341 3412/3459/3412
f 3341/3387/3341 3413/3460/3413 3412/3459/3412
f 3341/3387/3341 3342/3388/3342 3413/3460/3413
f 3342/3388/3342 3414/3461/3414 3413/3460/3413
f 3342/3388/3342 3343/3389/3343 3414/3461/3414
f 3343/3389/3343 3415/3462/3415 3414/3461/3414
f 3343/3389/3343 3344/3390/3344 3415/3462/3415
f 3344/3390/3344 3416/3463/3416 3415/3462/3415
f 3344/3390/3344 3345/3391/3345 3416/3463/3416
f 3345/3391/3345 3417/3464/3417 3416/3463/3416
f 3345/3391/3345 3346/3392/3346 3417/3464/3417
f 3346/3392/3346 3418/3465/3418 3417/3464/3417
f 3346/3392/3346 3347/3393/3347 3418/3465/3418
f 3347/3393/3347 3419/3466/3419 3418/3465/3418
f 3347/3393/3347 3348/3394/3348 3419/3466/3419
f 3348/3394/3348 3420/3467/3420 3419/3466/3419
f 3348/3394/3348 3349/3395/3349 3420/3467/3420
f 3349/3395/3349 3421/3468/3421 3420/3467/3420
f 3349/3395/3349 3350/3396/3350 3421/3468/3421
f 3350/3396/3350 3422/3469/3422 3421/3468/3421
f 3350/3396/3350 3351/3397/3351 3422/3469/3422
f 3351/3397/3351 3423/3470/3423 3422/3469/3422
f 3351/3397/3351 3352/3398/3352 3423/3470/3423
f 3352/3398/3352 3424/3471/3424 3423/3470/3423
f 3352/3398/3352 3353/3399/3353 3424/3471/3424
f 3353/3399/3353 3425/3472/3425 3424/3471/3424
f 3353/3399/3353 3354/3400/3354 3425/3472/3425
f 3354/3400/3354 3426/3473/3426 3425/3472/3425
f 3354/3400/3354 3355/3401/3355 3426/3473/3426
f 3355/3401/3355 3427/3474/3427 3426/3473/3426
f 3355/3401/3355 3356/3402/3356 3427/3474/3427
f 3356/3402/3356 3428/3475/3428 3427/3474/3427
f 3356/3402/3356 3357/3403/3357 3428/3475/3428
f 3357/3403/3357 3429/3476/3429 3428/3475/3428
f 3357/3403/3357 3358/3404/3358 3429/3476/3429
f 3358/3404/3358 3430/3477/3430 3429/3476/3429
f 3358/3404/3358 3359/3405/3359 3430/3477/3430
f 3359/3405/3359 3431/3478/3431 3430/3477/3430
f 3359/3405/3359 3360/3406/3360 3431/3478/3431
f 3360/3406/3360 3432/3479/3432 3431/3478/3431
f 3360/3406/3360 3361/3407/3361 3432/3479/3432
f 3361/3407/3361 3433/3480/3433 3432/3479/3432
f 3361/3407/3361 3362/3408/3362 3433/3480/3433
f 3362/3408/3362 3434/3481/3434 3433/3480/3433
f 3362/3408/3362 3363/3409/3363 3434/3481/3434
f 3363/3409/3363 3435/3482/3435 3434/3481/3434
f 3363/3409/3363 3364/3410/3364 3435/3482/3435
f 3364/3410/3364 3436/3483/3436 3435/3482/3435
f 3364/3410/3364 3365/3411/3365 3436/3483/3436
f 3365/3411/3365 3437/3484/3437 3436/3483/3436
f 3365/3411/3365 3366/3412/3366 3437/3484/3437
f 3366/3412/3366 3438/3485/3438 3437/3484/3437
f 3366/3412/3366 3367/3413/3367 3438/3485/3438
f 3367/3413/3367 3439/3486/3439 3438/3485/3438
f 3367/3413/3367 3368/3414/3368 3439/3486/3439
f 3368/3414/3368 3440/3487/3440 3439/3486/3439
f 3368/3414/3368 3369/3415/3369 3440/3487/3440
f 3369/3415/3369 3441/3488/3441 3440/3487/3440
f 3369/3415/3369 3370/3416/3370 3441/3488/3441
f 3370/3416/3370 3442/3489/3442 3441/3488/3441
f 3370/3416/3370 3371/3417/3371 3442/3489/3442
f 3371/3417/3371 3443/3490/3443 3442/3489/3442
f 3371/3417/3371 3372/3418/3372 3443/3490/3443
f 3372/3418/3372 3444/3491/3444 3443/3490/3443
f 3372/3418/3372 3373/3419/3373 3444/3491/3444
f 3373/3419/3373 3445/3492/3445 3444/3491/3444
f 3373/3419/3373 3374/3420/3374 3445/3492/3445
f 3374/3420/3374 3446/3493/3446 3445/3492/3445
f 3374/3420/3374 3375/3421/3375 3446/3493/3446
f 3375/3421/3375 3447/3494/3447 3446/3493/3446
f 3375/3421/3375 3376/3422/3376 3447/3494/3447
f 3376/3422/3376 3448/3495/3448 3447/3494/3447
f 3376/3422/3376 3377/3423/3377 3448/3495/3448
f 3377/3423/3377 3449/3496/3449 3448/3495/3448
f 3377/3423/3377 3378/3424/3378 3449/3496/3449
f 3378/3424/3378 3450/3497/3450 3449/3496/3449
f 3378/3424/3378 3379/3425/3379 3450/3497/3450
f 3379/3425/3379 3451/3498/3451 3450/3497/3450
f 3379/3425/3379 3380/3426/3380 3451/3498/3451
f 3380/3426/3380 3452/3499/3452 3451/3498/3451
f 3380/3426/3380 3381/3427/3381 3452/3499/3452
f 3381/3427/3381 3453/3500/3453 3452/3499/3452
f 3381/3427/3381 3382/3428/3382 3453/3500/3453
f 3382/3428/3382 3454/3501/3454 3453/3500/3453
f 3382/3428/3382 3383/3429/3383 3454/3501/3454
f 3383/3429/3383 3455/3502/3455 3454/3501/3454
f 3383/3429/3383 3384/3430/3384 3455/3502/3455
f 3384/3430/3384 3456/3503/3456 3455/3502/3455
f 3384/3430/3384 3385/3431/3385 3456/3503/3456
f 3385/3431/3385 3457/3504/3457 3456/3503/3456
f 3385/3431/3385 3314/3432/3314 3457/3504/3457
f 3314/3432/3314 3386/3505/3386 3457/3504/3457
f 3386/3433/3386 3387/3434/3387 3458/3506/3458
f 3387/3434/3387 3459/3507/3459 3458/3506/3458
f 3387/3434/3387 3388/3435/3388 3459/3507/3459
f 3388/3435/3388 3460/3508/3460 3459/3507/3459
f 3388/3435/3388 3389/3436/3389 3460/3508/3460
f 3389/3436/3389 3461/3509/3461 3460/3508/3460
f 3389/3436/3389 3390/3437/3390 3461/3509/3461
f 3390/3437/3390 3462/3510/3462 3461/3509/3461
f 3390/3437/3390 3391/3438/3391 3462/3510/3462
f 3391/3438/3391 3463/3511/3463 3462/3510/3462
f 3391/3438/3391 3392/3439/3392 3463/3511/3463
f 3392/3439/3392 3464/3512/3464 3463/3511/3463
f 3392/3439/3392 3393/3440/3393 3464/3512/3464
f 3393/3440/3393 3465/3513/3465 3464/3512/3464
f 3393/3440/3393 3394/3441/3394 3465/3513/3465
f 3394/3441/3394 3466/3514/3466 3465/3513/3465
f 3394/3441/3394 3395/3442/3395 3466/3514/3466
f 3395/3442/3395 3467/3515/3467 3466/3514/3466
f 3395/3442/3395 3396/3443/3396 3467/3515/3467
f 3396/3443/3396 3468/3516/3468 3467/3515/3467
f 3396/3443/3396 3397/3444/3397 3468/3516/3468
f 3397/3444/3397 3469/3517/3469 3468/3516/3468
f 3397/3444/3397 3398/3445/3398 3469/3517/3469
f 3398/3445/3398 3470/3518/3470 3469/3517/3469
f 3398/3445/3398 3399/3446/3399 3470/3518/3470
f 3399/3446/3399 3471/3519/3471 3470/3518/3470
f 3399/3446/3399 3400/3447/3400 3471/3519/3471
f 3400/3447/3400 3472/3520/3472 3471/3519/3471
f 3400/3447/3400 3401/3448/3401 3472/3520/3472
f 3401/3448/3401 3473/3521/3473 3472/3520/3472
f 3401/3448/3401 3402/3449/3402 3473/3521/3473
f 3402/3449/3402 3474/3522/3474 3473/3521/3473
f 3402/3449/3402 3403/3450/3403 3474/3522/3474
f 3403/3450/3403 3475/3523/3475 3474/3522/3474
f 3403/3450/3403 3404/3451/3404 3475/3523/3475
f 3404/3451/3404 3476/3524/3476 3475/3523/3475
f 3404/3451/3404 3405/3452/3405 3476/3524/3476
f 3405/3452/3405 3477/3525/3477 3476/3524/3476
f 3405/3452/3405 3406/3453/3406 3477/3525/3477
f 3406/3453/3406 3478/3526/3478 3477/3525/3477
f 3406/3453/3406 3407/3454/3407 3478/3526/3478
f 3407/3454/3407 3479/3527/3479 3478/3526/3478
f 3407/3454/3407 3408/3455/3408 3479/3527/3479
f 3408/3455/3408 3480/3528/3480 3479/3527/3479
f 3408/3455/3408 3409/3456/3409 3480/3528/3480
f 3409/3456/3409 3481/3529/3481 3480/3528/3480
f 3409/3456/3409 3410/3457/3410 3481/3529/3481
f 3410/3457/3410 3482/3530/3482 3481/3529/3481
f 3410/3457/3410 3411/3458/3411 3482/3530/3482
f 3411/3458/3411 3483/3531/3483 3482/3530/3482
f 3411/3458/3411 3412/3459/3412 3483/3531/3483
f 3412/3459/3412 3484/3532/3484 3483/3531/3483
f 3412/3459/3412 3413/3460/3413 3484/3532/3484
f 3413/3460/3413 3485/3533/3485 3484/3532/3484
f 3413/3460/3413 3414/3461/3414 3485/3533/3485
f 3414/3461/3414 3486/3534/3486 3485/3533/3485
f 3414/3461/3414 3415/3462/3415 3486/3534/3486
f 3415/3462/3415 3487/3535/3487 3486/3534/3486
f 3415/3462/3415 3416/3463/3416 3487/3535/3487
f 3416/3463/3416 3488/3536/3488 3487/3535/3487
f 3416/3463/3416 3417/3464/3417 3488/3536/3488
f 3417/3464/3417 3489/3537/3489 3488/3536/3488
f 3417/3464/3417 3418/3465/3418 3489/3537/3489
f 3418/3465/3418 3490/3538/3490 3489/3537/3489
f 3418/3465/3418 3419/3466/3419 3490/3538/3490
f 3419/3466/3419 3491/3539/3491 3490/3538/3490
f 3419/3466/3419 3420/3467/3420 3491/3539/3491
f 3420/3467/3420 3492/3540/3492 3491/3539/3491
f 3420/3467/3420 3421/3468/3421 3492/3540/3492
f 3421/3468/3421 3493/3541/3493 3492/3540/3492
f 3421/3468/3421 3422/3469/3422 3493/3541/3493
f 3422/3469/3422 3494/3542/3494 3493/3541/3493
f 3422/3469/3422 3423/3470/3423 3494/3542/3494
f 3423/3470/3423 3495/3543/3495 3494/3542/3494
f 3423/3470/3423 3424/3471/3424 3495/3543/3495
f 3424/3471/3424 3496/3544/3496 3495/3543/3495
f 3424/3471/3424 3425/3472/3425 3496/3544/3496
f 3425/3472/3425 3497/3545/3497 3496/3544/3496
f 3425/3472/3425 3426/3473/3426 3497/3545/3497
f 3426/3473/3426 3498/3546/3498 3497/3545/3497
f 3426/3473/3426 3427/3474/3427 3498/3546/3498
f 3427/3474/3427 3499/3547/3499 3498/3546/3498
f 3427/3474/3427 3428/3475/3428 3499/3547/3499
f 3428/3475/3428 3500/3548/3500 3499/3547/3499
f 3428/3475/3428 3429/3476/3429 3500/3548/3500
f 3429/3476/3429 3501/3549/3501 3500/3548/3500
f 3429/3476/3429 3430/3477/3430 3501/3549/3501
f 3430/3477/3430 3502/3550/3502 3501/3549/3501
f 3430/3477/3430 3431/3478/3431 3502/3550/3502
f 3431/3478/3431 3503/3551/3503 3502/3550/3502
f 3431/3478/3431 3432/3479/3432 3503/3551/3503
f 3432/3479/3432 3504/3552/3504 3503/3551/3503
f 3432/3479/3432 3433/3480/3433 3504/3552/3504
f 3433/3480/3433 3505/3553/3505 3504/3552/3504
f 3433/3480/3433 3434/3481/3434 3505/3553/3505
f 3434/3481/3434 3506/3554/3506 3505/3553/3505
f 3434/3481/3434 3435/3482/3435 3506/3554/3506
f 3435/3482/3435 3507/3555/3507 3506/3554/3506
f 3435/3482/3435 3436/3483/3436 3507/3555/3507
f 3436/3483/3436 3508/3556/3508 3507/3555/3507
f 3436/3483/3436 3437/3484/3437 3508/3556/3508
f 3437/3484/3437 3509/3557/3509 3508/3556/3508
f 3437/3484/3437 3438/3485/3438 3509/3557/3509
f 3438/3485/3438 3510/3558/3510 3509/3557/3509
f 3438/3485/3438 3439/3486/3439 3510/3558/3510
f 3439/3486/3439 3511/3559/3511 3510/3558/3510
f 3439/3486/3439 3440/3487/3440 3511/3559/3511
f 3440/3487/3440 3512/3560/3512 3511/3559/3511
f 3440/3487/3440 3441/3488/3441 3512/3560/3512
f 3441/3488/3441 3513/3561/3513 3512/3560/3512
f 3441/3488/3441 3442/3489/3442 3513/3561/3513
f 3442/3489/3442 3514/3562/3514 3513/3561/3513
f 3442/3489/3442 3443/3490/3443 3514/3562/3514
f 3443/3490/3443 3515/3563/3515 3514/3562/3514
f 3443/3490/3443 3444/3491/3444 3515/3563/3515
f 3444/3491/3444 3516/3564/3516 3515/3563/3515
f 3444/3491/3444 3445/3492/3445 3516/3564/3516
f 3445/3492/3445 3517/3565/3517 3516/3564/3516
f 3445/3492/3445 3446/3493/3446 3517/3565/3517
f 3446/3493/3446 3518/3566/3518 3517/3565/3517
f 3446/3493/3446 3447/3494/3447 3518/3566/3518
f 3447/3494/3447 3519/3567/3519 3518/3566/3518
f 3447/3494/3447 3448/3495/3448 3519/3567/3519
f 3448/3495/3448 3520/3568/3520 3519/3567/3519
f 3448/3495/3448 3449/3496/3449 3520/3568/3520
f 3449/3496/3449 3521/3569/3521 3520/3568/3520
f 3449/3496/3449 3450/3497/3450 3521/3569/3521
f 3450/3497/3450 3522/3570/3522 3521/3569/3521
f 3450/3497/3450 3451/3498/3451 3522/3570/3522
f 3451/3498/3451 3523/3571/3523 3522/3570/3522
f 3451/3498/3451 3452/3499/3452 3523/3571/3523
f 3452/3499/3452 3524/3572/3524 3523/3571/3523
f 3452/3499/3452 3453/3500/3453 3524/3572/3524
f 3453/3500/3453 3525/3573/3525 3524/3572/3524
f 3453/3500/3453 3454/3501/3454 3525/3573/3525
f 3454/3501/3454 3526/3574/3526 3525/3573/3525
f 3454/3501/3454 3455/3502/3455 3526/3574/3526
f 3455/3502/3455 3527/3575/3527 3526/3574/3526
f 3455/3502/3455 3456/3503/3456 3527/3575/3527
f 3456/3503/3456 3528/3576/3528 3527/3575/3527
f 3456/3503/3456 3457/3504/3457 3528/3576/3528
f 3457/3504/3457 3529/3577/3529 3528/3576/3528
f 3457/3504/3457 3386/3505/3386 3529/3577/3529
f 3386/3505/3386 3458/3578/3458 3529/3577/3529
f 3458/3506/3458 3459/3507/3459 3530/3579/3530
f 3459/3507/3459 3531/3580/3531 3530/3579/3530
f 3459/3507/3459 3460/3508/3460 3531/3580/3531
f 3460/3508/3460 3532/3581/3532 3531/3580/3531
f 3460/3508/3460 3461/3509/3461 3532/3581/3532
f 3461/3509/3461 3533/3582/3533 3532/3581/3532
f 3461/3509/3461 3462/3510/3462 3533/3582/3533
f 3462/3510/3462 3534/3583/3534 3533/3582/3533
f 3462/3510/3462 3463/3511/3463 3534/3583/3534
f 3463/3511/3463 3535/3584/3535 3534/3583/3534
f 3463/3511/3463 3464/3512/3464 3535/3584/3535
f 3464/3512/3464 3536/3585/3536 3535/3584/3535
f 3464/3512/3464 3465/3513/3465 3536/3585/3536
f 3465/3513/3465 3537/3586/3537 3536/3585/3536
f 3465/3513/3465 3466/3514/3466 3537/3586/3537
f 3466/3514/3466 3538/3587/3538 3537/3586/3537
f 3466/3514/3466 3467/3515/3467 3538/3587/3538
f 3467/3515/3467 3539/3588/3539 3538/3587/3538
f 3467/3515/3467 3468/3516/3468 3539/3588/3539
f 3468/3516/3468 3540/3589/3540 3539/3588/3539
f 3468/3516/3468 3469/3517/3469 3540/3589/3540
f 3469/3517/3469 3541/3590/3541 3540/3589/3540
f 3469/3517/3469 3470/3518/3470 3541/3590/3541
f 3470/3518/3470 3542/3591/3542 3541/3590/3541
f 3470/3518/3470 3471/3519/3471 3542/3591/3542
f 3471/3519/3471 3543/3592/3543 3542/3591/3542
f 3471/3519/3471 3472/3520/3472 3543/3592/3543
f 3472/3520/3472 3544/3593/3544 3543/3592/3543
f 3472/3520/3472 3473/3521/3473 3544/3593/3544
f 3473/3521/3473 3545/3594/3545 3544/3593/3544
f 3473/3521/3473 3474/3522/3474 3545/3594/3545
f 3474/3522/3474 3546/3595/3546 3545/3594/3545
f 3474/3522/3474 3475/3523/3475 3546/3595/3546
f 3475/3523/3475 3547/3596/3547 3546/3595/3546
f 3475/3523/3475 3476/3524/3476 3547/3596/3547
f 3476/3524/3476 3548/3597/3548 3547/3596/3547
f 3476/3524/3476 3477/3525/3477 3548/3597/3548
f 3477/3525/3477 3549/3598/3549 3548/3597/3548
f 3477/3525/3477 3478/3526/3478 3549/3598/3549
f 3478/3526/3478 3550/3599/3550 3549/3598/3549
f 3478/3526/3478 3479/3527/3479 3550/3599/3550
f 3479/3527/3479 3551/3600/3551 3550/3599/3550
f 3479/3527/3479 3480/3528/3480 3551/3600/3551
f 3480/3528/3480 3552/3601/3552 3551/3600/3551
f 3480/3528/3480 3481/3529/3481 3552/3601/3552
f 3481/3529/3481 3553/3602/3553 3552/3601/3552
f 3481/3529/3481 3482/3530/3482 3553/3602/3553
f 3482/3530/3482 3554/3603/3554 3553/3602/3553
f 3482/3530/3482 3483/3531/3483 3554/3603/3554
f 3483/3531/3483 3555/3604/3555 3554/3603/3554
f 3483/3531/3483 3484/3532/3484 3555/3604/3555
f 3484/3532/3484 3556/3605/3556 3555/3604/3555
f 3484/3532/3484 3485/3533/3485 3556/3605/3556
f 3485/3533/3485 3557/3606/3557 3556/3605/3556
f 3485/3533/3485 3486/3534/3486 3557/3606/3557
f 3486/3534/3486 3558/3607/3558 3557/3606/3557
f 3486/3534/3486 3487/3535/3487 3558/3607/3558
f 3487/3535/3487 3559/3608/3559 3558/3607/3558
f 3487/3535/3487 3488/3536/3488 3559/3608/3559
f 3488/3536/3488 3560/3609/3560 3559/3608/3559
f 3488/3536/3488 3489/3537/3489 3560/3609/3560
f 3489/3537/3489 3561/3610/3561 3560/3609/3560
f 3489/3537/3489 3490/3538/3490 3561/3610/3561
f 3490/3538/3490 3562/3611/3562 3561/3610/3561
f 3490/3538/3490 3491/3539/3491 3562/3611/3562
f 3491/3539/3491 3563/3612/3563 3562/3611/3562
f 3491/3539/3491 3492/3540/3492 3563/3612/3563
f 3492/3540/3492 3564/3613/3564 3563/3612/3563
f 3492/3540/3492 3493/3541/3493 3564/3613/3564
f 3493/3541/3493 3565/3614/3565 3564/3613/3564
f 3493/3541/3493 3494/3542/3494 3565/3614/3565
f 3494/3542/3494 3566/3615/3566 3565/3614/3565
f 3494/3542/3494 3495/3543/3495 3566/3615/3566
f 3495/3543/3495 3567/3616/3567 3566/3615/3566
f 3495/3543/3495 3496/3544/3496 3567/3616/3567
f 3496/3544/3496 3568/3617/3568 3567/3616/3567
f 3496/3544/3496 3497/3545/3497 3568/3617/3568
f 3497/3545/3497 3569/3618/3569 3568/3617/3568
f 3497/3545/3497 3498/3546/3498 3569/3618/3569
f 3498/3546/3498 3570/3619/3570 3569/3618/3569
f 3498/3546/3498 3499/3547/3499 3570/3619/3570
f 3499/3547/3499 3571/3620/3571 3570/3619/3570
f 3499/3547/3499 3500/3548/3500 3571/3620/3571
f 3500/3548/3500 3572/3621/3572 3571/3620/3571
f 3500/3548/3500 3501/3549/3501 3572/3621/3572
f 3501/3549/3501 3573/3622/3573 3572/3621/3572
f 3501/3549/3501 3502/3550/3502 3573/3622/3573
f 3502/3550/3502 3574/3623/3574 3573/3622/3573
f 3502/3550/3502 3503/3551/3503 3574/3623/3574
f 3503/3551/3503 3575/3624/3575 3574/3623/3574
f 3503/3551/3503 3504/3552/3504 3575/3624/3575
f 3504/3552/3504 3576/3625/3576 3575/3624/3575
f 3504/3552/3504 3505/3553/3505 3576/3625/3576
f 3505/3553/3505 3577/3626/3577 3576/3625/3576
f 3505/3553/3505 3506/3554/3506 3577/3626/3577
f 3506/3554/3506 3578/3627/3578 3577/3626/3577
f 3506/3554/3506 3507/3555/3507 3578/3627/3578
f 3507/3555/3507 3579/3628/3579 3578/3627/3578
f 3507/3555/3507 3508/3556/3508 3579/3628/3579
f 3508/3556/3508 3580/3629/3580 3579/3628/3579
f 3508/3556/3508 3509/3557/3509 3580/3629/3580
f 3509/3557/3509 3581/3630/3581 3580/3629/3580
f 3509/3557/3509 3510/3558/3510 3581/3630/3581
f 3510/3558/3510 3582/3631/3582 3581/3630/3581
f 3510/3558/3510 3511/3559/3511 3582/3631/3582
f 3511/3559/3511 3583/3632/3583 3582/3631/3582
f 3511/3559/3511 3512/3560/3512 3583/3632/3583
f 3512/3560/3512 3584/3633/3584 3583/3632/3583
f 3512/3560/3512 3513/3561/3513 3584/3633/3584
f 3513/3561/3513 3585/3634/3585 3584/3633/3584
f 3513/3561/3513 3514/3562/3514 3585/3634/3585
f 3514/3562/3514 3586/3635/3586 3585/3634/3585
f 3514/3562/3514 3515/3563/3515 3586/3635/3586
f 3515/3563/3515 3587/3636/3587 3586/3635/3586
f 3515/3563/3515 3516/3564/3516 3587/3636/3587
f 3516/3564/3516 3588/3637/3588 3587/3636/3587
f 3516/3564/3516 3517/3565/3517 3588/3637/3588
f 3517/3565/3517 3589/3638/3589 3588/3637/3588
f 3517/3565/3517 3518/3566/3518 3589/3638/3589
f 3518/3566/3518 3590/3639/3590 3589/3638/3589
f 3518/3566/3518 3519/3567/3519 3590/3639/3590
f 3519/3567/3519 3591/3640/3591 3590/3639/3590
f 3519/3567/3519 3520/3568/3520 3591/3640/3591
f 3520/3568/3520 3592/3641/3592 3591/3640/3591
f 3520/3568/3520 3521/3569/3521 3592/3641/3592
f 3521/3569/3521 3593/3642/3593 3592/3641/3592
f 3521/3569/3521 3522/3570/3522 3593/3642/3593
f 3522/3570/3522 3594/3643/3594 3593/3642/3593
f 3522/3570/3522 3523/3571/3523 3594/3643/3594
f 3523/3571/3523 3595/3644/3595 3594/3643/3594
f 3523/3571/3523 3524/3572/3524 3595/3644/3595
f 3524/3572/3524 3596/3645/3596 3595/3644/3595
f 3524/3572/3524 3525/3573/3525 3596/3645/3596
f 3525/3573/3525 3597/3646/3597 3596/3645/3596
f 3525/3573/3525 3526/3574/3526 3597/3646/3597
f 3526/3574/3526 3598/3647/3598 3597/3646/3597
f 3526/3574/3526 3527/3575/3527 3598/3647/3598
f 3527/3575/3527 3599/3648/3599 3598/3647/3598
f 3527/3575/3527 3528/3576/3528 3599/3648/3599
f 3528/3576/3528 3600/3649/3600 3599/3648/3599
f 3528/3576/3528 3529/3577/3529 3600/3649/3600
f 3529/3577/3529 3601/3650/3601 3600/3649/3600
f 3529/3577/3529 3458/3578/3458 3601/3650/3601
f 3458/3578/3458 3530/3651/3530 3601/3650/3601
f 3530/3579/3530 3531/3580/3531 3602/3652/3602
f 3531/3580/3531 3603/3653/3603 3602/3652/3602
f 3531/3580/3531 3532/3581/3532 3603/3653/3603
f 3532/3581/3532 3604/3654/3604 3603/3653/3603
f 3532/3581/3532 3533/3582/3533 3604/3654/3604
f 3533/3582/3533 3605/3655/3605 3604/3654/3604
f 3533/3582/3533 3534/3583/3534 3605/3655/3605
f 3534/3583/3534 3606/3656/3606 3605/3655/3605
f 3534/3583/3534 3535/3584/3535 3606/3656/3606
f 3535/3584/3535 3607/3657/3607 3606/3656/3606
f 3535/3584/3535 3536/3585/3536 3607/3657/3607
f 3536/3585/3536 3608/3658/3608 3607/3657/3607
f 3536/3585/3536 3537/3586/3537 3608/3658/3608
f 3537/3586/3537 3609/3659/3609 3608/3658/3608
f 3537/3586/3537 3538/3587/3538 3609/3659/3609
f 3538/3587/3538 3610/3660/3610 3609/3659/3609
f 3538/3587/3538 3539/3588/3539 3610/3660/3610
f 3539/3588/3539 3611/3661/3611 3610/3660/3610
f 3539/3588/3539 3540/3589/3540 3611/3661/3611
f 3540/3589/3540 3612/3662/3612 3611/3661/3611
f 3540/3589/3540 3541/3590/3541 3612/3662/3612
f 3541/3590/3541 3613/3663/3613 3612/3662/3612
f 3541/3590/3541 3542/3591/3542 3613/3663/3613
f 3542/3591/3542 3614/3664/3614 3613/3663/3613
f 3542/3591/3542 3543/3592/3543 3614/3664/3614
f 3543/3592/3543 3615/3665/3615 3614/3664/3614
f 3543/3592/3543 3544/3593/3544 3615/3665/3615
f 3544/3593/3544 3616/3666/3616 3615/3665/3615
f 3544/3593/3544 3545/3594/3545 3616/3666/3616
f 3545/3594/3545 3617/3667/3617 3616/3666/3616
f 3545/3594/3545 3546/3595/3546 3617/3667/3617
f 3546/3595/3546 3618/3668/3618 3617/3667/3617
f 3546/3595/3546 3547/3596/3547 3618/3668/3618
f 3547/3596/3547 3619/3669/3619 3618/3668/3618
f 3547/3596/3547 3548/3597/3548 3619/3669/3619
f 3548/3597/3548 3620/3670/3620 3619/3669/3619
f 3548/3597/3548 3549/3598/3549 3620/3670/3620
f 3549/3598/3549 3621/3671/3621 3620/3670/3620
f 3549/3598/3549 3550/3599/3550 3621/3671/3621
f 3550/3599/3550 3622/3672/3622 3621/3671/3621
f 3550/3599/3550 3551/3600/3551 3622/3672/3622
f 3551/3600/3551 3623/3673/3623 3622/3672/3622
f 3551/3600/3551 3552/3601/3552 3623/3673/3623
f 3552/3601/3552 3624/3674/3624 3623/3673/3623
f 3552/3601/3552 3553/3602/3553 3624/3674/3624
f 3553/3602/3553 3625/3675/3625 3624/3674/3624
f 3553/3602/3553 3554/3603/3554 3625/3675/3625
f 3554/3603/3554 3626/3676/3626 3625/3675/3625
f 3554/3603/3554 3555/3604/3555 3626/3676/3626
f 3555/3604/3555 3627/3677/3627 3626/3676/3626
f 3555/3604/3555 3556/3605/3556 3627/3677/3627
f 3556/3605/3556 3628/3678/3628 3627/3677/3627
f 3556/3605/3556 3557/3606/3557 3628/3678/3628
f 3557/3606/3557 3629/3679/3629 3628/3678/3628
f 3557/3606/3557 3558/3607/3558 3629/3679/3629
f 3558/3607/3558 3630/3680/3630 3629/3679/3629
f 3558/3607/3558 3559/3608/3559 3630/3680/3630
f 3559/3608/3559 3631/3681/3631 3630/3680/3630
f 3559/3608/3559 3560/3609/3560 3631/3681/3631
f 3560/3609/3560 3632/3682/3632 3631/3681/3631
f 3560/3609/3560 3561/3610/3561 3632/3682/3632
f 3561/3610/3561 3633/3683/3633 3632/3682/3632
f 3561/3610/3561 3562/3611/3562 3633/3683/3633
f 3562/3611/3562 3634/3684/3634 3633/3683/3633
f 3562/3611/3562 3563/3612/3563 3634/3684/3634
f 3563/3612/3563 3635/3685/3635 3634/3684/3634
f 3563/3612/3563 3564/3613/3564 3635/3685/3635
f 3564/3613/3564 3636/3686/3636 3635/3685/3635
f 3564/3613/3564 3565/3614/3565 3636/3686/3636
f 3565/3614/3565 3637/3687/3637 3636/3686/3636
f 3565/3614/3565 3566/3615/3566 3637/3687/3637
f 3566/3615/3566 3638/3688/3638 3637/3687/3637
f 3566/3615/3566 3567/3616/3567 3638/3688/3638
f 3567/3616/3567 3639/3689/3639 3638/3688/3638
f 3567/3616/3567 3568/3617/3568 3639/3689/3639
f 3568/3617/3568 3640/3690/3640 3639/3689/3639
f 3568/3617/3568 3569/3618/3569 3640/3690/3640
f 3569/3618/3569 3641/3691/3641 3640/3690/3640
f 3569/3618/3569 3570/3619/3570 3641/3691/3641
f 3570/3619/3570 3642/3692/3642 3641/3691/3641
f 3570/3619/3570 3571/3620/3571 3642/3692/3642
f 3571/3620/3571 3643/3693/3643 3642/3692/3642
f 3571/3620/3571 3572/3621/3572 3643/3693/3643
f 3572/3621/3572 3644/3694/3644 3643/3693/3643
f 3572/3621/3572 3573/3622/3573 3644/3694/3644
f 3573/3622/3573 3645/3695/3645 3644/3694/3644
f 3573/3622/3573 3574/3623/3574 3645/3695/3645
f 3574/3623/3574 3646/3696/3646 3645/3695/3645
f 3574/3623/3574 3575/3624/3575 3646/3696/3646
f 3575/3624/3575 3647/3697/3647 3646/3696/3646
f 3575/3624/3575 3576/3625/3576 3647/3697/3647
f 3576/3625/3576 3648/3698/3648 3647/3697/3647
f 3576/3625/3576 3577/3626/3577 3648/3698/3648
f 3577/3626/3577 3649/3699/3649 3648/3698/3648
f 3577/3626/3577 3578/3627/3578 3649/3699/3649
f 3578/3627/3578 3650/3700/3650 3649/3699/3649
f 3578/3627/3578 3579/3628/3579 3650/3700/3650
f 3579/3628/3579 3651/3701/3651 3650/3700/3650
f 3579/3628/3579 3580/3629/3580 3651/3701/3651
f 3580/3629/3580 3652/3702/3652 3651/3701/3651
f 3580/3629/3580 3581/3630/3581 3652/3702/3652
f 3581/3630/3581 3653/3703/3653 3652/3702/3652
f 3581/3630/3581 3582/3631/3582 3653/3703/3653
f 3582/3631/3582 3654/3704/3654 3653/3703/3653
f 3582/3631/3582 3583/3632/3583 3654/3704/3654
f 3583/3632/3583 3655/3705/3655 3654/3704/3654
f 3583/3632/3583 3584/3633/3584 3655/3705/3655
f 3584/3633/3584 3656/3706/3656 3655/3705/3655
f 3584/3633/3584 3585/3634/3585 3656/3706/3656
f 3585/3634/3585 3657/3707/3657 3656/3706/3656
f 3585/3634/3585 3586/3635/3586 3657/3707/3657
f 3586/3635/3586 3658/3708/3658 3657/3707/3657
f 3586/3635/3586 3587/3636/3587 3658/3708/3658
f 3587/3636/3587 3659/3709/3659 3658/3708/3658
f 3587/3636/3587 3588/3637/3588 3659/3709/3659
f 3588/3637/3588 3660/3710/3660 3659/3709/3659
f 3588/3637/3588 3589/3638/3589 3660/3710/3660
f 3589/3638/3589 3661/3711/3661 3660/3710/3660
f 3589/3638/3589 3590/3639/3590 3661/3711/3661
f 3590/3639/3590 3662/3712/3662 3661/3711/3661
f 3590/3639/3590 3591/3640/3591 3662/3712/3662
f 3591/3640/3591 3663/3713/3663 3662/3712/3662
f 3591/3640/3591 3592/3641/3592 3663/3713/3663
f 3592/3641/3592 3664/3714/3664 3663/3713/3663
f 3592/3641/3592 3593/3642/3593 3664/3714/3664
f 3593/3642/3593 3665/3715/3665 3664/3714/3664
f 3593/3642/3593 3594/3643/3594 3665/3715/3665
f 3594/3643/3594 3666/3716/3666 3665/3715/3665
f 3594/3643/3594 3595/3644/3595 3666/3716/3666
f 3595/3644/3595 3667/3717/3667 3666/3716/3666
f 3595/3644/3595 3596/3645/3596 3667/3717/3667
f 3596/3645/3596 3668/3718/3668 3667/3717/3667
f 3596/3645/3596 3597/3646/3597 3668/3718/3668
f 3597/3646/3597 3669/3719/3669 3668/3718/3668
f 3597/3646/3597 3598/3647/3598 3669/3719/3669
f 3598/3647/3598 3670/3720/3670 3669/3719/3669
f 3598/3647/3598 3599/3648/3599 3670/3720/3670
f 3599/3648/3599 3671/3721/3671 3670/3720/3670
f 3599/3648/3599 3600/3649/3600 3671/3721/3671
f 3600/3649/3600 3672/3722/3672 3671/3721/3671
f 3600/3649/3600 3601/3650/3601 3672/3722/3672
f 3601/3650/3601 3673/3723/3673 3672/3722/3672
f 3601/3650/3601 3530/3651/3530 3673/3723/3673
f 3530/3651/3530 3602/3724/3602 3673/3723/3673
f 3602/3652/3602 3603/3653/3603 3674/3725/3674
f 3603/3653/3603 3675/3726/3675 3674/3725/3674
f 3603/3653/3603 3604/3654/3604 3675/3726/3675
f 3604/3654/3604 3676/3727/3676 3675/3726/3675
f 3604/3654/3604 3605/3655/3605 3676/3727/3676
f 3605/3655/3605 3677/3728/3677 3676/3727/3676
f 3605/3655/3605 3606/3656/3606 3677/3728/3677
f 3606/3656/3606 3678/3729/3678 3677/3728/3677
f 3606/3656/3606 3607/3657/3607 3678/3729/3678
f 3607/3657/3607 3679/3730/3679 3678/3729/3678
f 3607/3657/3607 3608/3658/3608 3679/3730/3679
f 3608/3658/3608 3680/3731/3680 3679/3730/3679
f 3608/3658/3608 3609/3659/3609 3680/3731/3680
f 3609/3659/3609 3681/3732/3681 3680/3731/3680
f 3609/3659/3609 3610/3660/3610 3681/3732/3681
f 3610/3660/3610 3682/3733/3682 3681/3732/3681
f 3610/3660/3610 3611/3661/3611 3682/3733/3682
f 3611/3661/3611 3683/3734/3683 3682/3733/3682
f 3611/3661/3611 3612/3662/3612 3683/3734/3683
f 3612/3662/3612 3684/3735/3684 3683/3734/3683
f 3612/3662/3612 3613/3663/3613 3684/3735/3684
f 3613/3663/3613 3685/3736/3685 3684/3735/3684
f 3613/3663/3613 3614/3664/3614 3685/3736/3685
f 3614/3664/3614 3686/3737/3686 3685/3736/3685
f 3614/3664/3614 3615/3665/3615 3686/3737/3686
f 3615/3665/3615 3687/3738/3687 3686/3737/3686
f 3615/3665/3615 3616/3666/3616 3687/3738/3687
f 3616/3666/3616 3688/3739/3688 3687/3738/3687
f 3616/3666/3616 3617/3667/3617 3688/3739/3688
f 3617/3667/3617 3689/3740/3689 3688/3739/3688
f 3617/3667/3617 3618/3668/3618 3689/3740/3689
f 3618/3668/3618 3690/3741/3690 3689/3740/3689
f 3618/3668/3618 3619/3669/3619 3690/3741/3690
f 3619/3669/3619 3691/3742/3691 3690/3741/3690
f 3619/3669/3619 3620/3670/3620 3691/3742/3691
f 3620/3670/3620 3692/3743/3692 3691/3742/3691
f 3620/3670/3620 3621/3671/3621 3692/3743/3692
f 3621/3671/3621 3693/3744/3693 3692/3743/3692
f 3621/3671/3621 3622/3672/3622 3693/3744/3693
f 3622/3672/3622 3694/3745/3694 3693/3744/3693
f 3622/3672/3622 3623/3673/3623 3694/3745/3694
f 3623/3673/3623 3695/3746/3695 3694/3745/3694
f 3623/3673/3623 3624/3674/3624 3695/3746/3695
f 3624/3674/3624 3696/3747/3696 3695/3746/3695
f 3624/3674/3624 3625/3675/3625 3696/3747/3696
f 3625/3675/3625 3697/3748/3697 3696/3747/3696
f 3625/3675/3625 3626/3676/3626 3697/3748/3697
f 3626/3676/3626 3698/3749/3698 3697/3748/3697
f 3626/3676/3626 3627/3677/3627 3698/3749/3698
f 3627/3677/3627 3699/3750/3699 3698/3749/3698
f 3627/3677/3627 3628/3678/3628 3699/3750/3699
f 3628/3678/3628 3700/3751/3700 3699/3750/3699
f 3628/3678/3628 3629/3679/3629 3700/3751/3700
f 3629/3679/3629 3701/3752/3701 3700/3751/3700
f 3629/3679/3629 3630/3680/3630 3701/3752/3701
f 3630/3680/3630 3702/3753/3702 3701/3752/3701
f 3630/3680/3630 3631/3681/3631 3702/3753/3702
f 3631/3681/3631 3703/3754/3703 3702/3753/3702
f 3631/3681/3631 3632/3682/3632 3703/3754/3703
f 3632/3682/3632 3704/3755/3704 3703/3754/3703
f 3632/3682/3632 3633/3683/3633 3704/3755/3704
f 3633/3683/3633 3705/3756/3705 3704/3755/3704
f 3633/3683/3633 3634/3684/3634 3705/3756/3705
f 3634/3684/3634 3706/3757/3706 3705/3756/3705
f 3634/3684/3634 3635/3685/3635 3706/3757/3706
f 3635/3685/3635 3707/3758/3707 3706/3757/3706
f 3635/3685/3635 3636/3686/3636 3707/3758/3707
f 3636/3686/3636 3708/3759/3708 3707/3758/3707
f 3636/3686/3636 3637/3687/3637 3708/3759/3708
f 3637/3687/3637 3709/3760/3709 3708/3759/3708
f 3637/3687/3637 3638/3688/3638 3709/3760/3709
f 3638/3688/3638 3710/3761/3710 3709/3760/3709
f 3638/3688/3638 3639/3689/3639 3710/3761/3710
f 3639/3689/3639 3711/3762/3711 3710/3761/3710
f 3639/3689/3639 3640/3690/3640 3711/3762/3711
f 3640/3690/3640 3712/3763/3712 3711/3762/3711
f 3640/3690/3640 3641/3691/3641 3712/3763/3712
f 3641/3691/3641 3713/3764/3713 3712/3763/3712
f 3641/3691/3641 3642/3692/3642 3713/3764/3713
f 3642/3692/3642 3714/3765/3714 3713/3764/3713
f 3642/3692/3642 3643/3693/3643 3714/3765/3714
f 3643/3693/3643 3715/3766/3715 3714/3765/3714
f 3643/3693/3643 3644/3694/3644 3715/3766/3715
f 3644/3694/3644 3716/3767/3716 3715/3766/3715
f 3644/3694/3644 3645/3695/3645 3716/3767/3716
f 3645/3695/3645 3717/3768/3717 3716/3767/3716
f 3645/3695/3645 3646/3696/3646 3717/3768/3717
f 3646/3696/3646 3718/3769/3718 3717/3768/3717
f 3646/3696/3646 3647/3697/3647 3718/3769/3718
f 3647/3697/3647 3719/3770/3719 3718/3769/3718
f 3647/3697/3647 3648/3698/3648 3719/3770/3719
f 3648/3698/3648 3720/3771/3720 3719/3770/3719
f 3648/3698/3648 3649/3699/3649 3720/3771/3720
f 3649/3699/3649 3721/3772/3721 3720/3771/3720
f 3649/3699/3649 3650/3700/3650 3721/3772/3721
f 3650/3700/3650 3722/3773/3722 3721/3772/3721
f 3650/3700/3650 3651/3701/3651 3722/3773/3722
f 3651/3701/3651 3723/3774/3723 3722/3773/3722
f 3651/3701/3651 3652/3702/3652 3723/3774/3723
f 3652/3702/3652 3724/3775/3724 3723/3774/3723
f 3652/3702/3652 3653/3703/3653 3724/3775/3724
f 3653/3703/3653 3725/3776/3725 3724/3775/3724
f 3653/3703/3653 3654/3704/3654 3725/3776/3725
f 3654/3704/3654 3726/3777/3726 3725/3776/3725
f 3654/3704/3654 3655/3705/3655 3726/3777/3726
f 3655/3705/3655 3727/3778/3727 3726/3777/3726
f 3655/3705/3655 3656/3706/3656 3727/3778/3727
f 3656/3706/3656 3728/3779/3728 3727/3778/3727
f 3656/3706/3656 3657/3707/3657 3728/3779/3728
f 3657/3707/3657 3729/3780/3729 3728/3779/3728
f 3657/3707/3657 3658/3708/3658 3729/3780/3729
f 3658/3708/3658 3730/3781/3730 3729/3780/3729
f 3658/3708/3658 3659/3709/3659 3730/3781/3730
f 3659/3709/3659 3731/3782/3731 3730/3781/3730
f 3659/3709/3659 3660/3710/3660 3731/3782/3731
f 3660/3710/3660 3732/3783/3732 3731/3782/3731
f 3660/3710/3660 3661/3711/3661 3732/3783/3732
f 3661/3711/3661 3733/3784/3733 3732/3783/3732
f 3661/3711/3661 3662/3712/3662 3733/3784/3733
f 3662/3712/3662 3734/3785/3734 3733/3784/3733
f 3662/3712/3662 3663/3713/3663 3734/3785/3734
f 3663/3713/3663 3735/3786/3735 3734/3785/3734
f 3663/3713/3663 3664/3714/3664 3735/3786/3735
f 3664/3714/3664 3736/3787/3736 3735/3786/3735
f 3664/3714/3664 3665/3715/3665 3736/3787/3736
f 3665/3715/3665 3737/3788/3737 3736/3787/3736
f 3665/3715/3665 3666/3716/3666 3737/3788/3737
f 3666/3716/3666 3738/3789/3738 3737/3788/3737
f 3666/3716/3666 3667/3717/3667 3738/3789/3738
f 3667/3717/3667 3739/3790/3739 3738/3789/3738
f 3667/3717/3667 3668/3718/3668 3739/3790/3739
f 3668/3718/3668 3740/3791/3740 3739/3790/3739
f 3668/3718/3668 3669/3719/3669 3740/3791/3740
f 3669/3719/3669 3741/3792/3741 3740/3791/3740
f 3669/3719/3669 3670/3720/3670 3741/3792/3741
f 3670/3720/3670 3742/3793/3742 3741/3792/3741
f 3670/3720/3670 3671/3721/3671 3742/3793/3742
f 3671/3721/3671 3743/3794/3743 3742/3793/3742
f 3671/3721/3671 3672/3722/3672 3743/3794/3743
f 3672/3722/3672 3744/3795/3744 3743/3794/3743
f 3672/3722/3672 3673/3723/3673 3744/3795/3744
f 3673/3723/3673 3745/3796/3745 3744/3795/3744
f 3673/3723/3673 3602/3724/3602 3745/3796/3745
f 3602/3724/3602 3674/3797/3674 3745/3796/3745
f 3674/3725/3674 3675/3726/3675 3746/3798/3746
f 3675/3726/3675 3747/3799/3747 3746/3798/3746
f 3675/3726/3675 3676/3727/3676 3747/3799/3747
f 3676/3727/3676 3748/3800/3748 3747/3799/3747
f 3676/3727/3676 3677/3728/3677 3748/3800/3748
f 3677/3728/3677 3749/3801/3749 3748/3800/3748
f 3677/3728/3677 3678/3729/3678 3749/3801/3749
f 3678/3729/3678 3750/3802/3750 3749/3801/3749
f 3678/3729/3678 3679/3730/3679 3750/3802/3750
f 3679/3730/3679 3751/3803/3751 3750/3802/3750
f 3679/3730/3679 3680/3731/3680 3751/3803/3751
f 3680/3731/3680 3752/3804/3752 3751/3803/3751
f 3680/3731/3680 3681/3732/3681 3752/3804/3752
f 3681/3732/3681 3753/3805/3753 3752/3804/3752
f 3681/3732/3681 3682/3733/3682 3753/3805/3753
f 3682/3733/3682 3754/3806/3754 3753/3805/3753
f 3682/3733/3682 3683/3734/3683 3754/3806/3754
f 3683/3734/3683 3755/3807/3755 3754/3806/3754
f 3683/3734/3683 3684/3735/3684 3755/3807/3755
f 3684/3735/3684 3756/3808/3756 3755/3807/3755
f 3684/3735/3684 3685/3736/3685 3756/3808/3756
f 3685/3736/3685 3757/3809/3757 3756/3808/3756
f 3685/3736/3685 3686/3737/3686 3757/3809/3757
f 3686/3737/3686 3758/3810/3758 3757/3809/3757
f 3686/3737/3686 3687/3738/3687 3758/3810/3758
f 3687/3738/3687 3759/3811/3759 3758/3810/3758
f 3687/3738/3687 3688/3739/3688 3759/3811/3759
f 3688/3739/3688 3760/3812/3760 3759/3811/3759
f 3688/3739/3688 3689/3740/3689 3760/3812/3760
f 3689/3740/3689 3761/3813/3761 3760/3812/3760
f 3689/3740/3689 3690/3741/3690 3761/3813/3761
f 3690/3741/3690 3762/3814/3762 3761/3813/3761
f 3690/3741/3690 3691/3742/3691 3762/3814/3762
f 3691/3742/3691 3763/3815/3763 3762/3814/3762
f 3691/3742/3691 3692/3743/3692 3763/3815/3763
f 3692/3743/3692 3764/3816/3764 3763/3815/3763
f 3692/3743/3692 3693/3744/3693 3764/3816/3764
f 3693/3744/3693 3765/3817/3765 3764/3816/3764
f 3693/3744/3693 3694/3745/3694 3765/3817/3765
f 3694/3745/3694 3766/3818/3766 3765/3817/3765
f 3694/3745/3694 3695/3746/3695 3766/3818/3766
f 3695/3746/3695 3767/3819/3767 3766/3818/3766
f 3695/3746/3695 3696/3747/3696 3767/3819/3767
f 3696/3747/3696 3768/3820/3768 3767/3819/3767
f 3696/3747/3696 3697/3748/3697 3768/3820/3768
f 3697/3748/3697 3769/3821/3769 3768/3820/3768
f 3697/3748/3697 3698/3749/3698 3769/3821/3769
f 3698/3749/3698 3770/3822/3770 3769/3821/3769
f 3698/3749/3698 3699/3750/3699 3770/3822/3770
f 3699/3750/3699 3771/3823/3771 3770/3822/3770
f 3699/3750/3699 3700/3751/3700 3771/3823/3771
f 3700/3751/3700 3772/3824/3772 3771/3823/3771
f 3700/3751/3700 3701/3752/3701 3772/3824/3772
f 3701/3752/3701 3773/3825/3773 3772/3824/3772
f 3701/3752/3701 3702/3753/3702 3773/3825/3773
f 3702/3753/3702 3774/3826/3774 3773/3825/3773
f 3702/3753/3702 3703/3754/3703 3774/3826/3774
f 3703/3754/3703 3775/3827/3775 3774/3826/3774
f 3703/3754/3703 3704/3755/3704 3775/3827/3775
f 3704/3755/3704 3776/3828/3776 3775/3827/3775
f 3704/3755/3704 3705/3756/3705 3776/3828/3776
f 3705/3756/3705 3777/3829/3777 3776/3828/3776
f 3705/3756/3705 3706/3757/3706 3777/3829/3777
f 3706/3757/3706 3778/3830/3778 3777/3829/3777
f 3706/3757/3706 3707/3758/3707 3778/3830/3778
f 3707/3758/3707 3779/3831/3779 3778/3830/3778
f 3707/3758/3707 3708/3759/3708 3779/3831/3779
f 3708/3759/3708 3780/3832/3780 3779/3831/3779
f 3708/3759/3708 3709/3760/3709 3780/3832/3780
f 3709/3760/3709 3781/3833/3781 3780/3832/3780
f 3709/3760/3709 3710/3761/3710 3781/3833/3781
f 3710/3761/3710 3782/3834/3782 3781/3833/3781
f 3710/3761/3710 3711/3762/3711 3782/3834/3782
f 3711/3762/3711 3783/3835/3783 3782/3834/3782
f 3711/3762/3711 3712/3763/3712 3783/3835/3783
f 3712/3763/3712 3784/3836/3784 3783/3835/3783
f 3712/3763/3712 3713/3764/3713 3784/3836/3784
f 3713/3764/3713 3785/3837/3785 3784/3836/3784
f 3713/3764/3713 3714/3765/3714 3785/3837/3785
f 3714/3765/3714 3786/3838/3786 3785/3837/3785
f 3714/3765/3714 3715/3766/3715 3786/3838/3786
f 3715/3766/3715 3787/3839/3787 3786/3838/3786
f 3715/3766/3715 3716/3767/3716 3787/3839/3787
f 3716/3767/3716 3788/3840/3788 3787/3839/3787
f 3716/3767/3716 3717/3768/3717 3788/3840/3788
f 3717/3768/3717 3789/3841/3789 3788/3840/3788
f 3717/3768/3717 3718/3769/3718 3789/3841/3789
f 3718/3769/3718 3790/3842/3790 3789/3841/3789
f 3718/3769/3718 3719/3770/3719 3790/3842/3790
f 3719/3770/3719 3791/3843/3791 3790/3842/3790
f 3719/3770/3719 3720/3771/3720 3791/3843/3791
f 3720/3771/3720 3792/3844/3792 3791/3843/3791
f 3720/3771/3720 3721/3772/3721 3792/3844/3792
f 3721/3772/3721 3793/3845/3793 3792/3844/3792
f 3721/3772/3721 3722/3773/3722 3793/3845/3793
f 3722/3773/3722 3794/3846/3794 3793/3845/3793
f 3722/3773/3722 3723/3774/3723 3794/3846/3794
f 3723/3774/3723 3795/3847/3795 3794/3846/3794
f 3723/3774/3723 3724/3775/3724 3795/3847/3795
f 3724/3775/3724 3796/3848/3796 3795/3847/3795
f 3724/3775/3724 3725/3776/3725 3796/3848/3796
f 3725/3776/3725 3797/3849/3797 3796/3848/3796
f 3725/3776/3725 3726/3777/3726 3797/3849/3797
f 3726/3777/3726 3798/3850/3798 3797/3849/3797
f 3726/3777/3726 3727/3778/3727 3798/3850/3798
f 3727/3778/3727 3799/3851/3799 3798/3850/3798
f 3727/3778/3727 3728/3779/3728 3799/3851/3799
f 3728/3779/3728 3800/3852/3800 3799/3851/3799
f 3728/3779/3728 3729/3780/3729 3800/3852/3800
f 3729/3780/3729 3801/3853/3801 3800/3852/3800
f 3729/3780/3729 3730/3781/3730 3801/3853/3801
f 3730/3781/3730 3802/3854/3802 3801/3853/3801
f 3730/3781/3730 3731/3782/3731 3802/3854/3802
f 3731/3782/3731 3803/3855/3803 3802/3854/3802
f 3731/3782/3731 3732/3783/3732 3803/3855/3803
f 3732/3783/3732 3804/3856/3804 3803/3855/3803
f 3732/3783/3732 3733/3784/3733 3804/3856/3804
f 3733/3784/3733 3805/3857/3805 3804/3856/3804
f 3733/3784/3733 3734/3785/3734 3805/3857/3805
f 3734/3785/3734 3806/3858/3806 3805/3857/3805
f 3734/3785/3734 3735/3786/3735 3806/3858/3806
f 3735/3786/3735 3807/3859/3807 3806/3858/3806
f 3735/3786/3735 3736/3787/3736 3807/3859/3807
f 3736/3787/3736 3808/3860/3808 3807/3859/3807
f 3736/3787/3736 3737/3788/3737 3808/3860/3808
f 3737/3788/3737 3809/3861/3809 3808/3860/3808
f 3737/3788/3737 3738/3789/3738 3809/3861/3809
f 3738/3789/3738 3810/3862/3810 3809/3861/3809
f 3738/3789/3738 3739/3790/3739 3810/3862/3810
f 3739/3790/3739 3811/3863/3811 3810/3862/3810
f 3739/3790/3739 3740/3791/3740 3811/3863/3811
f 3740/3791/3740 3812/3864/3812 3811/3863/3811
f 3740/3791/3740 3741/3792/3741 3812/3864/3812
f 3741/3792/3741 3813/3865/3813 3812/3864/3812
f 3741/3792/3741 3742/3793/3742 3813/3865/3813
f 3742/3793/3742 3814/3866/3814 3813/3865/3813
f 3742/3793/3742 3743/3794/3743 3814/3866/3814
f 3743/3794/3743 3815/3867/3815 3814/3866/3814
f 3743/3794/3743 3744/3795/3744 3815/3867/3815
f 3744/3795/3744 3816/3868/3816 3815/3867/3815
f 3744/3795/3744 3745/3796/3745 3816/3868/3816
f 3745/3796/3745 3817/3869/3817 3816/3868/3816
f 3745/3796/3745 3674/3797/3674 3817/3869/3817
f 3674/3797/3674 3746/3870/3746 3817/3869/3817
f 3746/3798/3746 3747/3799/3747 3818/3871/3818
f 3747/3799/3747 3819/3872/3819 3818/3871/3818
f 3747/3799/3747 3748/3800/3748 3819/3872/3819
f 3748/3800/3748 3820/3873/3820 3819/3872/3819
f 3748/3800/3748 3749/3801/3749 3820/3873/3820
f 3749/3801/3749 3821/3874/3821 3820/3873/3820
f 3749/3801/3749 3750/3802/3750 3821/3874/3821
f 3750/3802/3750 3822/3875/3822 3821/3874/3821
f 3750/3802/3750 3751/3803/3751 3822/3875/3822
f 3751/3803/3751 3823/3876/3823 3822/3875/3822
f 3751/3803/3751 3752/3804/3752 3823/3876/3823
f 3752/3804/3752 3824/3877/3824 3823/3876/3823
f 3752/3804/3752 3753/3805/3753 3824/3877/3824
f 3753/3805/3753 3825/3878/3825 3824/3877/3824
f 3753/3805/3753 3754/3806/3754 3825/3878/3825
f 3754/3806/3754 3826/3879/3826 3825/3878/3825
f 3754/3806/3754 3755/3807/3755 3826/3879/3826
f 3755/3807/3755 3827/3880/3827 3826/3879/3826
f 3755/3807/3755 3756/3808/3756 3827/3880/3827
f 3756/3808/3756 3828/3881/3828 3827/3880/3827
f 3756/3808/3756 3757/3809/3757 3828/3881/3828
f 3757/3809/3757 3829/3882/3829 3828/3881/3828
f 3757/3809/3757 3758/3810/3758 3829/3882/3829
f 3758/3810/3758 3830/3883/3830 3829/3882/3829
f 3758/3810/3758 3759/3811/3759 3830/3883/3830
f 3759/3811/3759 3831/3884/3831 3830/3883/3830
f 3759/3811/3759 3760/3812/3760 3831/3884/3831
f 3760/3812/3760 3832/3885/3832 3831/3884/3831
f 3760/3812/3760 3761/3813/3761 3832/3885/3832
f 3761/3813/3761 3833/3886/3833 3832/3885/3832
f 3761/3813/3761 3762/3814/3762 3833/3886/3833
f 3762/3814/3762 3834/3887/3834 3833/3886/3833
f 3762/3814/3762 3763/3815/3763 3834/3887/3834
f 3763/3815/3763 3835/3888/3835 3834/3887/3834
f 3763/3815/3763 3764/3816/3764 3835/3888/3835
f 3764/3816/3764 3836/3889/3836 3835/3888/3835
f 3764/3816/3764 3765/3817/3765 3836/3889/3836
f 3765/3817/3765 3837/3890/3837 3836/3889/3836
f 3765/3817/3765 3766/3818/3766 3837/3890/3837
f 3766/3818/3766 3838/3891/3838 3837/3890/3837
f 3766/3818/3766 3767/3819/3767 3838/3891/3838
f 3767/3819/3767 3839/3892/3839 3838/3891/3838
f 3767/3819/3767 3768/3820/3768 3839/3892/3839
f 3768/3820/3768 3840/3893/3840 3839/3892/3839
f 3768/3820/3768 3769/3821/3769 3840/3893/3840
f 3769/3821/3769 3841/3894/3841 3840/3893/3840
f 3769/3821/3769 3770/3822/3770 3841/3894/3841
f 3770/3822/3770 3842/3895/3842 3841/3894/3841
f 3770/3822/3770 3771/3823/3771 3842/3895/3842
f 3771/3823/3771 3843/3896/3843 3842/3895/3842
f 3771/3823/3771 3772/3824/3772 3843/3896/3843
f 3772/3824/3772 3844/3897/3844 3843/3896/3843
f 3772/3824/3772 3773/3825/3773 3844/3897/3844
f 3773/3825/3773 3845/3898/3845 3844/3897/3844
f 3773/3825/3773 3774/3826/3774 3845/3898/3845
f 3774/3826/3774 3846/3899/3846 3845/3898/3845
f 3774/3826/3774 3775/3827/3775 3846/3899/3846
f 3775/3827/3775 3847/3900/3847 3846/3899/3846
f 3775/3827/3775 3776/3828/3776 3847/3900/3847
f 3776/3828/3776 3848/3901/3848 3847/3900/3847
f 3776/3828/3776 3777/3829/3777 3848/3901/3848
f 3777/3829/3777 3849/3902/3849 3848/3901/3848
f 3777/3829/3777 3778/3830/3778 3849/3902/3849
f 3778/3830/3778 3850/3903/3850 3849/3902/3849
f 3778/3830/3778 3779/3831/3779 3850/3903/3850
f 3779/3831/3779 3851/3904/3851 3850/3903/3850
f 3779/3831/3779 3780/3832/3780 3851/3904/3851
f 3780/3832/3780 3852/3905/3852 3851/3904/3851
f 3780/3832/3780 3781/3833/3781 3852/3905/3852
f 3781/3833/3781 3853/3906/3853 3852/3905/3852
f 3781/3833/3781 3782/3834/3782 3853/3906/3853
f 3782/3834/3782 3854/3907/3854 3853/3906/3853
f 3782/3834/3782 3783/3835/3783 3854/3907/3854
f 3783/3835/3783 3855/3908/3855 3854/3907/3854
f 3783/3835/3783 3784/3836/3784 3855/3908/3855
f 3784/3836/3784 3856/3909/3856 3855/3908/3855
f 3784/3836/3784 3785/3837/3785 3856/3909/3856
f 3785/3837/3785 3857/3910/3857 3856/3909/3856
f 3785/3837/3785 3786/3838/3786 3857/3910/3857
f 3786/3838/3786 3858/3911/3858 3857/3910/3857
f 3786/3838/3786 3787/3839/3787 3858/3911/3858
f 3787/3839/3787 3859/3912/3859 3858/3911/3858
f 3787/3839/3787 3788/3840/3788 3859/3912/3859
f 3788/3840/3788 3860/3913/3860 3859/3912/3859
f 3788/3840/3788 3789/3841/3789 3860/3913/3860
f 3789/3841/3789 3861/3914/3861 3860/3913/3860
f 3789/3841/3789 3790/3842/3790 3861/3914/3861
f 3790/3842/3790 3862/3915/3862 3861/3914/3861
f 3790/3842/3790 3791/3843/3791 3862/3915/3862
f 3791/3843/3791 3863/3916/3863 3862/3915/3862
f 3791/3843/3791 3792/3844/3792 3863/3916/3863
f 3792/3844/3792 3864/3917/3864 3863/3916/3863
f 3792/3844/3792 3793/3845/3793 3864/3917/3864
f 3793/3845/3793 3865/3918/3865 3864/3917/3864
f 3793/3845/3793 3794/3846/3794 3865/3918/3865
f 3794/3846/3794 3866/3919/3866 3865/3918/3865
f 3794/3846/3794 3795/3847/3795 3866/3919/3866
f 3795/3847/3795 3867/3920/3867 3866/3919/3866
f 3795/3847/3795 3796/3848/3796 3867/3920/3867
f 3796/3848/3796 3868/3921/3868 3867/3920/3867
f 3796/3848/3796 3797/3849/3797 3868/3921/3868
f 3797/3849/3797 3869/3922/3869 3868/3921/3868
f 3797/3849/3797 3798/3850/3798 3869/3922/3869
f 3798/3850/3798 3870/3923/3870 3869/3922/3869
f 3798/3850/3798 3799/3851/3799 3870/3923/3870
f 3799/3851/3799 3871/3924/3871 3870/3923/3870
f 3799/3851/3799 3800/3852/3800 3871/3924/3871
f 3800/3852/3800 3872/3925/3872 3871/3924/3871
f 3800/3852/3800 3801/3853/3801 3872/3925/3872
f 3801/3853/3801 3873/3926/3873 3872/3925/3872
f 3801/3853/3801 3802/3854/3802 3873/3926/3873
f 3802/3854/3802 3874/3927/3874 3873/3926/3873
f 3802/3854/3802 3803/3855/3803 3874/3927/3874
f 3803/3855/3803 3875/3928/3875 3874/3927/3874
f 3803/3855/3803 3804/3856/3804 3875/3928/3875
f 3804/3856/3804 3876/3929/3876 3875/3928/3875
f 3804/3856/3804 3805/3857/3805 3876/3929/3876
f 3805/3857/3805 3877/3930/3877 3876/3929/3876
f 3805/3857/3805 3806/3858/3806 3877/3930/3877
f 3806/3858/3806 3878/3931/3878 3877/3930/3877
f 3806/3858/3806 3807/3859/3807 3878/3931/3878
f 3807/3859/3807 3879/3932/3879 3878/3931/3878
f 3807/3859/3807 3808/3860/3808 3879/3932/3879
f 3808/3860/3808 3880/3933/3880 3879/3932/3879
f 3808/3860/3808 3809/3861/3809 3880/3933/3880
f 3809/3861/3809 3881/3934/3881 3880/3933/3880
f 3809/3861/3809 3810/3862/3810 3881/3934/3881
f 3810/3862/3810 3882/3935/3882 3881/3934/3881
f 3810/3862/3810 3811/3863/3811 3882/3935/3882
f 3811/3863/3811 3883/3936/3883 3882/3935/3882
f 3811/3863/3811 3812/3864/3812 3883/3936/3883
f 3812/3864/3812 3884/3937/3884 3883/3936/3883
f 3812/3864/3812 3813/3865/3813 3884/3937/3884
f 3813/3865/3813 3885/3938/3885 3884/3937/3884
f 3813/3865/3813 3814/3866/3814 3885/3938/3885
f 3814/3866/3814 3886/3939/3886 3885/3938/3885
f 3814/3866/3814 3815/3867/3815 3886/3939/3886
f 3815/3867/3815 3887/3940/3887 3886/3939/3886
f 3815/3867/3815 3816/3868/3816 3887/3940/3887
f 3816/3868/3816 3888/3941/3888 3887/3940/3887
f 3816/3868/3816 3817/3869/3817 3888/3941/3888
f 3817/3869/3817 3889/3942/3889 3888/3941/3888
f 3817/3869/3817 3746/3870/3746 3889/3942/3889
f 3746/3870/3746 3818/3943/3818 3889/3942/3889
f 3818/3871/3818 3819/3872/3819 3890/3944/3890
f 3819/3872/3819 3891/3945/3891 3890/3944/3890
f 3819/3872/3819 3820/3873/3820 3891/3945/3891
f 3820/3873/3820 3892/3946/3892 3891/3945/3891
f 3820/3873/3820 3821/3874/3821 3892/3946/3892
f 3821/3874/3821 3893/3947/3893 3892/3946/3892
f 3821/3874/3821 3822/3875/3822 3893/3947/3893
f 3822/3875/3822 3894/3948/3894 3893/3947/3893
f 3822/3875/3822 3823/3876/3823 3894/3948/3894
f 3823/3876/3823 3895/3949/3895 3894/3948/3894
f 3823/3876/3823 3824/3877/3824 3895/3949/3895
f 3824/3877/3824 3896/3950/3896 3895/3949/3895
f 3824/3877/3824 3825/3878/3825 3896/3950/3896
f 3825/3878/3825 3897/3951/3897 3896/3950/3896
f 3825/3878/3825 3826/3879/3826 3897/3951/3897
f 3826/3879/3826 3898/3952/3898 3897/3951/3897
f 3826/3879/3826 3827/3880/3827 3898/3952/3898
f 3827/3880/3827 3899/3953/3899 3898/3952/3898
f 3827/3880/3827 3828/3881/3828 3899/3953/3899
f 3828/3881/3828 3900/3954/3900 3899/3953/3899
f 3828/3881/3828 3829/3882/3829 3900/3954/3900
f 3829/3882/3829 3901/3955/3901 3900/3954/3900
f 3829/3882/3829 3830/3883/3830 3901/3955/3901
f 3830/3883/3830 3902/3956/3902 3901/3955/3901
f 3830/3883/3830 3831/3884/3831 3902/3956/3902
f 3831/3884/3831 3903/3957/3903 3902/3956/3902
f 3831/3884/3831 3832/3885/3832 3903/3957/3903
f 3832/3885/3832 3904/3958/3904 3903/3957/3903
f 3832/3885/3832 3833/3886/3833 3904/3958/3904
f 3833/3886/3833 3905/3959/3905 3904/3958/3904
f 3833/3886/3833 3834/3887/3834 3905/3959/3905
f 3834/3887/3834 3906/3960/3906 3905/3959/3905
f 3834/3887/3834 3835/3888/3835 3906/3960/3906
f 3835/3888/3835 3907/3961/3907 3906/3960/3906
f 3835/3888/3835 3836/3889/3836 3907/3961/3907
f 3836/3889/3836 3908/3962/3908 3907/3961/3907
f 3836/3889/3836 3837/3890/3837 3908/3962/3908
f 3837/3890/3837 3909/3963/3909 3908/3962/3908
f 3837/3890/3837 3838/3891/3838 3909/3963/3909
f 3838/3891/3838 3910/3964/3910 3909/3963/3909
f 3838/3891/3838 3839/3892/3839 3910/3964/3910
f 3839/3892/3839 3911/3965/3911 3910/3964/3910
f 3839/3892/3839 3840/3893/3840 3911/3965/3911
f 3840/3893/3840 3912/3966/3912 3911/3965/3911
f 3840/3893/3840 3841/3894/3841 3912/3966/3912
f 3841/3894/3841 3913/3967/3913 3912/3966/3912
f 3841/3894/3841 3842/3895/3842 3913/3967/3913
f 3842/3895/3842 3914/3968/3914 3913/3967/3913
f 3842/3895/3842 3843/3896/3843 3914/3968/3914
f 3843/3896/3843 3915/3969/3915 3914/3968/3914
f 3843/3896/3843 3844/3897/3844 3915/3969/3915
f 3844/3897/3844 3916/3970/3916 3915/3969/3915
f 3844/3897/3844 3845/3898/3845 3916/3970/3916
f 3845/3898/3845 3917/3971/3917 3916/3970/3916
f 3845/3898/3845 3846/3899/3846 3917/3971/3917
f 3846/3899/3846 3918/3972/3918 3917/3971/3917
f 3846/3899/3846 3847/3900/3847 3918/3972/3918
f 3847/3900/3847 3919/3973/3919 3918/3972/3918
f 3847/3900/3847 3848/3901/3848 3919/3973/3919
f 3848/3901/3848 3920/3974/3920 3919/3973/3919
f 3848/3901/3848 3849/3902/3849 3920/3974/3920
f 3849/3902/3849 3921/3975/3921 3920/3974/3920
f 3849/3902/3849 3850/3903/3850 3921/3975/3921
f 3850/3903/3850 3922/3976/3922 3921/3975/3921
f 3850/3903/3850 3851/3904/3851 3922/3976/3922
f 3851/3904/3851 3923/3977/3923 3922/3976/3922
f 3851/3904/3851 3852/3905/3852 3923/3977/3923
f 3852/3905/3852 3924/3978/3924 3923/3977/3923
f 3852/3905/3852 3853/3906/3853 3924/3978/3924
f 3853/3906/3853 3925/3979/3925 3924/3978/3924
f 3853/3906/3853 3854/3907/3854 3925/3979/3925
f 3854/3907/3854 3926/3980/3926 3925/3979/3925
f 3854/3907/3854 3855/3908/3855 3926/3980/3926
f 3855/3908/3855 3927/3981/3927 3926/3980/3926
f 3855/3908/3855 3856/3909/3856 3927/3981/3927
f 3856/3909/3856 3928/3982/3928 3927/3981/3927
f 3856/3909/3856 3857/3910/3857 3928/3982/3928
f 3857/3910/3857 3929/3983/3929 3928/3982/3928
f 3857/3910/3857 3858/3911/3858 3929/3983/3929
f 3858/3911/3858 3930/3984/3930 3929/3983/3929
f 3858/3911/3858 3859/3912/3859 3930/3984/3930
f 3859/3912/3859 3931/3985/3931 3930/3984/3930
f 3859/3912/3859 3860/3913/3860 3931/3985/3931
f 3860/3913/3860 3932/3986/3932 3931/3985/3931
f 3860/3913/3860 3861/3914/3861 3932/3986/3932
f 3861/3914/3861 3933/3987/3933 3932/3986/3932
f 3861/3914/3861 3862/3915/3862 3933/3987/3933
f 3862/3915/3862 3934/3988/3934 3933/3987/3933
f 3862/3915/3862 3863/3916/3863 3934/3988/3934
f 3863/3916/3863 3935/3989/3935 3934/3988/3934
f 3863/3916/3863 3864/3917/3864 3935/3989/3935
f 3864/3917/3864 3936/3990/3936 3935/3989/3935
f 3864/3917/3864 3865/3918/3865 3936/3990/3936
f 3865/3918/3865 3937/3991/3937 3936/3990/3936
f 3865/3918/3865 3866/3919/3866 3937/3991/3937
f 3866/3919/3866 3938/3992/3938 3937/3991/3937
f 3866/3919/3866 3867/3920/3867 3938/3992/3938
f 3867/3920/3867 3939/3993/3939 3938/3992/3938
f 3867/3920/3867 3868/3921/3868 3939/3993/3939
f 3868/3921/3868 3940/3994/3940 3939/3993/3939
f 3868/3921/3868 3869/3922/3869 3940/3994/3940
f 3869/3922/3869 3941/3995/3941 3940/3994/3940
f 3869/3922/3869 3870/3923/3870 3941/3995/3941
f 3870/3923/3870 3942/3996/3942 3941/3995/3941
f 3870/3923/3870 3871/3924/3871 3942/3996/3942
f 3871/3924/3871 3943/3997/3943 3942/3996/3942
f 3871/3924/3871 3872/3925/3872 3943/3997/3943
f 3872/3925/3872 3944/3998/3944 3943/3997/3943
f 3872/3925/3872 3873/3926/3873 3944/3998/3944
f 3873/3926/3873 3945/3999/3945 3944/3998/3944
f 3873/3926/3873 3874/3927/3874 3945/3999/3945
f 3874/3927/3874 3946/4000/3946 3945/3999/3945
f 3874/3927/3874 3875/3928/3875 3946/4000/3946
f 3875/3928/3875 3947/4001/3947 3946/4000/3946
f 3875/3928/3875 3876/3929/3876 3947/4001/3947
f 3876/3929/3876 3948/4002/3948 3947/4001/3947
f 3876/3929/3876 3877/3930/3877 3948/4002/3948
f 3877/3930/3877 3949/4003/3949 3948/4002/3948
f 3877/3930/3877 3878/3931/3878 3949/4003/3949
f 3878/3931/3878 3950/4004/3950 3949/4003/3949
f 3878/3931/3878 3879/3932/3879 3950/4004/3950
f 3879/3932/3879 3951/4005/3951 3950/4004/3950
f 3879/3932/3879 3880/3933/3880 3951/4005/3951
f 3880/3933/3880 3952/4006/3952 3951/4005/3951
f 3880/3933/3880 3881/3934/3881 3952/4006/3952
f 3881/3934/3881 3953/4007/3953 3952/4006/3952
f 3881/3934/3881 3882/3935/3882 3953/4007/3953
f 3882/3935/3882 3954/4008/3954 3953/4007/3953
f 3882/3935/3882 3883/3936/3883 3954/4008/3954
f 3883/3936/3883 3955/4009/3955 3954/4008/3954
f 3883/3936/3883 3884/3937/3884 3955/4009/3955
f 3884/3937/3884 3956/4010/3956 3955/4009/3955
f 3884/3937/3884 3885/3938/3885 3956/4010/3956
f 3885/3938/3885 3957/4011/3957 3956/4010/3956
f 3885/3938/3885 3886/3939/3886 3957/4011/3957
f 3886/3939/3886 3958/4012/3958 3957/4011/3957
f 3886/3939/3886 3887/3940/3887 3958/4012/3958
f 3887/3940/3887 3959/4013/3959 3958/4012/3958
f 3887/3940/3887 3888/3941/3888 3959/4013/3959
f 3888/3941/3888 3960/4014/3960 3959/4013/3959
f 3888/3941/3888 3889/3942/3889 3960/4014/3960
f 3889/3942/3889 3961/4015/3961 3960/4014/3960
f 3889/3942/3889 3818/3943/3818 3961/4015/3961
f 3818/3943/3818 3890/4016/3890 3961/4015/3961
f 3890/3944/3890 3891/3945/3891 3962/4017/3962
f 3891/3945/3891 3892/3946/3892 3962/4017/3962
f 3892/3946/3892 3893/3947/3893 3962/4017/3962
f 3893/3947/3893 3894/3948/3894 3962/4017/3962
f 3894/3948/3894 3895/3949/3895 3962/4017/3962
f 3895/3949/3895 3896/3950/3896 3962/4017/3962
f 3896/3950/3896 3897/3951/3897 3962/4017/3962
f 3897/3951/3897 3898/3952/3898 3962/4017/3962
f 3898/3952/3898 3899/3953/3899 3962/4017/3962
f 3899/3953/3899 3900/3954/3900 3962/4017/3962
f 3900/3954/3900 3901/3955/3901 3962/4017/3962
f 3901/3955/3901 3902/3956/3902 3962/4017/3962
f 3902/3956/3902 3903/3957/3903 3962/4017/3962
f 3903/3957/3903 3904/3958/3904 3962/4017/3962
f 3904/3958/3904 3905/3959/3905 3962/4017/3962
f 3905/3959/3905 3906/3960/3906 3962/4017/3962
f 3906/3960/3906 3907/3961/3907 3962/4017/3962
f 3907/3961/3907 3908/3962/3908 3962/4017/3962
f 3908/3962/3908 3909/3963/3909 3962/4017/3962
f 3909/3963/3909 3910/3964/3910 3962/4017/3962
f 3910/3964/3910 3911/3965/3911 3962/4017/3962
f 3911/3965/3911 3912/3966/3912 3962/4017/3962
f 3912/3966/3912 3913/3967/3913 3962/4017/3962
f 3913/3967/3913 3914/3968/3914 3962/4017/3962
f 3914/3968/3914 3915/3969/3915 3962/4017/3962
f 3915/3969/3915 3916/3970/3916 3962/4017/3962
f 3916/3970/3916 3917/3971/3917 3962/4017/3962
f 3917/3971/3917 3918/3972/3918 3962/4017/3962
f 3918/3972/3918 3919/3973/3919 3962/4017/3962
f 3919/3973/3919 3920/3974/3920 3962/4017/3962
f 3920/3974/3920 3921/3975/3921 3962/4017/3962
f 3921/3975/3921 3922/3976/3922 3962/4017/3962
f 3922/3976/3922 3923/3977/3923 3962/4017/3962
f 3923/3977/3923 3924/3978/3924 3962/4017/3962
f 3924/3978/3924 3925/3979/3925 3962/4017/3962
f 3925/3979/3925 3926/3980/3926 3962/4017/3962
f 3926/3980/3926 3927/3981/3927 3962/4017/3962
f 3927/3981/3927 3928/3982/3928 3962/4017/3962
f 3928/3982/3928 3929/3983/3929 3962/4017/3962
f 3929/3983/3929 3930/3984/3930 3962/4017/3962
f 3930/3984/3930 3931/3985/3931 3962/4017/3962
f 3931/3985/3931 3932/3986/3932 3962/4017/3962
f 3932/3986/3932 3933/3987/3933 3962/4017/3962
f 3933/3987/3933 3934/3988/3934 3962/4017/3962
f 3934/3988/3934 3935/3989/3935 3962/4017/3962
f 3935/3989/3935 3936/3990/3936 3962/4017/3962
f 3936/3990/3936 3937/3991/3937 3962/4017/3962
f 3937/3991/3937 3938/3992/3938 3962/4017/3962
f 3938/3992/3938 3939/3993/3939 3962/4017/3962
f 3939/3993/3939 3940/3994/3940 3962/4017/3962
f 3940/3994/3940 3941/3995/3941 3962/4017/3962
f 3941/3995/3941 3942/3996/3942 3962/4017/3962
f 3942/3996/3942 3943/3997/3943 3962/4017/3962
f 3943/3997/3943 3944/3998/3944 3962/4017/3962
f 3944/3998/3944 3945/3999/3945 3962/4017/3962
f 3945/3999/3945 3946/4000/3946 3962/4017/3962
f 3946/4000/3946 3947/4001/3947 3962/4017/3962
f 3947/4001/3947 3948/4002/3948 3962/4017/3962
f 3948/4002/3948 3949/4003/3949 3962/4017/3962
f 3949/4003/3949 3950/4004/3950 3962/4017/3962
f 3950/4004/3950 3951/4005/3951 3962/4017/3962
f 3951/4005/3951 3952/4006/3952 3962/4017/3962
f 3952/4006/3952 3953/4007/3953 3962/4017/3962
f 3953/4007/3953 3954/4008/3954 3962/4017/3962
f 3954/4008/3954 3955/4009/3955 3962/4017/3962
f 3955/4009/3955 3956/4010/3956 3962/4017/3962
f 3956/4010/3956 3957/4011/3957 3962/4017/3962
f 3957/4011/3957 3958/4012/3958 3962/4017/3962
f 3958/4012/3958 3959/4013/3959 3962/4017/3962
f 3959/4013/3959 3960/4014/3960 3962/4017/3962
f 3960/4014/3960 3961/4015/3961 3962/4017/3962
f 3961/4015/3961 3890/4016/3890 3962/4017/3962
